swanlab: Tracking run with swanlab version 0.7.20
swanlab: Run data will be saved locally in /root/wanqinghua/MTR/tools/swanlog/run-20260819_184513-f4iskr9rspbbp7th2pajn
swanlab: 👋 Hi alva_wan,welcome to swanlab!
swanlab: Syncing run mtr_with_qcnet_v1 to the cloud
swanlab: 🏠 View project at https://swanlab.cn/@alva_wan/MTR
swanlab: 🚀 View run at https://swanlab.cn/@alva_wan/MTR/runs/f4iskr9rspbbp7th2pajn
2026-08-19 18:45:14,175   INFO  Start to load infos from /root/wanqinghua/MTR/../data/processed_scenarios_training_infos.pkl
2026-08-19 18:45:14,746   INFO  Total scenes before filters: 34459
2026-08-19 18:45:15,228   INFO  Total scenes after filter_info_by_object_type: 34459
2026-08-19 18:45:15,229   INFO  Total scenes after filters: 34459
2026-08-19 18:45:16,048   INFO  DistributedDataParallel(
  (module): MotionTransformer(
    (context_encoder): MTREncoder(
      (agent_polyline_encoder): PointNetPolylineEncoder(
        (pre_mlps): Sequential(
          (0): Linear(in_features=30, out_features=256, bias=False)
          (1): SyncBatchNorm(256, eps=1e-05, momentum=0.1, affine=True, track_running_stats=True)
          (2): ReLU()
        )
        (mlps): Sequential(
          (0): Linear(in_features=512, out_features=256, bias=False)
          (1): SyncBatchNorm(256, eps=1e-05, momentum=0.1, affine=True, track_running_stats=True)
          (2): ReLU()
          (3): Linear(in_features=256, out_features=256, bias=False)
          (4): SyncBatchNorm(256, eps=1e-05, momentum=0.1, affine=True, track_running_stats=True)
          (5): ReLU()
        )
        (out_mlps): Sequential(
          (0): Linear(in_features=256, out_features=256, bias=True)
          (1): ReLU()
          (2): Linear(in_features=256, out_features=256, bias=True)
        )
      )
      (map_polyline_encoder): PointNetPolylineEncoder(
        (pre_mlps): Sequential(
          (0): Linear(in_features=9, out_features=64, bias=False)
          (1): SyncBatchNorm(64, eps=1e-05, momentum=0.1, affine=True, track_running_stats=True)
          (2): ReLU()
          (3): Linear(in_features=64, out_features=64, bias=False)
          (4): SyncBatchNorm(64, eps=1e-05, momentum=0.1, affine=True, track_running_stats=True)
          (5): ReLU()
          (6): Linear(in_features=64, out_features=64, bias=False)
          (7): SyncBatchNorm(64, eps=1e-05, momentum=0.1, affine=True, track_running_stats=True)
          (8): ReLU()
        )
        (mlps): Sequential(
          (0): Linear(in_features=128, out_features=64, bias=False)
          (1): SyncBatchNorm(64, eps=1e-05, momentum=0.1, affine=True, track_running_stats=True)
          (2): ReLU()
          (3): Linear(in_features=64, out_features=64, bias=False)
          (4): SyncBatchNorm(64, eps=1e-05, momentum=0.1, affine=True, track_running_stats=True)
          (5): ReLU()
        )
        (out_mlps): Sequential(
          (0): Linear(in_features=64, out_features=64, bias=True)
          (1): ReLU()
          (2): Linear(in_features=64, out_features=256, bias=True)
        )
      )
      (self_attn_layers): ModuleList(
        (0-5): 6 x TransformerEncoderLayer(
          (self_attn): MultiheadAttentionLocal(
            (out_proj): Linear(in_features=256, out_features=256, bias=True)
          )
          (linear1): Linear(in_features=256, out_features=1024, bias=True)
          (dropout): Dropout(p=0.1, inplace=False)
          (linear2): Linear(in_features=1024, out_features=256, bias=True)
          (norm1): LayerNorm((256,), eps=1e-05, elementwise_affine=True)
          (norm2): LayerNorm((256,), eps=1e-05, elementwise_affine=True)
          (dropout1): Dropout(p=0.1, inplace=False)
          (dropout2): Dropout(p=0.1, inplace=False)
        )
      )
    )
    (motion_decoder): MTRDecoder(
      (in_proj_center_obj): Sequential(
        (0): Linear(in_features=256, out_features=512, bias=True)
        (1): ReLU()
        (2): Linear(in_features=512, out_features=512, bias=True)
      )
      (in_proj_obj): Sequential(
        (0): Linear(in_features=256, out_features=512, bias=True)
        (1): ReLU()
        (2): Linear(in_features=512, out_features=512, bias=True)
      )
      (obj_decoder_layers): ModuleList(
        (0-5): 6 x TransformerDecoderLayer(
          (sa_qcontent_proj): Linear(in_features=512, out_features=512, bias=True)
          (sa_qpos_proj): Linear(in_features=512, out_features=512, bias=True)
          (sa_kcontent_proj): Linear(in_features=512, out_features=512, bias=True)
          (sa_kpos_proj): Linear(in_features=512, out_features=512, bias=True)
          (sa_v_proj): Linear(in_features=512, out_features=512, bias=True)
          (self_attn): MultiheadAttention(
            (out_proj): Linear(in_features=512, out_features=512, bias=True)
          )
          (norm1): LayerNorm((512,), eps=1e-05, elementwise_affine=True)
          (dropout1): Dropout(p=0.1, inplace=False)
          (ca_qcontent_proj): Linear(in_features=512, out_features=512, bias=True)
          (ca_qpos_proj): Linear(in_features=512, out_features=512, bias=True)
          (ca_kcontent_proj): Linear(in_features=512, out_features=512, bias=True)
          (ca_kpos_proj): Linear(in_features=512, out_features=512, bias=True)
          (ca_v_proj): Linear(in_features=512, out_features=512, bias=True)
          (ca_qpos_sine_proj): Linear(in_features=512, out_features=512, bias=True)
          (cross_attn): MultiheadAttention(
            (out_proj): Linear(in_features=512, out_features=512, bias=True)
          )
          (linear1): Linear(in_features=512, out_features=2048, bias=True)
          (dropout): Dropout(p=0.1, inplace=False)
          (linear2): Linear(in_features=2048, out_features=512, bias=True)
          (norm2): LayerNorm((512,), eps=1e-05, elementwise_affine=True)
          (norm3): LayerNorm((512,), eps=1e-05, elementwise_affine=True)
          (dropout2): Dropout(p=0.1, inplace=False)
          (dropout3): Dropout(p=0.1, inplace=False)
        )
      )
      (in_proj_map): Sequential(
        (0): Linear(in_features=256, out_features=256, bias=True)
        (1): ReLU()
        (2): Linear(in_features=256, out_features=256, bias=True)
      )
      (map_decoder_layers): ModuleList(
        (0-5): 6 x TransformerDecoderLayer(
          (sa_qcontent_proj): Linear(in_features=256, out_features=256, bias=True)
          (sa_qpos_proj): Linear(in_features=256, out_features=256, bias=True)
          (sa_kcontent_proj): Linear(in_features=256, out_features=256, bias=True)
          (sa_kpos_proj): Linear(in_features=256, out_features=256, bias=True)
          (sa_v_proj): Linear(in_features=256, out_features=256, bias=True)
          (self_attn): MultiheadAttention(
            (out_proj): Linear(in_features=256, out_features=256, bias=True)
          )
          (norm1): LayerNorm((256,), eps=1e-05, elementwise_affine=True)
          (dropout1): Dropout(p=0.1, inplace=False)
          (ca_qcontent_proj): Linear(in_features=256, out_features=256, bias=True)
          (ca_qpos_proj): Linear(in_features=256, out_features=256, bias=True)
          (ca_kcontent_proj): Linear(in_features=256, out_features=256, bias=True)
          (ca_kpos_proj): Linear(in_features=256, out_features=256, bias=True)
          (ca_v_proj): Linear(in_features=256, out_features=256, bias=True)
          (ca_qpos_sine_proj): Linear(in_features=256, out_features=256, bias=True)
          (cross_attn): MultiheadAttentionLocal(
            (out_proj): Linear(in_features=256, out_features=256, bias=True)
          )
          (linear1): Linear(in_features=256, out_features=1024, bias=True)
          (dropout): Dropout(p=0.1, inplace=False)
          (linear2): Linear(in_features=1024, out_features=256, bias=True)
          (norm2): LayerNorm((256,), eps=1e-05, elementwise_affine=True)
          (norm3): LayerNorm((256,), eps=1e-05, elementwise_affine=True)
          (dropout2): Dropout(p=0.1, inplace=False)
          (dropout3): Dropout(p=0.1, inplace=False)
        )
      )
      (map_query_content_mlps): ModuleList(
        (0-5): 6 x Linear(in_features=512, out_features=256, bias=True)
      )
      (map_query_embed_mlps): Linear(in_features=512, out_features=256, bias=True)
      (obj_pos_encoding_layer): Sequential(
        (0): Linear(in_features=2, out_features=512, bias=True)
        (1): ReLU()
        (2): Linear(in_features=512, out_features=512, bias=True)
        (3): ReLU()
        (4): Linear(in_features=512, out_features=512, bias=True)
      )
      (dense_future_head): Sequential(
        (0): Linear(in_features=1024, out_features=512, bias=False)
        (1): SyncBatchNorm(512, eps=1e-05, momentum=0.1, affine=True, track_running_stats=True)
        (2): ReLU()
        (3): Linear(in_features=512, out_features=512, bias=False)
        (4): SyncBatchNorm(512, eps=1e-05, momentum=0.1, affine=True, track_running_stats=True)
        (5): ReLU()
        (6): Linear(in_features=512, out_features=560, bias=True)
      )
      (future_traj_mlps): Sequential(
        (0): Linear(in_features=320, out_features=512, bias=True)
        (1): ReLU()
        (2): Linear(in_features=512, out_features=512, bias=True)
        (3): ReLU()
        (4): Linear(in_features=512, out_features=512, bias=True)
      )
      (traj_fusion_mlps): Sequential(
        (0): Linear(in_features=1024, out_features=512, bias=True)
        (1): ReLU()
        (2): Linear(in_features=512, out_features=512, bias=True)
        (3): ReLU()
        (4): Linear(in_features=512, out_features=512, bias=True)
      )
      (intention_query_mlps): Sequential(
        (0): Linear(in_features=512, out_features=512, bias=False)
        (1): SyncBatchNorm(512, eps=1e-05, momentum=0.1, affine=True, track_running_stats=True)
        (2): ReLU()
        (3): Linear(in_features=512, out_features=512, bias=True)
      )
      (query_feature_fusion_layers): ModuleList(
        (0-5): 6 x Sequential(
          (0): Linear(in_features=1280, out_features=512, bias=False)
          (1): SyncBatchNorm(512, eps=1e-05, momentum=0.1, affine=True, track_running_stats=True)
          (2): ReLU()
          (3): Linear(in_features=512, out_features=512, bias=True)
        )
      )
      (motion_reg_heads): ModuleList(
        (0-5): 6 x Sequential(
          (0): Linear(in_features=512, out_features=512, bias=False)
          (1): SyncBatchNorm(512, eps=1e-05, momentum=0.1, affine=True, track_running_stats=True)
          (2): ReLU()
          (3): Linear(in_features=512, out_features=512, bias=False)
          (4): SyncBatchNorm(512, eps=1e-05, momentum=0.1, affine=True, track_running_stats=True)
          (5): ReLU()
          (6): Linear(in_features=512, out_features=560, bias=True)
        )
      )
      (motion_cls_heads): ModuleList(
        (0-5): 6 x Sequential(
          (0): Linear(in_features=512, out_features=512, bias=False)
          (1): SyncBatchNorm(512, eps=1e-05, momentum=0.1, affine=True, track_running_stats=True)
          (2): ReLU()
          (3): Linear(in_features=512, out_features=512, bias=False)
          (4): SyncBatchNorm(512, eps=1e-05, momentum=0.1, affine=True, track_running_stats=True)
          (5): ReLU()
          (6): Linear(in_features=512, out_features=1, bias=True)
        )
      )
    )
    (diffusion_refiner): TrajectoryDiffusionRefiner(
      (noise_pred_net): ConditionalUNet1D(
        (time_embed): Sequential(
          (0): SinusoidalPosEmb()
          (1): Linear(in_features=64, out_features=128, bias=True)
          (2): Mish()
          (3): Linear(in_features=128, out_features=128, bias=True)
        )
        (cond_proj): Sequential(
          (0): Linear(in_features=256, out_features=128, bias=True)
          (1): Mish()
          (2): Linear(in_features=128, out_features=128, bias=True)
        )
        (down1): ConditionalResidualBlock1D(
          (conv1): Conv1d(2, 128, kernel_size=(5,), stride=(1,), padding=(2,))
          (conv2): Conv1d(128, 128, kernel_size=(5,), stride=(1,), padding=(2,))
          (norm1): GroupNorm(8, 128, eps=1e-05, affine=True)
          (norm2): GroupNorm(8, 128, eps=1e-05, affine=True)
          (cond_proj): Linear(in_features=256, out_features=256, bias=True)
          (act): Mish()
          (skip): Conv1d(2, 128, kernel_size=(1,), stride=(1,))
        )
        (down2): ConditionalResidualBlock1D(
          (conv1): Conv1d(128, 256, kernel_size=(5,), stride=(1,), padding=(2,))
          (conv2): Conv1d(256, 256, kernel_size=(5,), stride=(1,), padding=(2,))
          (norm1): GroupNorm(8, 256, eps=1e-05, affine=True)
          (norm2): GroupNorm(8, 256, eps=1e-05, affine=True)
          (cond_proj): Linear(in_features=256, out_features=512, bias=True)
          (act): Mish()
          (skip): Conv1d(128, 256, kernel_size=(1,), stride=(1,))
        )
        (pool): MaxPool1d(kernel_size=2, stride=2, padding=0, dilation=1, ceil_mode=False)
        (mid): ConditionalResidualBlock1D(
          (conv1): Conv1d(256, 256, kernel_size=(5,), stride=(1,), padding=(2,))
          (conv2): Conv1d(256, 256, kernel_size=(5,), stride=(1,), padding=(2,))
          (norm1): GroupNorm(8, 256, eps=1e-05, affine=True)
          (norm2): GroupNorm(8, 256, eps=1e-05, affine=True)
          (cond_proj): Linear(in_features=256, out_features=512, bias=True)
          (act): Mish()
          (skip): Identity()
        )
        (up1): ConvTranspose1d(256, 128, kernel_size=(2,), stride=(2,))
        (up2): ConditionalResidualBlock1D(
          (conv1): Conv1d(256, 128, kernel_size=(5,), stride=(1,), padding=(2,))
          (conv2): Conv1d(128, 128, kernel_size=(5,), stride=(1,), padding=(2,))
          (norm1): GroupNorm(8, 128, eps=1e-05, affine=True)
          (norm2): GroupNorm(8, 128, eps=1e-05, affine=True)
          (cond_proj): Linear(in_features=256, out_features=256, bias=True)
          (act): Mish()
          (skip): Conv1d(256, 128, kernel_size=(1,), stride=(1,))
        )
        (up3): ConditionalResidualBlock1D(
          (conv1): Conv1d(128, 2, kernel_size=(5,), stride=(1,), padding=(2,))
          (conv2): Conv1d(2, 2, kernel_size=(5,), stride=(1,), padding=(2,))
          (norm1): GroupNorm(2, 2, eps=1e-05, affine=True)
          (norm2): GroupNorm(2, 2, eps=1e-05, affine=True)
          (cond_proj): Linear(in_features=256, out_features=4, bias=True)
          (act): Mish()
          (skip): Conv1d(128, 2, kernel_size=(1,), stride=(1,))
        )
      )
    )
  )
)
2026-08-19 18:45:16,056   INFO  Total number of parameters: 67865340
2026-08-19 18:45:16,057   INFO  Start to load infos from /root/wanqinghua/MTR/../data/processed_scenarios_val_infos.pkl
2026-08-19 18:45:16,100   INFO  Total scenes before filters: 5000
2026-08-19 18:45:16,174   INFO  Total scenes after filter_info_by_object_type: 5000
2026-08-19 18:45:16,174   INFO  Total scenes after filters: 5000
2026-08-19 18:45:16,178   INFO  **********************Start training waymo/mtr_voyah_data(mtr_with_qcnet_v1)**********************
2026-08-19 18:45:16,200   INFO  ==> EMA enabled with decay=0.999
epochs:   0%|                                                                                                                                                                                             | 0/50 [00:00<?, ?it/s]
2026-08-19 18:45:19,723   INFO  epoch: 0/50, acc_iter=1, cur_iter=0/539, batch_size=8, iter_cost=2.84s, time_cost(epoch): 00:02/25:31, time_cost(all): 00:03/21:16:35, ade_TYPE_VEHICLE_layer_5=18.263, ade_TYPE_PEDESTRIAN_layer_5=4.983, ade_TYPE_CYCLIST_layer_5=-0.000, loss=51993.305, lr=0.0001
2026-08-19 18:45:45,166   INFO  epoch: 0/50, acc_iter=50, cur_iter=49/539, batch_size=8, iter_cost=0.57s, time_cost(epoch): 00:28/04:37, time_cost(all): 00:28/4:13:38, ade_TYPE_VEHICLE_layer_5=14.019, ade_TYPE_PEDESTRIAN_layer_5=1.497, ade_TYPE_CYCLIST_layer_5=11.015, loss=1444.395, lr=0.0001
2026-08-19 18:46:09,420   INFO  epoch: 0/50, acc_iter=100, cur_iter=99/539, batch_size=8, iter_cost=0.53s, time_cost(epoch): 00:52/03:51, time_cost(all): 00:53/3:55:07, ade_TYPE_VEHICLE_layer_5=18.558, ade_TYPE_PEDESTRIAN_layer_5=1.592, ade_TYPE_CYCLIST_layer_5=5.079, loss=1303.732, lr=0.0001
2026-08-19 18:46:32,846   INFO  epoch: 0/50, acc_iter=150, cur_iter=149/539, batch_size=8, iter_cost=0.51s, time_cost(epoch): 01:15/03:17, time_cost(all): 01:16/3:46:13, ade_TYPE_VEHICLE_layer_5=14.693, ade_TYPE_PEDESTRIAN_layer_5=1.289, ade_TYPE_CYCLIST_layer_5=4.865, loss=985.842, lr=0.0001
2026-08-19 18:46:56,999   INFO  epoch: 0/50, acc_iter=200, cur_iter=199/539, batch_size=8, iter_cost=0.50s, time_cost(epoch): 01:40/02:50, time_cost(all): 01:40/3:43:11, ade_TYPE_VEHICLE_layer_5=9.225, ade_TYPE_PEDESTRIAN_layer_5=1.151, ade_TYPE_CYCLIST_layer_5=-0.000, loss=738.055, lr=0.0001
2026-08-19 18:47:20,498   INFO  epoch: 0/50, acc_iter=250, cur_iter=249/539, batch_size=8, iter_cost=0.49s, time_cost(epoch): 02:03/02:23, time_cost(all): 02:04/3:40:02, ade_TYPE_VEHICLE_layer_5=10.297, ade_TYPE_PEDESTRIAN_layer_5=0.927, ade_TYPE_CYCLIST_layer_5=4.633, loss=740.100, lr=0.0001
2026-08-19 18:47:44,314   INFO  epoch: 0/50, acc_iter=300, cur_iter=299/539, batch_size=8, iter_cost=0.49s, time_cost(epoch): 02:27/01:57, time_cost(all): 02:28/3:38:17, ade_TYPE_VEHICLE_layer_5=10.466, ade_TYPE_PEDESTRIAN_layer_5=0.641, ade_TYPE_CYCLIST_layer_5=-0.000, loss=684.454, lr=0.0001
2026-08-19 18:48:08,541   INFO  epoch: 0/50, acc_iter=350, cur_iter=349/539, batch_size=8, iter_cost=0.49s, time_cost(epoch): 02:51/01:33, time_cost(all): 02:52/3:37:26, ade_TYPE_VEHICLE_layer_5=7.061, ade_TYPE_PEDESTRIAN_layer_5=0.283, ade_TYPE_CYCLIST_layer_5=1.139, loss=652.550, lr=0.0001
2026-08-19 18:48:31,847   INFO  epoch: 0/50, acc_iter=400, cur_iter=399/539, batch_size=8, iter_cost=0.49s, time_cost(epoch): 03:14/01:08, time_cost(all): 03:15/3:35:41, ade_TYPE_VEHICLE_layer_5=5.210, ade_TYPE_PEDESTRIAN_layer_5=0.572, ade_TYPE_CYCLIST_layer_5=1.250, loss=584.509, lr=0.0001
2026-08-19 18:48:55,308   INFO  epoch: 0/50, acc_iter=450, cur_iter=449/539, batch_size=8, iter_cost=0.49s, time_cost(epoch): 03:38/00:43, time_cost(all): 03:39/3:34:23, ade_TYPE_VEHICLE_layer_5=8.955, ade_TYPE_PEDESTRIAN_layer_5=0.435, ade_TYPE_CYCLIST_layer_5=0.989, loss=557.966, lr=0.0001
2026-08-19 18:49:18,408   INFO  epoch: 0/50, acc_iter=500, cur_iter=499/539, batch_size=8, iter_cost=0.48s, time_cost(epoch): 04:01/00:19, time_cost(all): 04:02/3:32:57, ade_TYPE_VEHICLE_layer_5=3.416, ade_TYPE_PEDESTRIAN_layer_5=0.500, ade_TYPE_CYCLIST_layer_5=2.146, loss=444.943, lr=0.0001
2026-08-19 18:49:36,829   INFO  epoch: 0/50, acc_iter=539, cur_iter=538/539, batch_size=4, iter_cost=0.48s, time_cost(epoch): 04:19/00:00, time_cost(all): 04:20/3:32:17, ade_TYPE_VEHICLE_layer_5=4.789, ade_TYPE_PEDESTRIAN_layer_5=0.336, ade_TYPE_CYCLIST_layer_5=-0.000, loss=367.580, lr=0.0001
2026-08-19 18:49:38,387   INFO  ==> Eval with EMA weights (epoch 1)
2026-08-19 18:49:38,552   INFO  *************** EPOCH 1 EVALUATION *****************
2026-08-19 18:49:39,175   INFO  eval: epoch=1, batch_iter=0/79, batch_size=8, iter_cost=0.62s, time_cost: 00:00/00:49, 
2026-08-19 18:49:40,335   INFO  eval: epoch=1, batch_iter=10/79, batch_size=8, iter_cost=0.18s, time_cost: 00:01/00:12, 
2026-08-19 18:49:41,518   INFO  eval: epoch=1, batch_iter=20/79, batch_size=8, iter_cost=0.15s, time_cost: 00:02/00:08, 
2026-08-19 18:49:42,690   INFO  eval: epoch=1, batch_iter=30/79, batch_size=8, iter_cost=0.14s, time_cost: 00:04/00:06, 
2026-08-19 18:49:43,891   INFO  eval: epoch=1, batch_iter=40/79, batch_size=8, iter_cost=0.13s, time_cost: 00:05/00:05, 
2026-08-19 18:49:45,056   INFO  eval: epoch=1, batch_iter=50/79, batch_size=8, iter_cost=0.13s, time_cost: 00:06/00:03, 
2026-08-19 18:49:46,234   INFO  eval: epoch=1, batch_iter=60/79, batch_size=8, iter_cost=0.13s, time_cost: 00:07/00:02, 
2026-08-19 18:49:47,334   INFO  eval: epoch=1, batch_iter=70/79, batch_size=8, iter_cost=0.13s, time_cost: 00:08/00:01, 
2026-08-19 18:49:48,171   INFO  eval: epoch=1, batch_iter=78/79, batch_size=1, iter_cost=0.12s, time_cost: 00:09/00:00, 
eval:   0%|                                                                                                                                                                                               | 0/79 [00:09<?, ?it/s]
2026-08-19 18:49:48,226   INFO  Total number of samples before merging from multiple GPUs: 625
2026-08-19 18:49:48,971   INFO  Total number of samples after merging from multiple GPUs (removing duplicate): 5000
2026-08-19 18:49:48,976   INFO  *************** Performance of EPOCH 1 *****************
2026-08-19 18:49:48,976   INFO  Generate label finished(sec_per_example: 0.0021 second).
Total number for evaluation (intput): 5000
Total number for evaluation (after processed): 22520
Total number for evaluation (intput): 5000
Total number for evaluation (after processed): 22520
Total number for evaluation (intput): 5000
Total number for evaluation (after processed): 22520
2026-08-19 18:49:55,969   INFO  
========== Evaluation @ 3s ==========
minADE - VEHICLE: 10.7609 
minADE - PEDESTRIAN: 1.9436 
minADE - CYCLIST: 6.2389 
minFDE - VEHICLE: 18.6665 
minFDE - PEDESTRIAN: 3.3777 
minFDE - CYCLIST: 10.8246 
MissRate - VEHICLE: 0.9367 
MissRate - PEDESTRIAN: 0.9324 
MissRate - CYCLIST: 0.9342 
OverlapRate - VEHICLE: 0.2028 
OverlapRate - PEDESTRIAN: 0.0674 
OverlapRate - CYCLIST: 0.1230 
mAP - VEHICLE: 0.0297 
mAP - PEDESTRIAN: 0.0014 
mAP - CYCLIST: 0.0652 
minADE: 6.3145 
minFDE: 10.9563 
MissRate: 0.9344 
mAP: 0.0321 
       Waymo          mAP       minADE       minFDE     MissRate            
      VEHICLE      0.0297,     10.7609,     18.6665,      0.9367,            
   PEDESTRIAN      0.0014,      1.9436,      3.3777,      0.9324,            
      CYCLIST      0.0652,      6.2389,     10.8246,      0.9342,            
          Avg      0.0321,      6.3145,     10.9563,      0.9344,            
========== Evaluation @ 5s ==========
minADE - VEHICLE: 13.9969 
minADE - PEDESTRIAN: 2.5012 
minADE - CYCLIST: 8.1034 
minFDE - VEHICLE: 25.3723 
minFDE - PEDESTRIAN: 4.4602 
minFDE - CYCLIST: 14.6860 
MissRate - VEHICLE: 0.9461 
MissRate - PEDESTRIAN: 0.9403 
MissRate - CYCLIST: 0.9449 
OverlapRate - VEHICLE: 0.2405 
OverlapRate - PEDESTRIAN: 0.0798 
OverlapRate - CYCLIST: 0.1548 
mAP - VEHICLE: 0.0380 
mAP - PEDESTRIAN: 0.0099 
mAP - CYCLIST: 0.0720 
minADE: 8.2005 
minFDE: 14.8395 
MissRate: 0.9438 
mAP: 0.0400 
       Waymo          mAP       minADE       minFDE     MissRate            
      VEHICLE      0.0380,     13.9969,     25.3723,      0.9461,            
   PEDESTRIAN      0.0099,      2.5012,      4.4602,      0.9403,            
      CYCLIST      0.0720,      8.1034,     14.6860,      0.9449,            
          Avg      0.0400,      8.2005,     14.8395,      0.9438,            
========== Evaluation @ 8s ==========
minADE - VEHICLE: 17.9348 
minADE - PEDESTRIAN: 3.1597 
minADE - CYCLIST: 10.4334 
minFDE - VEHICLE: 33.9930 
minFDE - PEDESTRIAN: 5.8711 
minFDE - CYCLIST: 20.0408 
MissRate - VEHICLE: 0.9532 
MissRate - PEDESTRIAN: 0.9499 
MissRate - CYCLIST: 0.9558 
OverlapRate - VEHICLE: 0.2654 
OverlapRate - PEDESTRIAN: 0.0907 
OverlapRate - CYCLIST: 0.1741 
mAP - VEHICLE: 0.0310 
mAP - PEDESTRIAN: 0.0275 
mAP - CYCLIST: 0.0998 
minADE: 10.5093 
minFDE: 19.9683 
MissRate: 0.9530 
mAP: 0.0528 
       Waymo          mAP       minADE       minFDE     MissRate            
      VEHICLE      0.0310,     17.9348,     33.9930,      0.9532,            
   PEDESTRIAN      0.0275,      3.1597,      5.8711,      0.9499,            
      CYCLIST      0.0998,     10.4334,     20.0408,      0.9558,            
          Avg      0.0528,     10.5093,     19.9683,      0.9530,            
2026-08-19 18:49:55,970   INFO  Result is save to /root/wanqinghua/MTR/output/waymo/mtr_voyah_data/mtr_with_qcnet_v1/eval/eval_with_train
2026-08-19 18:49:55,970   INFO  ****************Evaluation done.*****************
2026-08-19 18:49:56,280   INFO  Save best model to /root/wanqinghua/MTR/output/waymo/mtr_voyah_data/mtr_with_qcnet_v1/ckpt/best_model
2026-08-19 18:49:56,551   INFO  Save EMA best model to /root/wanqinghua/MTR/output/waymo/mtr_voyah_data/mtr_with_qcnet_v1/ckpt/best_model_ema
epochs:   2%|███▌                                                                                                                                                                              | 1/50 [04:40<3:48:57, 280.35s/it]
2026-08-19 18:49:57,979   INFO  epoch: 1/50, acc_iter=540, cur_iter=0/539, batch_size=8, iter_cost=0.97s, time_cost(epoch): 00:00/08:42, time_cost(all): 04:41/7:06:34, ade_TYPE_VEHICLE_layer_5=3.875, ade_TYPE_PEDESTRIAN_layer_5=0.306, ade_TYPE_CYCLIST_layer_5=3.136, loss=569.700, lr=0.0001
2026-08-19 18:50:02,701   INFO  epoch: 1/50, acc_iter=550, cur_iter=10/539, batch_size=8, iter_cost=0.52s, time_cost(epoch): 00:05/04:33, time_cost(all): 04:46/3:47:39, ade_TYPE_VEHICLE_layer_5=4.836, ade_TYPE_PEDESTRIAN_layer_5=0.553, ade_TYPE_CYCLIST_layer_5=-0.000, loss=630.319, lr=0.0001
2026-08-19 18:50:26,543   INFO  epoch: 1/50, acc_iter=600, cur_iter=60/539, batch_size=8, iter_cost=0.48s, time_cost(epoch): 00:29/03:51, time_cost(all): 05:10/3:32:37, ade_TYPE_VEHICLE_layer_5=4.084, ade_TYPE_PEDESTRIAN_layer_5=3.251, ade_TYPE_CYCLIST_layer_5=2.636, loss=656.709, lr=0.0001
2026-08-19 18:50:50,571   INFO  epoch: 1/50, acc_iter=650, cur_iter=110/539, batch_size=8, iter_cost=0.48s, time_cost(epoch): 00:53/03:27, time_cost(all): 05:34/3:31:31, ade_TYPE_VEHICLE_layer_5=3.362, ade_TYPE_PEDESTRIAN_layer_5=0.501, ade_TYPE_CYCLIST_layer_5=1.057, loss=335.524, lr=0.0001
2026-08-19 18:51:14,064   INFO  epoch: 1/50, acc_iter=700, cur_iter=160/539, batch_size=8, iter_cost=0.48s, time_cost(epoch): 01:17/03:01, time_cost(all): 05:57/3:29:23, ade_TYPE_VEHICLE_layer_5=2.557, ade_TYPE_PEDESTRIAN_layer_5=-0.000, ade_TYPE_CYCLIST_layer_5=1.541, loss=501.021, lr=0.0001
2026-08-19 18:51:38,261   INFO  epoch: 1/50, acc_iter=750, cur_iter=210/539, batch_size=8, iter_cost=0.48s, time_cost(epoch): 01:41/02:37, time_cost(all): 06:22/3:29:32, ade_TYPE_VEHICLE_layer_5=5.422, ade_TYPE_PEDESTRIAN_layer_5=0.674, ade_TYPE_CYCLIST_layer_5=-0.000, loss=615.972, lr=0.0001
2026-08-19 18:52:01,938   INFO  epoch: 1/50, acc_iter=800, cur_iter=260/539, batch_size=8, iter_cost=0.48s, time_cost(epoch): 02:04/02:13, time_cost(all): 06:45/3:28:37, ade_TYPE_VEHICLE_layer_5=3.130, ade_TYPE_PEDESTRIAN_layer_5=0.708, ade_TYPE_CYCLIST_layer_5=-0.000, loss=331.364, lr=0.0001
2026-08-19 18:52:26,297   INFO  epoch: 1/50, acc_iter=850, cur_iter=310/539, batch_size=8, iter_cost=0.48s, time_cost(epoch): 02:29/01:49, time_cost(all): 07:10/3:28:49, ade_TYPE_VEHICLE_layer_5=2.818, ade_TYPE_PEDESTRIAN_layer_5=1.198, ade_TYPE_CYCLIST_layer_5=-0.000, loss=287.722, lr=0.0001
2026-08-19 18:52:50,437   INFO  epoch: 1/50, acc_iter=900, cur_iter=360/539, batch_size=8, iter_cost=0.48s, time_cost(epoch): 02:53/01:25, time_cost(all): 07:34/3:28:35, ade_TYPE_VEHICLE_layer_5=3.167, ade_TYPE_PEDESTRIAN_layer_5=0.600, ade_TYPE_CYCLIST_layer_5=-0.000, loss=375.780, lr=0.0001
2026-08-19 18:53:14,225   INFO  epoch: 1/50, acc_iter=950, cur_iter=410/539, batch_size=8, iter_cost=0.48s, time_cost(epoch): 03:17/01:01, time_cost(all): 07:58/3:27:56, ade_TYPE_VEHICLE_layer_5=2.275, ade_TYPE_PEDESTRIAN_layer_5=0.527, ade_TYPE_CYCLIST_layer_5=-0.000, loss=324.697, lr=0.0001
2026-08-19 18:53:38,951   INFO  epoch: 1/50, acc_iter=1000, cur_iter=460/539, batch_size=8, iter_cost=0.48s, time_cost(epoch): 03:41/00:38, time_cost(all): 08:22/3:28:13, ade_TYPE_VEHICLE_layer_5=3.032, ade_TYPE_PEDESTRIAN_layer_5=0.175, ade_TYPE_CYCLIST_layer_5=1.485, loss=374.848, lr=0.0001
2026-08-19 18:54:02,270   INFO  epoch: 1/50, acc_iter=1050, cur_iter=510/539, batch_size=8, iter_cost=0.48s, time_cost(epoch): 04:05/00:13, time_cost(all): 08:46/3:27:11, ade_TYPE_VEHICLE_layer_5=2.440, ade_TYPE_PEDESTRIAN_layer_5=0.339, ade_TYPE_CYCLIST_layer_5=3.439, loss=346.468, lr=0.0001
2026-08-19 18:54:14,932   INFO  epoch: 1/50, acc_iter=1078, cur_iter=538/539, batch_size=4, iter_cost=0.48s, time_cost(epoch): 04:17/00:00, time_cost(all): 08:58/3:26:20, ade_TYPE_VEHICLE_layer_5=1.187, ade_TYPE_PEDESTRIAN_layer_5=0.482, ade_TYPE_CYCLIST_layer_5=1.966, loss=196.108, lr=0.0001
2026-08-19 18:54:16,649   INFO  ==> Eval with EMA weights (epoch 2)
2026-08-19 18:54:16,781   INFO  *************** EPOCH 2 EVALUATION *****************
2026-08-19 18:54:17,610   INFO  eval: epoch=2, batch_iter=0/79, batch_size=8, iter_cost=0.83s, time_cost: 00:00/01:05, 
2026-08-19 18:54:18,747   INFO  eval: epoch=2, batch_iter=10/79, batch_size=8, iter_cost=0.20s, time_cost: 00:01/00:13, 
2026-08-19 18:54:19,911   INFO  eval: epoch=2, batch_iter=20/79, batch_size=8, iter_cost=0.16s, time_cost: 00:03/00:09, 
2026-08-19 18:54:21,088   INFO  eval: epoch=2, batch_iter=30/79, batch_size=8, iter_cost=0.14s, time_cost: 00:04/00:07, 
2026-08-19 18:54:22,281   INFO  eval: epoch=2, batch_iter=40/79, batch_size=8, iter_cost=0.14s, time_cost: 00:05/00:05, 
2026-08-19 18:54:23,453   INFO  eval: epoch=2, batch_iter=50/79, batch_size=8, iter_cost=0.13s, time_cost: 00:06/00:03, 
2026-08-19 18:54:24,615   INFO  eval: epoch=2, batch_iter=60/79, batch_size=8, iter_cost=0.13s, time_cost: 00:07/00:02, 
2026-08-19 18:54:25,724   INFO  eval: epoch=2, batch_iter=70/79, batch_size=8, iter_cost=0.13s, time_cost: 00:08/00:01, 
2026-08-19 18:54:26,527   INFO  eval: epoch=2, batch_iter=78/79, batch_size=1, iter_cost=0.12s, time_cost: 00:09/00:00, 
eval:   0%|                                                                                                                                                                                               | 0/79 [00:09<?, ?it/s]
2026-08-19 18:54:26,609   INFO  Total number of samples before merging from multiple GPUs: 625
2026-08-19 18:54:27,261   INFO  Total number of samples after merging from multiple GPUs (removing duplicate): 5000
2026-08-19 18:54:27,265   INFO  *************** Performance of EPOCH 2 *****************
2026-08-19 18:54:27,266   INFO  Generate label finished(sec_per_example: 0.0021 second).
Total number for evaluation (intput): 5000
Total number for evaluation (after processed): 22520
Total number for evaluation (intput): 5000
Total number for evaluation (after processed): 22520
Total number for evaluation (intput): 5000
Total number for evaluation (after processed): 22520
2026-08-19 18:54:33,413   INFO  
========== Evaluation @ 3s ==========
minADE - VEHICLE: 8.4871 
minADE - PEDESTRIAN: 1.6182 
minADE - CYCLIST: 4.9734 
minFDE - VEHICLE: 14.6890 
minFDE - PEDESTRIAN: 2.6889 
minFDE - CYCLIST: 8.4731 
MissRate - VEHICLE: 0.8910 
MissRate - PEDESTRIAN: 0.9039 
MissRate - CYCLIST: 0.9196 
OverlapRate - VEHICLE: 0.1888 
OverlapRate - PEDESTRIAN: 0.0666 
OverlapRate - CYCLIST: 0.1172 
mAP - VEHICLE: 0.0437 
mAP - PEDESTRIAN: 0.0012 
mAP - CYCLIST: 0.0805 
minADE: 5.0262 
minFDE: 8.6170 
MissRate: 0.9048 
mAP: 0.0418 
       Waymo          mAP       minADE       minFDE     MissRate            
      VEHICLE      0.0437,      8.4871,     14.6890,      0.8910,            
   PEDESTRIAN      0.0012,      1.6182,      2.6889,      0.9039,            
      CYCLIST      0.0805,      4.9734,      8.4731,      0.9196,            
          Avg      0.0418,      5.0262,      8.6170,      0.9048,            
========== Evaluation @ 5s ==========
minADE - VEHICLE: 11.0812 
minADE - PEDESTRIAN: 2.0431 
minADE - CYCLIST: 6.3976 
minFDE - VEHICLE: 20.1652 
minFDE - PEDESTRIAN: 3.5228 
minFDE - CYCLIST: 11.4068 
MissRate - VEHICLE: 0.8897 
MissRate - PEDESTRIAN: 0.9063 
MissRate - CYCLIST: 0.9272 
OverlapRate - VEHICLE: 0.2256 
OverlapRate - PEDESTRIAN: 0.0783 
OverlapRate - CYCLIST: 0.1491 
mAP - VEHICLE: 0.0608 
mAP - PEDESTRIAN: 0.0125 
mAP - CYCLIST: 0.0997 
minADE: 6.5073 
minFDE: 11.6983 
MissRate: 0.9077 
mAP: 0.0577 
       Waymo          mAP       minADE       minFDE     MissRate            
      VEHICLE      0.0608,     11.0812,     20.1652,      0.8897,            
   PEDESTRIAN      0.0125,      2.0431,      3.5228,      0.9063,            
      CYCLIST      0.0997,      6.3976,     11.4068,      0.9272,            
          Avg      0.0577,      6.5073,     11.6983,      0.9077,            
========== Evaluation @ 8s ==========
minADE - VEHICLE: 14.3059 
minADE - PEDESTRIAN: 2.5363 
minADE - CYCLIST: 8.1956 
minFDE - VEHICLE: 27.5462 
minFDE - PEDESTRIAN: 4.6094 
minFDE - CYCLIST: 15.7689 
MissRate - VEHICLE: 0.8913 
MissRate - PEDESTRIAN: 0.9062 
MissRate - CYCLIST: 0.9397 
OverlapRate - VEHICLE: 0.2519 
OverlapRate - PEDESTRIAN: 0.0903 
OverlapRate - CYCLIST: 0.1698 
mAP - VEHICLE: 0.0631 
mAP - PEDESTRIAN: 0.0320 
mAP - CYCLIST: 0.0974 
minADE: 8.3460 
minFDE: 15.9749 
MissRate: 0.9124 
mAP: 0.0642 
       Waymo          mAP       minADE       minFDE     MissRate            
      VEHICLE      0.0631,     14.3059,     27.5462,      0.8913,            
   PEDESTRIAN      0.0320,      2.5363,      4.6094,      0.9062,            
      CYCLIST      0.0974,      8.1956,     15.7689,      0.9397,            
          Avg      0.0642,      8.3460,     15.9749,      0.9124,            
2026-08-19 18:54:33,414   INFO  Result is save to /root/wanqinghua/MTR/output/waymo/mtr_voyah_data/mtr_with_qcnet_v1/eval/eval_with_train
2026-08-19 18:54:33,414   INFO  ****************Evaluation done.*****************
2026-08-19 18:54:34,442   INFO  Save best model to /root/wanqinghua/MTR/output/waymo/mtr_voyah_data/mtr_with_qcnet_v1/ckpt/best_model
2026-08-19 18:54:36,171   INFO  Save EMA best model to /root/wanqinghua/MTR/output/waymo/mtr_voyah_data/mtr_with_qcnet_v1/ckpt/best_model_ema
epochs:   4%|███████                                                                                                                                                                           | 2/50 [09:19<3:43:56, 279.92s/it]
2026-08-19 18:54:37,608   INFO  epoch: 2/50, acc_iter=1079, cur_iter=0/539, batch_size=8, iter_cost=0.93s, time_cost(epoch): 00:00/08:23, time_cost(all): 09:21/6:42:32, ade_TYPE_VEHICLE_layer_5=1.948, ade_TYPE_PEDESTRIAN_layer_5=0.505, ade_TYPE_CYCLIST_layer_5=-0.000, loss=179.362, lr=0.0001
2026-08-19 18:54:47,314   INFO  epoch: 2/50, acc_iter=1100, cur_iter=21/539, batch_size=8, iter_cost=0.48s, time_cost(epoch): 00:10/04:10, time_cost(all): 09:31/3:28:21, ade_TYPE_VEHICLE_layer_5=1.667, ade_TYPE_PEDESTRIAN_layer_5=0.477, ade_TYPE_CYCLIST_layer_5=0.672, loss=213.180, lr=0.0001
2026-08-19 18:55:11,186   INFO  epoch: 2/50, acc_iter=1150, cur_iter=71/539, batch_size=8, iter_cost=0.48s, time_cost(epoch): 00:34/03:44, time_cost(all): 09:54/3:26:07, ade_TYPE_VEHICLE_layer_5=3.204, ade_TYPE_PEDESTRIAN_layer_5=0.437, ade_TYPE_CYCLIST_layer_5=-0.000, loss=405.761, lr=0.0001
2026-08-19 18:55:34,750   INFO  epoch: 2/50, acc_iter=1200, cur_iter=121/539, batch_size=8, iter_cost=0.48s, time_cost(epoch): 00:58/03:18, time_cost(all): 10:18/3:24:18, ade_TYPE_VEHICLE_layer_5=2.729, ade_TYPE_PEDESTRIAN_layer_5=0.409, ade_TYPE_CYCLIST_layer_5=-0.000, loss=328.160, lr=0.0001
2026-08-19 18:55:58,138   INFO  epoch: 2/50, acc_iter=1250, cur_iter=171/539, batch_size=8, iter_cost=0.47s, time_cost(epoch): 01:21/02:54, time_cost(all): 10:41/3:22:52, ade_TYPE_VEHICLE_layer_5=3.211, ade_TYPE_PEDESTRIAN_layer_5=0.786, ade_TYPE_CYCLIST_layer_5=1.645, loss=935.867, lr=0.0001
2026-08-19 18:56:22,818   INFO  epoch: 2/50, acc_iter=1300, cur_iter=221/539, batch_size=8, iter_cost=0.48s, time_cost(epoch): 01:46/02:32, time_cost(all): 11:06/3:24:24, ade_TYPE_VEHICLE_layer_5=2.583, ade_TYPE_PEDESTRIAN_layer_5=0.457, ade_TYPE_CYCLIST_layer_5=2.948, loss=210.447, lr=0.0001
2026-08-19 18:56:46,592   INFO  epoch: 2/50, acc_iter=1350, cur_iter=271/539, batch_size=8, iter_cost=0.48s, time_cost(epoch): 02:09/02:08, time_cost(all): 11:30/3:23:48, ade_TYPE_VEHICLE_layer_5=1.586, ade_TYPE_PEDESTRIAN_layer_5=0.416, ade_TYPE_CYCLIST_layer_5=0.562, loss=370.467, lr=0.0001
2026-08-19 18:57:10,593   INFO  epoch: 2/50, acc_iter=1400, cur_iter=321/539, batch_size=8, iter_cost=0.48s, time_cost(epoch): 02:33/01:44, time_cost(all): 11:54/3:23:33, ade_TYPE_VEHICLE_layer_5=2.497, ade_TYPE_PEDESTRIAN_layer_5=0.694, ade_TYPE_CYCLIST_layer_5=-0.000, loss=262.680, lr=0.0001
2026-08-19 18:57:33,778   INFO  epoch: 2/50, acc_iter=1450, cur_iter=371/539, batch_size=8, iter_cost=0.48s, time_cost(epoch): 02:57/01:19, time_cost(all): 12:17/3:22:20, ade_TYPE_VEHICLE_layer_5=0.981, ade_TYPE_PEDESTRIAN_layer_5=0.316, ade_TYPE_CYCLIST_layer_5=0.317, loss=206.976, lr=0.0001
2026-08-19 18:57:57,933   INFO  epoch: 2/50, acc_iter=1500, cur_iter=421/539, batch_size=8, iter_cost=0.48s, time_cost(epoch): 03:21/00:56, time_cost(all): 12:41/3:22:18, ade_TYPE_VEHICLE_layer_5=3.332, ade_TYPE_PEDESTRIAN_layer_5=0.313, ade_TYPE_CYCLIST_layer_5=-0.000, loss=361.829, lr=0.0001
2026-08-19 18:58:21,675   INFO  epoch: 2/50, acc_iter=1550, cur_iter=471/539, batch_size=8, iter_cost=0.48s, time_cost(epoch): 03:44/00:32, time_cost(all): 13:05/3:21:48, ade_TYPE_VEHICLE_layer_5=3.551, ade_TYPE_PEDESTRIAN_layer_5=-0.000, ade_TYPE_CYCLIST_layer_5=-0.000, loss=365.582, lr=0.0001
2026-08-19 18:58:45,426   INFO  epoch: 2/50, acc_iter=1600, cur_iter=521/539, batch_size=8, iter_cost=0.48s, time_cost(epoch): 04:08/00:08, time_cost(all): 13:29/3:21:20, ade_TYPE_VEHICLE_layer_5=2.159, ade_TYPE_PEDESTRIAN_layer_5=0.373, ade_TYPE_CYCLIST_layer_5=0.430, loss=214.722, lr=0.0001
2026-08-19 18:58:53,200   INFO  epoch: 2/50, acc_iter=1617, cur_iter=538/539, batch_size=4, iter_cost=0.48s, time_cost(epoch): 04:16/00:00, time_cost(all): 13:36/3:20:57, ade_TYPE_VEHICLE_layer_5=1.415, ade_TYPE_PEDESTRIAN_layer_5=0.122, ade_TYPE_CYCLIST_layer_5=-0.000, loss=474.202, lr=0.0001
epochs:   6%|██████████▋                                                                                                                                                                       | 3/50 [13:37<3:31:08, 269.54s/it]
2026-08-19 18:58:54,881   INFO  epoch: 3/50, acc_iter=1618, cur_iter=0/539, batch_size=8, iter_cost=0.90s, time_cost(epoch): 00:00/08:07, time_cost(all): 13:38/6:21:49, ade_TYPE_VEHICLE_layer_5=2.292, ade_TYPE_PEDESTRIAN_layer_5=0.271, ade_TYPE_CYCLIST_layer_5=0.395, loss=324.830, lr=0.0001
2026-08-19 18:59:10,358   INFO  epoch: 3/50, acc_iter=1650, cur_iter=32/539, batch_size=8, iter_cost=0.50s, time_cost(epoch): 00:16/04:11, time_cost(all): 13:54/3:29:19, ade_TYPE_VEHICLE_layer_5=1.609, ade_TYPE_PEDESTRIAN_layer_5=0.522, ade_TYPE_CYCLIST_layer_5=-0.000, loss=263.622, lr=0.0001
2026-08-19 18:59:34,416   INFO  epoch: 3/50, acc_iter=1700, cur_iter=82/539, batch_size=8, iter_cost=0.49s, time_cost(epoch): 00:40/03:42, time_cost(all): 14:18/3:25:02, ade_TYPE_VEHICLE_layer_5=2.193, ade_TYPE_PEDESTRIAN_layer_5=0.317, ade_TYPE_CYCLIST_layer_5=1.913, loss=270.896, lr=0.0001
2026-08-19 18:59:58,694   INFO  epoch: 3/50, acc_iter=1750, cur_iter=132/539, batch_size=8, iter_cost=0.49s, time_cost(epoch): 01:04/03:18, time_cost(all): 14:42/3:24:22, ade_TYPE_VEHICLE_layer_5=1.652, ade_TYPE_PEDESTRIAN_layer_5=0.353, ade_TYPE_CYCLIST_layer_5=0.406, loss=223.865, lr=0.0001
2026-08-19 19:00:22,219   INFO  epoch: 3/50, acc_iter=1800, cur_iter=182/539, batch_size=8, iter_cost=0.48s, time_cost(epoch): 01:28/02:52, time_cost(all): 15:06/3:22:07, ade_TYPE_VEHICLE_layer_5=1.964, ade_TYPE_PEDESTRIAN_layer_5=0.434, ade_TYPE_CYCLIST_layer_5=-0.000, loss=154.774, lr=0.0001
2026-08-19 19:00:46,362   INFO  epoch: 3/50, acc_iter=1850, cur_iter=232/539, batch_size=8, iter_cost=0.48s, time_cost(epoch): 01:52/02:28, time_cost(all): 15:30/3:21:47, ade_TYPE_VEHICLE_layer_5=1.241, ade_TYPE_PEDESTRIAN_layer_5=0.540, ade_TYPE_CYCLIST_layer_5=-0.000, loss=216.949, lr=0.0001
2026-08-19 19:01:10,717   INFO  epoch: 3/50, acc_iter=1900, cur_iter=282/539, batch_size=8, iter_cost=0.48s, time_cost(epoch): 02:16/02:04, time_cost(all): 15:54/3:21:44, ade_TYPE_VEHICLE_layer_5=3.666, ade_TYPE_PEDESTRIAN_layer_5=0.512, ade_TYPE_CYCLIST_layer_5=-0.000, loss=336.665, lr=0.0001
2026-08-19 19:01:34,164   INFO  epoch: 3/50, acc_iter=1950, cur_iter=332/539, batch_size=8, iter_cost=0.48s, time_cost(epoch): 02:40/01:39, time_cost(all): 16:17/3:20:26, ade_TYPE_VEHICLE_layer_5=1.890, ade_TYPE_PEDESTRIAN_layer_5=0.282, ade_TYPE_CYCLIST_layer_5=-0.000, loss=287.247, lr=0.0001
2026-08-19 19:01:58,721   INFO  epoch: 3/50, acc_iter=2000, cur_iter=382/539, batch_size=8, iter_cost=0.48s, time_cost(epoch): 03:04/01:15, time_cost(all): 16:42/3:20:35, ade_TYPE_VEHICLE_layer_5=0.572, ade_TYPE_PEDESTRIAN_layer_5=0.225, ade_TYPE_CYCLIST_layer_5=0.517, loss=113.162, lr=0.0001
2026-08-19 19:02:21,870   INFO  epoch: 3/50, acc_iter=2050, cur_iter=432/539, batch_size=8, iter_cost=0.48s, time_cost(epoch): 03:27/00:51, time_cost(all): 17:05/3:19:15, ade_TYPE_VEHICLE_layer_5=1.735, ade_TYPE_PEDESTRIAN_layer_5=0.391, ade_TYPE_CYCLIST_layer_5=0.250, loss=341.215, lr=0.0001
2026-08-19 19:02:46,247   INFO  epoch: 3/50, acc_iter=2100, cur_iter=482/539, batch_size=8, iter_cost=0.48s, time_cost(epoch): 03:52/00:27, time_cost(all): 17:30/3:19:10, ade_TYPE_VEHICLE_layer_5=1.309, ade_TYPE_PEDESTRIAN_layer_5=0.306, ade_TYPE_CYCLIST_layer_5=-0.000, loss=151.176, lr=0.0001
2026-08-19 19:03:08,842   INFO  epoch: 3/50, acc_iter=2150, cur_iter=532/539, batch_size=8, iter_cost=0.48s, time_cost(epoch): 04:14/00:03, time_cost(all): 17:52/3:17:39, ade_TYPE_VEHICLE_layer_5=2.343, ade_TYPE_PEDESTRIAN_layer_5=0.196, ade_TYPE_CYCLIST_layer_5=1.197, loss=227.673, lr=0.0001
2026-08-19 19:03:11,681   INFO  epoch: 3/50, acc_iter=2156, cur_iter=538/539, batch_size=4, iter_cost=0.48s, time_cost(epoch): 04:17/00:00, time_cost(all): 17:55/3:17:34, ade_TYPE_VEHICLE_layer_5=2.387, ade_TYPE_PEDESTRIAN_layer_5=0.651, ade_TYPE_CYCLIST_layer_5=1.565, loss=251.304, lr=0.0001
2026-08-19 19:03:13,138   INFO  ==> Eval with EMA weights (epoch 4)
2026-08-19 19:03:13,255   INFO  *************** EPOCH 4 EVALUATION *****************
2026-08-19 19:03:14,102   INFO  eval: epoch=4, batch_iter=0/79, batch_size=8, iter_cost=0.84s, time_cost: 00:00/01:06, 
2026-08-19 19:03:15,228   INFO  eval: epoch=4, batch_iter=10/79, batch_size=8, iter_cost=0.20s, time_cost: 00:01/00:13, 
2026-08-19 19:03:16,389   INFO  eval: epoch=4, batch_iter=20/79, batch_size=8, iter_cost=0.16s, time_cost: 00:03/00:09, 
2026-08-19 19:03:17,559   INFO  eval: epoch=4, batch_iter=30/79, batch_size=8, iter_cost=0.14s, time_cost: 00:04/00:07, 
2026-08-19 19:03:18,749   INFO  eval: epoch=4, batch_iter=40/79, batch_size=8, iter_cost=0.14s, time_cost: 00:05/00:05, 
2026-08-19 19:03:19,904   INFO  eval: epoch=4, batch_iter=50/79, batch_size=8, iter_cost=0.13s, time_cost: 00:06/00:03, 
2026-08-19 19:03:21,064   INFO  eval: epoch=4, batch_iter=60/79, batch_size=8, iter_cost=0.13s, time_cost: 00:07/00:02, 
2026-08-19 19:03:22,165   INFO  eval: epoch=4, batch_iter=70/79, batch_size=8, iter_cost=0.13s, time_cost: 00:08/00:01, 
2026-08-19 19:03:22,964   INFO  eval: epoch=4, batch_iter=78/79, batch_size=1, iter_cost=0.12s, time_cost: 00:09/00:00, 
eval:   0%|                                                                                                                                                                                               | 0/79 [00:09<?, ?it/s]
2026-08-19 19:03:23,052   INFO  Total number of samples before merging from multiple GPUs: 625
2026-08-19 19:03:23,786   INFO  Total number of samples after merging from multiple GPUs (removing duplicate): 5000
2026-08-19 19:03:23,790   INFO  *************** Performance of EPOCH 4 *****************
2026-08-19 19:03:23,790   INFO  Generate label finished(sec_per_example: 0.0021 second).
Total number for evaluation (intput): 5000
Total number for evaluation (after processed): 22520
Total number for evaluation (intput): 5000
Total number for evaluation (after processed): 22520
Total number for evaluation (intput): 5000
Total number for evaluation (after processed): 22520
2026-08-19 19:03:29,913   INFO  
========== Evaluation @ 3s ==========
minADE - VEHICLE: 2.6864 
minADE - PEDESTRIAN: 0.3366 
minADE - CYCLIST: 1.3978 
minFDE - VEHICLE: 4.8724 
minFDE - PEDESTRIAN: 0.6079 
minFDE - CYCLIST: 2.3000 
MissRate - VEHICLE: 0.6950 
MissRate - PEDESTRIAN: 0.2438 
MissRate - CYCLIST: 0.6959 
OverlapRate - VEHICLE: 0.0593 
OverlapRate - PEDESTRIAN: 0.0602 
OverlapRate - CYCLIST: 0.0289 
mAP - VEHICLE: 0.0860 
mAP - PEDESTRIAN: 0.1676 
mAP - CYCLIST: 0.1146 
minADE: 1.4736 
minFDE: 2.5934 
MissRate: 0.5449 
mAP: 0.1227 
       Waymo          mAP       minADE       minFDE     MissRate            
      VEHICLE      0.0860,      2.6864,      4.8724,      0.6950,            
   PEDESTRIAN      0.1676,      0.3366,      0.6079,      0.2438,            
      CYCLIST      0.1146,      1.3978,      2.3000,      0.6959,            
          Avg      0.1227,      1.4736,      2.5934,      0.5449,            
========== Evaluation @ 5s ==========
minADE - VEHICLE: 3.8812 
minADE - PEDESTRIAN: 0.4897 
minADE - CYCLIST: 1.8681 
minFDE - VEHICLE: 7.9119 
minFDE - PEDESTRIAN: 0.9537 
minFDE - CYCLIST: 3.4036 
MissRate - VEHICLE: 0.7222 
MissRate - PEDESTRIAN: 0.2829 
MissRate - CYCLIST: 0.7161 
OverlapRate - VEHICLE: 0.1053 
OverlapRate - PEDESTRIAN: 0.0653 
OverlapRate - CYCLIST: 0.0499 
mAP - VEHICLE: 0.1038 
mAP - PEDESTRIAN: 0.2623 
mAP - CYCLIST: 0.1278 
minADE: 2.0797 
minFDE: 4.0897 
MissRate: 0.5737 
mAP: 0.1646 
       Waymo          mAP       minADE       minFDE     MissRate            
      VEHICLE      0.1038,      3.8812,      7.9119,      0.7222,            
   PEDESTRIAN      0.2623,      0.4897,      0.9537,      0.2829,            
      CYCLIST      0.1278,      1.8681,      3.4036,      0.7161,            
          Avg      0.1646,      2.0797,      4.0897,      0.5737,            
========== Evaluation @ 8s ==========
minADE - VEHICLE: 5.6591 
minADE - PEDESTRIAN: 0.7055 
minADE - CYCLIST: 2.5618 
minFDE - VEHICLE: 12.4719 
minFDE - PEDESTRIAN: 1.5032 
minFDE - CYCLIST: 5.2207 
MissRate - VEHICLE: 0.7422 
MissRate - PEDESTRIAN: 0.3220 
MissRate - CYCLIST: 0.7371 
OverlapRate - VEHICLE: 0.1426 
OverlapRate - PEDESTRIAN: 0.0731 
OverlapRate - CYCLIST: 0.0719 
mAP - VEHICLE: 0.1108 
mAP - PEDESTRIAN: 0.1478 
mAP - CYCLIST: 0.1386 
minADE: 2.9755 
minFDE: 6.3986 
MissRate: 0.6004 
mAP: 0.1324 
       Waymo          mAP       minADE       minFDE     MissRate            
      VEHICLE      0.1108,      5.6591,     12.4719,      0.7422,            
   PEDESTRIAN      0.1478,      0.7055,      1.5032,      0.3220,            
      CYCLIST      0.1386,      2.5618,      5.2207,      0.7371,            
          Avg      0.1324,      2.9755,      6.3986,      0.6004,            
2026-08-19 19:03:29,915   INFO  Result is save to /root/wanqinghua/MTR/output/waymo/mtr_voyah_data/mtr_with_qcnet_v1/eval/eval_with_train
2026-08-19 19:03:29,915   INFO  ****************Evaluation done.*****************
2026-08-19 19:03:30,941   INFO  Save best model to /root/wanqinghua/MTR/output/waymo/mtr_voyah_data/mtr_with_qcnet_v1/ckpt/best_model
2026-08-19 19:03:32,721   INFO  Save EMA best model to /root/wanqinghua/MTR/output/waymo/mtr_voyah_data/mtr_with_qcnet_v1/ckpt/best_model_ema
epochs:   8%|██████████████▏                                                                                                                                                                   | 4/50 [18:16<3:29:37, 273.42s/it]
2026-08-19 19:03:34,248   INFO  epoch: 4/50, acc_iter=2157, cur_iter=0/539, batch_size=8, iter_cost=1.03s, time_cost(epoch): 00:01/09:13, time_cost(all): 18:18/7:04:07, ade_TYPE_VEHICLE_layer_5=1.426, ade_TYPE_PEDESTRIAN_layer_5=0.585, ade_TYPE_CYCLIST_layer_5=0.654, loss=231.299, lr=0.0001
2026-08-19 19:03:54,558   INFO  epoch: 4/50, acc_iter=2200, cur_iter=43/539, batch_size=8, iter_cost=0.48s, time_cost(epoch): 00:21/04:00, time_cost(all): 18:38/3:20:02, ade_TYPE_VEHICLE_layer_5=1.646, ade_TYPE_PEDESTRIAN_layer_5=0.173, ade_TYPE_CYCLIST_layer_5=-0.000, loss=171.587, lr=0.0001
2026-08-19 19:04:18,303   INFO  epoch: 4/50, acc_iter=2250, cur_iter=93/539, batch_size=8, iter_cost=0.48s, time_cost(epoch): 00:45/03:33, time_cost(all): 19:02/3:17:26, ade_TYPE_VEHICLE_layer_5=1.096, ade_TYPE_PEDESTRIAN_layer_5=0.265, ade_TYPE_CYCLIST_layer_5=3.559, loss=253.093, lr=0.0001
2026-08-19 19:04:41,474   INFO  epoch: 4/50, acc_iter=2300, cur_iter=143/539, batch_size=8, iter_cost=0.47s, time_cost(epoch): 01:08/03:07, time_cost(all): 19:25/3:14:43, ade_TYPE_VEHICLE_layer_5=1.637, ade_TYPE_PEDESTRIAN_layer_5=0.393, ade_TYPE_CYCLIST_layer_5=0.273, loss=205.598, lr=0.0001
2026-08-19 19:05:04,609   INFO  epoch: 4/50, acc_iter=2350, cur_iter=193/539, batch_size=8, iter_cost=0.47s, time_cost(epoch): 01:31/02:42, time_cost(all): 19:48/3:13:08, ade_TYPE_VEHICLE_layer_5=0.849, ade_TYPE_PEDESTRIAN_layer_5=0.410, ade_TYPE_CYCLIST_layer_5=-0.000, loss=150.492, lr=0.0001
2026-08-19 19:05:28,355   INFO  epoch: 4/50, acc_iter=2400, cur_iter=243/539, batch_size=8, iter_cost=0.47s, time_cost(epoch): 01:55/02:19, time_cost(all): 20:12/3:13:04, ade_TYPE_VEHICLE_layer_5=1.784, ade_TYPE_PEDESTRIAN_layer_5=0.424, ade_TYPE_CYCLIST_layer_5=0.361, loss=171.220, lr=0.0001
2026-08-19 19:05:52,184   INFO  epoch: 4/50, acc_iter=2450, cur_iter=293/539, batch_size=8, iter_cost=0.47s, time_cost(epoch): 02:18/01:56, time_cost(all): 20:35/3:13:00, ade_TYPE_VEHICLE_layer_5=1.287, ade_TYPE_PEDESTRIAN_layer_5=0.106, ade_TYPE_CYCLIST_layer_5=0.447, loss=215.403, lr=0.0001
2026-08-19 19:06:16,122   INFO  epoch: 4/50, acc_iter=2500, cur_iter=343/539, batch_size=8, iter_cost=0.47s, time_cost(epoch): 02:42/01:32, time_cost(all): 20:59/3:12:58, ade_TYPE_VEHICLE_layer_5=0.869, ade_TYPE_PEDESTRIAN_layer_5=0.228, ade_TYPE_CYCLIST_layer_5=0.329, loss=178.359, lr=0.0001
2026-08-19 19:06:39,968   INFO  epoch: 4/50, acc_iter=2550, cur_iter=393/539, batch_size=8, iter_cost=0.47s, time_cost(epoch): 03:06/01:09, time_cost(all): 21:23/3:12:45, ade_TYPE_VEHICLE_layer_5=1.629, ade_TYPE_PEDESTRIAN_layer_5=0.460, ade_TYPE_CYCLIST_layer_5=0.743, loss=252.472, lr=0.0001
2026-08-19 19:07:03,915   INFO  epoch: 4/50, acc_iter=2600, cur_iter=443/539, batch_size=8, iter_cost=0.47s, time_cost(epoch): 03:30/00:45, time_cost(all): 21:47/3:12:35, ade_TYPE_VEHICLE_layer_5=1.376, ade_TYPE_PEDESTRIAN_layer_5=0.249, ade_TYPE_CYCLIST_layer_5=1.213, loss=290.360, lr=0.0001
2026-08-19 19:07:28,302   INFO  epoch: 4/50, acc_iter=2650, cur_iter=493/539, batch_size=8, iter_cost=0.48s, time_cost(epoch): 03:55/00:21, time_cost(all): 22:12/3:12:44, ade_TYPE_VEHICLE_layer_5=0.980, ade_TYPE_PEDESTRIAN_layer_5=0.214, ade_TYPE_CYCLIST_layer_5=-0.000, loss=173.198, lr=0.0001
2026-08-19 19:07:49,202   INFO  epoch: 4/50, acc_iter=2695, cur_iter=538/539, batch_size=4, iter_cost=0.47s, time_cost(epoch): 04:15/00:00, time_cost(all): 22:32/3:11:59, ade_TYPE_VEHICLE_layer_5=1.820, ade_TYPE_PEDESTRIAN_layer_5=0.126, ade_TYPE_CYCLIST_layer_5=-0.000, loss=262.389, lr=0.0001
epochs:  10%|█████████████████▊                                                                                                                                                                | 5/50 [22:33<3:20:31, 267.36s/it]
2026-08-19 19:07:50,836   INFO  epoch: 5/50, acc_iter=2696, cur_iter=0/539, batch_size=8, iter_cost=0.86s, time_cost(epoch): 00:00/07:44, time_cost(all): 22:34/5:48:37, ade_TYPE_VEHICLE_layer_5=0.922, ade_TYPE_PEDESTRIAN_layer_5=-0.000, ade_TYPE_CYCLIST_layer_5=-0.000, loss=239.160, lr=0.0001
2026-08-19 19:07:52,699   INFO  epoch: 5/50, acc_iter=2700, cur_iter=4/539, batch_size=8, iter_cost=0.55s, time_cost(epoch): 00:02/04:51, time_cost(all): 22:36/3:40:18, ade_TYPE_VEHICLE_layer_5=1.690, ade_TYPE_PEDESTRIAN_layer_5=0.296, ade_TYPE_CYCLIST_layer_5=0.407, loss=171.466, lr=0.0001
2026-08-19 19:08:16,425   INFO  epoch: 5/50, acc_iter=2750, cur_iter=54/539, batch_size=8, iter_cost=0.48s, time_cost(epoch): 00:26/03:53, time_cost(all): 23:00/3:13:59, ade_TYPE_VEHICLE_layer_5=1.099, ade_TYPE_PEDESTRIAN_layer_5=0.177, ade_TYPE_CYCLIST_layer_5=-0.000, loss=277.555, lr=0.0001
2026-08-19 19:08:40,708   INFO  epoch: 5/50, acc_iter=2800, cur_iter=104/539, batch_size=8, iter_cost=0.48s, time_cost(epoch): 00:50/03:30, time_cost(all): 23:24/3:14:29, ade_TYPE_VEHICLE_layer_5=1.117, ade_TYPE_PEDESTRIAN_layer_5=0.173, ade_TYPE_CYCLIST_layer_5=0.457, loss=187.276, lr=0.0001
2026-08-19 19:09:04,617   INFO  epoch: 5/50, acc_iter=2850, cur_iter=154/539, batch_size=8, iter_cost=0.48s, time_cost(epoch): 01:14/03:05, time_cost(all): 23:48/3:13:26, ade_TYPE_VEHICLE_layer_5=1.561, ade_TYPE_PEDESTRIAN_layer_5=0.211, ade_TYPE_CYCLIST_layer_5=0.632, loss=147.710, lr=0.0001
2026-08-19 19:09:28,698   INFO  epoch: 5/50, acc_iter=2900, cur_iter=204/539, batch_size=8, iter_cost=0.48s, time_cost(epoch): 01:38/02:41, time_cost(all): 24:12/3:13:02, ade_TYPE_VEHICLE_layer_5=1.570, ade_TYPE_PEDESTRIAN_layer_5=0.339, ade_TYPE_CYCLIST_layer_5=0.482, loss=211.756, lr=0.0001
2026-08-19 19:09:52,908   INFO  epoch: 5/50, acc_iter=2950, cur_iter=254/539, batch_size=8, iter_cost=0.48s, time_cost(epoch): 02:02/02:17, time_cost(all): 24:36/3:12:50, ade_TYPE_VEHICLE_layer_5=0.726, ade_TYPE_PEDESTRIAN_layer_5=0.228, ade_TYPE_CYCLIST_layer_5=0.976, loss=165.899, lr=0.0001
2026-08-19 19:10:17,348   INFO  epoch: 5/50, acc_iter=3000, cur_iter=304/539, batch_size=8, iter_cost=0.48s, time_cost(epoch): 02:27/01:53, time_cost(all): 25:01/3:12:53, ade_TYPE_VEHICLE_layer_5=1.550, ade_TYPE_PEDESTRIAN_layer_5=0.090, ade_TYPE_CYCLIST_layer_5=0.388, loss=245.692, lr=0.0001
2026-08-19 19:10:41,145   INFO  epoch: 5/50, acc_iter=3050, cur_iter=354/539, batch_size=8, iter_cost=0.48s, time_cost(epoch): 02:51/01:29, time_cost(all): 25:24/3:12:04, ade_TYPE_VEHICLE_layer_5=1.692, ade_TYPE_PEDESTRIAN_layer_5=0.483, ade_TYPE_CYCLIST_layer_5=-0.000, loss=239.602, lr=0.0001
2026-08-19 19:11:04,559   INFO  epoch: 5/50, acc_iter=3100, cur_iter=404/539, batch_size=8, iter_cost=0.48s, time_cost(epoch): 03:14/01:04, time_cost(all): 25:48/3:10:59, ade_TYPE_VEHICLE_layer_5=1.482, ade_TYPE_PEDESTRIAN_layer_5=0.268, ade_TYPE_CYCLIST_layer_5=1.811, loss=240.922, lr=0.0001
2026-08-19 19:11:28,103   INFO  epoch: 5/50, acc_iter=3150, cur_iter=454/539, batch_size=8, iter_cost=0.48s, time_cost(epoch): 03:38/00:40, time_cost(all): 26:11/3:10:10, ade_TYPE_VEHICLE_layer_5=1.121, ade_TYPE_PEDESTRIAN_layer_5=0.124, ade_TYPE_CYCLIST_layer_5=0.689, loss=303.230, lr=0.0001
2026-08-19 19:11:51,520   INFO  epoch: 5/50, acc_iter=3200, cur_iter=504/539, batch_size=8, iter_cost=0.48s, time_cost(epoch): 04:01/00:16, time_cost(all): 26:35/3:09:20, ade_TYPE_VEHICLE_layer_5=1.350, ade_TYPE_PEDESTRIAN_layer_5=0.275, ade_TYPE_CYCLIST_layer_5=0.991, loss=171.599, lr=0.0001
2026-08-19 19:12:07,229   INFO  epoch: 5/50, acc_iter=3234, cur_iter=538/539, batch_size=4, iter_cost=0.48s, time_cost(epoch): 04:17/00:00, time_cost(all): 26:51/3:08:39, ade_TYPE_VEHICLE_layer_5=2.536, ade_TYPE_PEDESTRIAN_layer_5=0.292, ade_TYPE_CYCLIST_layer_5=0.990, loss=246.205, lr=0.0001
2026-08-19 19:12:09,123   INFO  ==> Eval with EMA weights (epoch 6)
2026-08-19 19:12:09,244   INFO  *************** EPOCH 6 EVALUATION *****************
2026-08-19 19:12:10,112   INFO  eval: epoch=6, batch_iter=0/79, batch_size=8, iter_cost=0.87s, time_cost: 00:00/01:08, 
2026-08-19 19:12:11,248   INFO  eval: epoch=6, batch_iter=10/79, batch_size=8, iter_cost=0.20s, time_cost: 00:02/00:13, 
2026-08-19 19:12:12,411   INFO  eval: epoch=6, batch_iter=20/79, batch_size=8, iter_cost=0.16s, time_cost: 00:03/00:09, 
2026-08-19 19:12:13,578   INFO  eval: epoch=6, batch_iter=30/79, batch_size=8, iter_cost=0.14s, time_cost: 00:04/00:07, 
2026-08-19 19:12:14,780   INFO  eval: epoch=6, batch_iter=40/79, batch_size=8, iter_cost=0.14s, time_cost: 00:05/00:05, 
2026-08-19 19:12:15,948   INFO  eval: epoch=6, batch_iter=50/79, batch_size=8, iter_cost=0.13s, time_cost: 00:06/00:03, 
2026-08-19 19:12:17,131   INFO  eval: epoch=6, batch_iter=60/79, batch_size=8, iter_cost=0.13s, time_cost: 00:07/00:02, 
2026-08-19 19:12:18,242   INFO  eval: epoch=6, batch_iter=70/79, batch_size=8, iter_cost=0.13s, time_cost: 00:08/00:01, 
2026-08-19 19:12:19,049   INFO  eval: epoch=6, batch_iter=78/79, batch_size=1, iter_cost=0.13s, time_cost: 00:09/00:00, 
eval:   0%|                                                                                                                                                                                               | 0/79 [00:09<?, ?it/s]
2026-08-19 19:12:19,138   INFO  Total number of samples before merging from multiple GPUs: 625
2026-08-19 19:12:19,588   INFO  Total number of samples after merging from multiple GPUs (removing duplicate): 5000
2026-08-19 19:12:19,593   INFO  *************** Performance of EPOCH 6 *****************
2026-08-19 19:12:19,593   INFO  Generate label finished(sec_per_example: 0.0021 second).
Total number for evaluation (intput): 5000
Total number for evaluation (after processed): 22520
Total number for evaluation (intput): 5000
Total number for evaluation (after processed): 22520
Total number for evaluation (intput): 5000
Total number for evaluation (after processed): 22520
2026-08-19 19:12:25,805   INFO  
========== Evaluation @ 3s ==========
minADE - VEHICLE: 1.5779 
minADE - PEDESTRIAN: 0.2949 
minADE - CYCLIST: 0.7602 
minFDE - VEHICLE: 2.9177 
minFDE - PEDESTRIAN: 0.5630 
minFDE - CYCLIST: 1.4937 
MissRate - VEHICLE: 0.5310 
MissRate - PEDESTRIAN: 0.1815 
MissRate - CYCLIST: 0.5044 
OverlapRate - VEHICLE: 0.0429 
OverlapRate - PEDESTRIAN: 0.0619 
OverlapRate - CYCLIST: 0.0260 
mAP - VEHICLE: 0.1031 
mAP - PEDESTRIAN: 0.1998 
mAP - CYCLIST: 0.1466 
minADE: 0.8777 
minFDE: 1.6582 
MissRate: 0.4056 
mAP: 0.1498 
       Waymo          mAP       minADE       minFDE     MissRate            
      VEHICLE      0.1031,      1.5779,      2.9177,      0.5310,            
   PEDESTRIAN      0.1998,      0.2949,      0.5630,      0.1815,            
      CYCLIST      0.1466,      0.7602,      1.4937,      0.5044,            
          Avg      0.1498,      0.8777,      1.6582,      0.4056,            
========== Evaluation @ 5s ==========
minADE - VEHICLE: 2.3010 
minADE - PEDESTRIAN: 0.4331 
minADE - CYCLIST: 1.1347 
minFDE - VEHICLE: 4.6946 
minFDE - PEDESTRIAN: 0.8726 
minFDE - CYCLIST: 2.4083 
MissRate - VEHICLE: 0.5664 
MissRate - PEDESTRIAN: 0.2091 
MissRate - CYCLIST: 0.5359 
OverlapRate - VEHICLE: 0.0781 
OverlapRate - PEDESTRIAN: 0.0661 
OverlapRate - CYCLIST: 0.0434 
mAP - VEHICLE: 0.1201 
mAP - PEDESTRIAN: 0.3139 
mAP - CYCLIST: 0.1602 
minADE: 1.2896 
minFDE: 2.6585 
MissRate: 0.4372 
mAP: 0.1980 
       Waymo          mAP       minADE       minFDE     MissRate            
      VEHICLE      0.1201,      2.3010,      4.6946,      0.5664,            
   PEDESTRIAN      0.3139,      0.4331,      0.8726,      0.2091,            
      CYCLIST      0.1602,      1.1347,      2.4083,      0.5359,            
          Avg      0.1980,      1.2896,      2.6585,      0.4372,            
========== Evaluation @ 8s ==========
minADE - VEHICLE: 3.4193 
minADE - PEDESTRIAN: 0.6253 
minADE - CYCLIST: 1.6955 
minFDE - VEHICLE: 7.6714 
minFDE - PEDESTRIAN: 1.3649 
minFDE - CYCLIST: 3.8945 
MissRate - VEHICLE: 0.5936 
MissRate - PEDESTRIAN: 0.2379 
MissRate - CYCLIST: 0.5694 
OverlapRate - VEHICLE: 0.1122 
OverlapRate - PEDESTRIAN: 0.0721 
OverlapRate - CYCLIST: 0.0608 
mAP - VEHICLE: 0.1383 
mAP - PEDESTRIAN: 0.1811 
mAP - CYCLIST: 0.1805 
minADE: 1.9134 
minFDE: 4.3103 
MissRate: 0.4670 
mAP: 0.1666 
       Waymo          mAP       minADE       minFDE     MissRate            
      VEHICLE      0.1383,      3.4193,      7.6714,      0.5936,            
   PEDESTRIAN      0.1811,      0.6253,      1.3649,      0.2379,            
      CYCLIST      0.1805,      1.6955,      3.8945,      0.5694,            
          Avg      0.1666,      1.9134,      4.3103,      0.4670,            
2026-08-19 19:12:25,806   INFO  Result is save to /root/wanqinghua/MTR/output/waymo/mtr_voyah_data/mtr_with_qcnet_v1/eval/eval_with_train
2026-08-19 19:12:25,806   INFO  ****************Evaluation done.*****************
2026-08-19 19:12:26,865   INFO  Save best model to /root/wanqinghua/MTR/output/waymo/mtr_voyah_data/mtr_with_qcnet_v1/ckpt/best_model
2026-08-19 19:12:28,631   INFO  Save EMA best model to /root/wanqinghua/MTR/output/waymo/mtr_voyah_data/mtr_with_qcnet_v1/ckpt/best_model_ema
epochs:  12%|█████████████████████▎                                                                                                                                                            | 6/50 [27:12<3:19:02, 271.42s/it]
2026-08-19 19:12:29,992   INFO  epoch: 6/50, acc_iter=3235, cur_iter=0/539, batch_size=8, iter_cost=0.87s, time_cost(epoch): 00:00/07:49, time_cost(all): 27:13/5:44:20, ade_TYPE_VEHICLE_layer_5=0.945, ade_TYPE_PEDESTRIAN_layer_5=0.098, ade_TYPE_CYCLIST_layer_5=1.082, loss=193.366, lr=0.0001
2026-08-19 19:12:36,868   INFO  epoch: 6/50, acc_iter=3250, cur_iter=15/539, batch_size=8, iter_cost=0.48s, time_cost(epoch): 00:07/04:13, time_cost(all): 27:20/3:11:16, ade_TYPE_VEHICLE_layer_5=0.851, ade_TYPE_PEDESTRIAN_layer_5=0.168, ade_TYPE_CYCLIST_layer_5=0.365, loss=193.595, lr=0.0001
2026-08-19 19:13:00,577   INFO  epoch: 6/50, acc_iter=3300, cur_iter=65/539, batch_size=8, iter_cost=0.48s, time_cost(epoch): 00:31/03:45, time_cost(all): 27:44/3:07:52, ade_TYPE_VEHICLE_layer_5=0.661, ade_TYPE_PEDESTRIAN_layer_5=0.137, ade_TYPE_CYCLIST_layer_5=-0.000, loss=141.333, lr=0.0001
2026-08-19 19:13:24,809   INFO  epoch: 6/50, acc_iter=3350, cur_iter=115/539, batch_size=8, iter_cost=0.48s, time_cost(epoch): 00:55/03:23, time_cost(all): 28:08/3:08:50, ade_TYPE_VEHICLE_layer_5=1.100, ade_TYPE_PEDESTRIAN_layer_5=0.193, ade_TYPE_CYCLIST_layer_5=0.234, loss=186.322, lr=0.0001
2026-08-19 19:13:48,388   INFO  epoch: 6/50, acc_iter=3400, cur_iter=165/539, batch_size=8, iter_cost=0.48s, time_cost(epoch): 01:19/02:58, time_cost(all): 28:32/3:07:25, ade_TYPE_VEHICLE_layer_5=0.968, ade_TYPE_PEDESTRIAN_layer_5=0.159, ade_TYPE_CYCLIST_layer_5=0.365, loss=181.758, lr=0.0001
2026-08-19 19:14:11,867   INFO  epoch: 6/50, acc_iter=3450, cur_iter=215/539, batch_size=8, iter_cost=0.48s, time_cost(epoch): 01:42/02:34, time_cost(all): 28:55/3:06:18, ade_TYPE_VEHICLE_layer_5=0.843, ade_TYPE_PEDESTRIAN_layer_5=0.314, ade_TYPE_CYCLIST_layer_5=-0.000, loss=198.214, lr=0.0001
2026-08-19 19:14:35,545   INFO  epoch: 6/50, acc_iter=3500, cur_iter=265/539, batch_size=8, iter_cost=0.48s, time_cost(epoch): 02:06/02:10, time_cost(all): 29:19/3:05:45, ade_TYPE_VEHICLE_layer_5=1.031, ade_TYPE_PEDESTRIAN_layer_5=0.153, ade_TYPE_CYCLIST_layer_5=-0.000, loss=222.668, lr=0.0001
2026-08-19 19:14:59,337   INFO  epoch: 6/50, acc_iter=3550, cur_iter=315/539, batch_size=8, iter_cost=0.48s, time_cost(epoch): 02:30/01:46, time_cost(all): 29:43/3:05:24, ade_TYPE_VEHICLE_layer_5=1.132, ade_TYPE_PEDESTRIAN_layer_5=0.110, ade_TYPE_CYCLIST_layer_5=-0.000, loss=219.216, lr=0.0001
2026-08-19 19:15:22,790   INFO  epoch: 6/50, acc_iter=3600, cur_iter=365/539, batch_size=8, iter_cost=0.47s, time_cost(epoch): 02:53/01:22, time_cost(all): 30:06/3:04:40, ade_TYPE_VEHICLE_layer_5=0.700, ade_TYPE_PEDESTRIAN_layer_5=0.354, ade_TYPE_CYCLIST_layer_5=-0.000, loss=179.386, lr=0.0001
2026-08-19 19:15:46,573   INFO  epoch: 6/50, acc_iter=3650, cur_iter=415/539, batch_size=8, iter_cost=0.47s, time_cost(epoch): 03:17/00:58, time_cost(all): 30:30/3:04:19, ade_TYPE_VEHICLE_layer_5=0.859, ade_TYPE_PEDESTRIAN_layer_5=0.212, ade_TYPE_CYCLIST_layer_5=-0.000, loss=114.665, lr=0.0001
2026-08-19 19:16:11,119   INFO  epoch: 6/50, acc_iter=3700, cur_iter=465/539, batch_size=8, iter_cost=0.48s, time_cost(epoch): 03:41/00:35, time_cost(all): 30:54/3:04:36, ade_TYPE_VEHICLE_layer_5=0.732, ade_TYPE_PEDESTRIAN_layer_5=0.404, ade_TYPE_CYCLIST_layer_5=0.575, loss=103.937, lr=0.0001
2026-08-19 19:16:35,171   INFO  epoch: 6/50, acc_iter=3750, cur_iter=515/539, batch_size=8, iter_cost=0.48s, time_cost(epoch): 04:06/00:11, time_cost(all): 31:18/3:04:23, ade_TYPE_VEHICLE_layer_5=1.204, ade_TYPE_PEDESTRIAN_layer_5=0.077, ade_TYPE_CYCLIST_layer_5=0.747, loss=293.292, lr=0.0001
2026-08-19 19:16:46,350   INFO  epoch: 6/50, acc_iter=3773, cur_iter=538/539, batch_size=4, iter_cost=0.48s, time_cost(epoch): 04:17/00:00, time_cost(all): 31:30/3:04:21, ade_TYPE_VEHICLE_layer_5=0.848, ade_TYPE_PEDESTRIAN_layer_5=0.223, ade_TYPE_CYCLIST_layer_5=-0.000, loss=187.896, lr=0.0001
epochs:  14%|████████████████████████▉                                                                                                                                                         | 7/50 [31:30<3:11:20, 266.98s/it]
2026-08-19 19:16:48,156   INFO  epoch: 7/50, acc_iter=3774, cur_iter=0/539, batch_size=8, iter_cost=1.00s, time_cost(epoch): 00:00/08:57, time_cost(all): 31:31/6:25:09, ade_TYPE_VEHICLE_layer_5=0.874, ade_TYPE_PEDESTRIAN_layer_5=0.327, ade_TYPE_CYCLIST_layer_5=0.556, loss=259.905, lr=0.0001
2026-08-19 19:17:00,190   INFO  epoch: 7/50, acc_iter=3800, cur_iter=26/539, batch_size=8, iter_cost=0.48s, time_cost(epoch): 00:13/04:07, time_cost(all): 31:43/3:06:12, ade_TYPE_VEHICLE_layer_5=1.027, ade_TYPE_PEDESTRIAN_layer_5=0.325, ade_TYPE_CYCLIST_layer_5=-0.000, loss=186.674, lr=0.0001
2026-08-19 19:17:24,192   INFO  epoch: 7/50, acc_iter=3850, cur_iter=76/539, batch_size=8, iter_cost=0.48s, time_cost(epoch): 00:37/03:42, time_cost(all): 32:07/3:05:10, ade_TYPE_VEHICLE_layer_5=0.704, ade_TYPE_PEDESTRIAN_layer_5=0.299, ade_TYPE_CYCLIST_layer_5=-0.000, loss=102.525, lr=0.0001
2026-08-19 19:17:48,868   INFO  epoch: 7/50, acc_iter=3900, cur_iter=126/539, batch_size=8, iter_cost=0.49s, time_cost(epoch): 01:01/03:20, time_cost(all): 32:32/3:06:40, ade_TYPE_VEHICLE_layer_5=0.764, ade_TYPE_PEDESTRIAN_layer_5=-0.000, ade_TYPE_CYCLIST_layer_5=3.163, loss=230.214, lr=0.0001
2026-08-19 19:18:12,923   INFO  epoch: 7/50, acc_iter=3950, cur_iter=176/539, batch_size=8, iter_cost=0.48s, time_cost(epoch): 01:25/02:55, time_cost(all): 32:56/3:05:44, ade_TYPE_VEHICLE_layer_5=0.839, ade_TYPE_PEDESTRIAN_layer_5=0.295, ade_TYPE_CYCLIST_layer_5=-0.000, loss=195.203, lr=0.0001
2026-08-19 19:18:37,091   INFO  epoch: 7/50, acc_iter=4000, cur_iter=226/539, batch_size=8, iter_cost=0.48s, time_cost(epoch): 01:49/02:31, time_cost(all): 33:20/3:05:14, ade_TYPE_VEHICLE_layer_5=0.769, ade_TYPE_PEDESTRIAN_layer_5=0.179, ade_TYPE_CYCLIST_layer_5=0.203, loss=233.510, lr=0.0001
2026-08-19 19:19:00,349   INFO  epoch: 7/50, acc_iter=4050, cur_iter=276/539, batch_size=8, iter_cost=0.48s, time_cost(epoch): 02:13/02:06, time_cost(all): 33:44/3:03:31, ade_TYPE_VEHICLE_layer_5=0.718, ade_TYPE_PEDESTRIAN_layer_5=0.575, ade_TYPE_CYCLIST_layer_5=-0.000, loss=177.577, lr=0.0001
2026-08-19 19:19:23,956   INFO  epoch: 7/50, acc_iter=4100, cur_iter=326/539, batch_size=8, iter_cost=0.48s, time_cost(epoch): 02:36/01:42, time_cost(all): 34:07/3:02:37, ade_TYPE_VEHICLE_layer_5=1.150, ade_TYPE_PEDESTRIAN_layer_5=0.330, ade_TYPE_CYCLIST_layer_5=-0.000, loss=218.255, lr=0.0001
2026-08-19 19:19:47,921   INFO  epoch: 7/50, acc_iter=4150, cur_iter=376/539, batch_size=8, iter_cost=0.48s, time_cost(epoch): 03:00/01:18, time_cost(all): 34:31/3:02:12, ade_TYPE_VEHICLE_layer_5=0.766, ade_TYPE_PEDESTRIAN_layer_5=0.183, ade_TYPE_CYCLIST_layer_5=0.964, loss=159.805, lr=0.0001
2026-08-19 19:20:11,550   INFO  epoch: 7/50, acc_iter=4200, cur_iter=426/539, batch_size=8, iter_cost=0.48s, time_cost(epoch): 03:24/00:54, time_cost(all): 34:55/3:01:30, ade_TYPE_VEHICLE_layer_5=0.881, ade_TYPE_PEDESTRIAN_layer_5=0.207, ade_TYPE_CYCLIST_layer_5=0.319, loss=177.883, lr=0.0001
2026-08-19 19:20:34,709   INFO  epoch: 7/50, acc_iter=4250, cur_iter=476/539, batch_size=8, iter_cost=0.48s, time_cost(epoch): 03:47/00:30, time_cost(all): 35:18/3:00:29, ade_TYPE_VEHICLE_layer_5=1.034, ade_TYPE_PEDESTRIAN_layer_5=0.261, ade_TYPE_CYCLIST_layer_5=-0.000, loss=163.329, lr=0.0001
2026-08-19 19:20:58,416   INFO  epoch: 7/50, acc_iter=4300, cur_iter=526/539, batch_size=8, iter_cost=0.48s, time_cost(epoch): 04:11/00:06, time_cost(all): 35:42/2:59:59, ade_TYPE_VEHICLE_layer_5=0.754, ade_TYPE_PEDESTRIAN_layer_5=0.117, ade_TYPE_CYCLIST_layer_5=0.487, loss=92.843, lr=0.0001
2026-08-19 19:21:03,937   INFO  epoch: 7/50, acc_iter=4312, cur_iter=538/539, batch_size=4, iter_cost=0.48s, time_cost(epoch): 04:16/00:00, time_cost(all): 35:47/2:59:45, ade_TYPE_VEHICLE_layer_5=0.708, ade_TYPE_PEDESTRIAN_layer_5=0.296, ade_TYPE_CYCLIST_layer_5=-0.000, loss=151.544, lr=0.0001
2026-08-19 19:21:05,729   INFO  ==> Eval with EMA weights (epoch 8)
2026-08-19 19:21:05,842   INFO  *************** EPOCH 8 EVALUATION *****************
2026-08-19 19:21:06,713   INFO  eval: epoch=8, batch_iter=0/79, batch_size=8, iter_cost=0.87s, time_cost: 00:00/01:08, 
2026-08-19 19:21:07,842   INFO  eval: epoch=8, batch_iter=10/79, batch_size=8, iter_cost=0.20s, time_cost: 00:01/00:13, 
2026-08-19 19:21:09,008   INFO  eval: epoch=8, batch_iter=20/79, batch_size=8, iter_cost=0.16s, time_cost: 00:03/00:09, 
2026-08-19 19:21:10,191   INFO  eval: epoch=8, batch_iter=30/79, batch_size=8, iter_cost=0.14s, time_cost: 00:04/00:07, 
2026-08-19 19:21:11,410   INFO  eval: epoch=8, batch_iter=40/79, batch_size=8, iter_cost=0.14s, time_cost: 00:05/00:05, 
2026-08-19 19:21:12,577   INFO  eval: epoch=8, batch_iter=50/79, batch_size=8, iter_cost=0.13s, time_cost: 00:06/00:03, 
2026-08-19 19:21:13,749   INFO  eval: epoch=8, batch_iter=60/79, batch_size=8, iter_cost=0.13s, time_cost: 00:07/00:02, 
2026-08-19 19:21:14,857   INFO  eval: epoch=8, batch_iter=70/79, batch_size=8, iter_cost=0.13s, time_cost: 00:09/00:01, 
2026-08-19 19:21:15,658   INFO  eval: epoch=8, batch_iter=78/79, batch_size=1, iter_cost=0.13s, time_cost: 00:09/00:00, 
eval:   0%|                                                                                                                                                                                               | 0/79 [00:09<?, ?it/s]
2026-08-19 19:21:15,764   INFO  Total number of samples before merging from multiple GPUs: 625
2026-08-19 19:21:16,305   INFO  Total number of samples after merging from multiple GPUs (removing duplicate): 5000
2026-08-19 19:21:16,306   INFO  *************** Performance of EPOCH 8 *****************
2026-08-19 19:21:16,307   INFO  Generate label finished(sec_per_example: 0.0021 second).
Total number for evaluation (intput): 5000
Total number for evaluation (after processed): 22520
Total number for evaluation (intput): 5000
Total number for evaluation (after processed): 22520
Total number for evaluation (intput): 5000
Total number for evaluation (after processed): 22520
2026-08-19 19:21:22,608   INFO  
========== Evaluation @ 3s ==========
minADE - VEHICLE: 1.7238 
minADE - PEDESTRIAN: 0.3025 
minADE - CYCLIST: 0.6679 
minFDE - VEHICLE: 2.9317 
minFDE - PEDESTRIAN: 0.5435 
minFDE - CYCLIST: 1.2484 
MissRate - VEHICLE: 0.5014 
MissRate - PEDESTRIAN: 0.1395 
MissRate - CYCLIST: 0.4006 
OverlapRate - VEHICLE: 0.0327 
OverlapRate - PEDESTRIAN: 0.0636 
OverlapRate - CYCLIST: 0.0289 
mAP - VEHICLE: 0.0832 
mAP - PEDESTRIAN: 0.3439 
mAP - CYCLIST: 0.1555 
minADE: 0.8981 
minFDE: 1.5745 
MissRate: 0.3471 
mAP: 0.1942 
       Waymo          mAP       minADE       minFDE     MissRate            
      VEHICLE      0.0832,      1.7238,      2.9317,      0.5014,            
   PEDESTRIAN      0.3439,      0.3025,      0.5435,      0.1395,            
      CYCLIST      0.1555,      0.6679,      1.2484,      0.4006,            
          Avg      0.1942,      0.8981,      1.5745,      0.3471,            
========== Evaluation @ 5s ==========
minADE - VEHICLE: 2.3316 
minADE - PEDESTRIAN: 0.4229 
minADE - CYCLIST: 0.9536 
minFDE - VEHICLE: 4.1540 
minFDE - PEDESTRIAN: 0.7959 
minFDE - CYCLIST: 1.8958 
MissRate - VEHICLE: 0.5152 
MissRate - PEDESTRIAN: 0.1535 
MissRate - CYCLIST: 0.4173 
OverlapRate - VEHICLE: 0.0613 
OverlapRate - PEDESTRIAN: 0.0678 
OverlapRate - CYCLIST: 0.0427 
mAP - VEHICLE: 0.1036 
mAP - PEDESTRIAN: 0.4180 
mAP - CYCLIST: 0.1609 
minADE: 1.2361 
minFDE: 2.2819 
MissRate: 0.3620 
mAP: 0.2275 
       Waymo          mAP       minADE       minFDE     MissRate            
      VEHICLE      0.1036,      2.3316,      4.1540,      0.5152,            
   PEDESTRIAN      0.4180,      0.4229,      0.7959,      0.1535,            
      CYCLIST      0.1609,      0.9536,      1.8958,      0.4173,            
          Avg      0.2275,      1.2361,      2.2819,      0.3620,            
========== Evaluation @ 8s ==========
minADE - VEHICLE: 3.1733 
minADE - PEDESTRIAN: 0.5815 
minADE - CYCLIST: 1.3588 
minFDE - VEHICLE: 6.1438 
minFDE - PEDESTRIAN: 1.1725 
minFDE - CYCLIST: 2.8800 
MissRate - VEHICLE: 0.5415 
MissRate - PEDESTRIAN: 0.1629 
MissRate - CYCLIST: 0.4266 
OverlapRate - VEHICLE: 0.0909 
OverlapRate - PEDESTRIAN: 0.0748 
OverlapRate - CYCLIST: 0.0555 
mAP - VEHICLE: 0.1208 
mAP - PEDESTRIAN: 0.2520 
mAP - CYCLIST: 0.1837 
minADE: 1.7045 
minFDE: 3.3988 
MissRate: 0.3770 
mAP: 0.1855 
       Waymo          mAP       minADE       minFDE     MissRate            
      VEHICLE      0.1208,      3.1733,      6.1438,      0.5415,            
   PEDESTRIAN      0.2520,      0.5815,      1.1725,      0.1629,            
      CYCLIST      0.1837,      1.3588,      2.8800,      0.4266,            
          Avg      0.1855,      1.7045,      3.3988,      0.3770,            
2026-08-19 19:21:22,609   INFO  Result is save to /root/wanqinghua/MTR/output/waymo/mtr_voyah_data/mtr_with_qcnet_v1/eval/eval_with_train
2026-08-19 19:21:22,610   INFO  ****************Evaluation done.*****************
2026-08-19 19:21:23,661   INFO  Save best model to /root/wanqinghua/MTR/output/waymo/mtr_voyah_data/mtr_with_qcnet_v1/ckpt/best_model
2026-08-19 19:21:25,401   INFO  Save EMA best model to /root/wanqinghua/MTR/output/waymo/mtr_voyah_data/mtr_with_qcnet_v1/ckpt/best_model_ema
epochs:  16%|████████████████████████████▍                                                                                                                                                     | 8/50 [36:09<3:09:32, 270.78s/it]
2026-08-19 19:21:26,846   INFO  epoch: 8/50, acc_iter=4313, cur_iter=0/539, batch_size=8, iter_cost=0.94s, time_cost(epoch): 00:00/08:27, time_cost(all): 36:10/5:55:31, ade_TYPE_VEHICLE_layer_5=0.992, ade_TYPE_PEDESTRIAN_layer_5=0.058, ade_TYPE_CYCLIST_layer_5=-0.000, loss=291.654, lr=0.0001
2026-08-19 19:21:44,154   INFO  epoch: 8/50, acc_iter=4350, cur_iter=37/539, batch_size=8, iter_cost=0.48s, time_cost(epoch): 00:18/04:01, time_cost(all): 36:27/3:00:54, ade_TYPE_VEHICLE_layer_5=0.594, ade_TYPE_PEDESTRIAN_layer_5=0.236, ade_TYPE_CYCLIST_layer_5=-0.000, loss=51.608, lr=0.0001
2026-08-19 19:22:08,162   INFO  epoch: 8/50, acc_iter=4400, cur_iter=87/539, batch_size=8, iter_cost=0.48s, time_cost(epoch): 00:42/03:37, time_cost(all): 36:51/3:00:29, ade_TYPE_VEHICLE_layer_5=0.703, ade_TYPE_PEDESTRIAN_layer_5=0.137, ade_TYPE_CYCLIST_layer_5=0.519, loss=220.801, lr=0.0001
2026-08-19 19:22:31,533   INFO  epoch: 8/50, acc_iter=4450, cur_iter=137/539, batch_size=8, iter_cost=0.48s, time_cost(epoch): 01:05/03:11, time_cost(all): 37:15/2:58:21, ade_TYPE_VEHICLE_layer_5=0.755, ade_TYPE_PEDESTRIAN_layer_5=0.184, ade_TYPE_CYCLIST_layer_5=0.403, loss=95.056, lr=0.0001
2026-08-19 19:22:55,754   INFO  epoch: 8/50, acc_iter=4500, cur_iter=187/539, batch_size=8, iter_cost=0.48s, time_cost(epoch): 01:29/02:48, time_cost(all): 37:39/2:58:49, ade_TYPE_VEHICLE_layer_5=0.726, ade_TYPE_PEDESTRIAN_layer_5=0.892, ade_TYPE_CYCLIST_layer_5=0.357, loss=185.578, lr=0.0001
2026-08-19 19:23:18,920   INFO  epoch: 8/50, acc_iter=4550, cur_iter=237/539, batch_size=8, iter_cost=0.47s, time_cost(epoch): 01:53/02:23, time_cost(all): 38:02/2:57:17, ade_TYPE_VEHICLE_layer_5=0.755, ade_TYPE_PEDESTRIAN_layer_5=0.411, ade_TYPE_CYCLIST_layer_5=0.431, loss=95.978, lr=0.0001
2026-08-19 19:23:42,623   INFO  epoch: 8/50, acc_iter=4600, cur_iter=287/539, batch_size=8, iter_cost=0.47s, time_cost(epoch): 02:16/01:59, time_cost(all): 38:26/2:56:50, ade_TYPE_VEHICLE_layer_5=0.944, ade_TYPE_PEDESTRIAN_layer_5=0.269, ade_TYPE_CYCLIST_layer_5=-0.000, loss=205.925, lr=0.0001
2026-08-19 19:24:06,349   INFO  epoch: 8/50, acc_iter=4650, cur_iter=337/539, batch_size=8, iter_cost=0.47s, time_cost(epoch): 02:40/01:35, time_cost(all): 38:50/2:56:26, ade_TYPE_VEHICLE_layer_5=1.020, ade_TYPE_PEDESTRIAN_layer_5=0.132, ade_TYPE_CYCLIST_layer_5=1.735, loss=154.469, lr=0.0001
2026-08-19 19:24:30,137   INFO  epoch: 8/50, acc_iter=4700, cur_iter=387/539, batch_size=8, iter_cost=0.47s, time_cost(epoch): 03:04/01:12, time_cost(all): 39:13/2:56:05, ade_TYPE_VEHICLE_layer_5=0.668, ade_TYPE_PEDESTRIAN_layer_5=0.216, ade_TYPE_CYCLIST_layer_5=0.594, loss=163.630, lr=0.0001
2026-08-19 19:24:54,384   INFO  epoch: 8/50, acc_iter=4750, cur_iter=437/539, batch_size=8, iter_cost=0.48s, time_cost(epoch): 03:28/00:48, time_cost(all): 39:38/2:56:07, ade_TYPE_VEHICLE_layer_5=0.717, ade_TYPE_PEDESTRIAN_layer_5=0.635, ade_TYPE_CYCLIST_layer_5=0.476, loss=126.649, lr=0.0001
2026-08-19 19:25:18,173   INFO  epoch: 8/50, acc_iter=4800, cur_iter=487/539, batch_size=8, iter_cost=0.48s, time_cost(epoch): 03:52/00:24, time_cost(all): 40:01/2:55:43, ade_TYPE_VEHICLE_layer_5=0.634, ade_TYPE_PEDESTRIAN_layer_5=0.211, ade_TYPE_CYCLIST_layer_5=-0.000, loss=57.168, lr=0.0001
2026-08-19 19:25:41,636   INFO  epoch: 8/50, acc_iter=4850, cur_iter=537/539, batch_size=8, iter_cost=0.48s, time_cost(epoch): 04:15/00:00, time_cost(all): 40:25/2:55:05, ade_TYPE_VEHICLE_layer_5=0.825, ade_TYPE_PEDESTRIAN_layer_5=0.237, ade_TYPE_CYCLIST_layer_5=-0.000, loss=222.868, lr=0.0001
2026-08-19 19:25:42,190   INFO  epoch: 8/50, acc_iter=4851, cur_iter=538/539, batch_size=4, iter_cost=0.48s, time_cost(epoch): 04:16/00:00, time_cost(all): 40:25/2:55:08, ade_TYPE_VEHICLE_layer_5=0.947, ade_TYPE_PEDESTRIAN_layer_5=0.222, ade_TYPE_CYCLIST_layer_5=0.372, loss=226.261, lr=0.0001
epochs:  18%|████████████████████████████████                                                                                                                                                  | 9/50 [40:26<3:02:04, 266.45s/it]
2026-08-19 19:25:43,913   INFO  epoch: 9/50, acc_iter=4852, cur_iter=0/539, batch_size=8, iter_cost=0.96s, time_cost(epoch): 00:00/08:36, time_cost(all): 40:27/5:52:48, ade_TYPE_VEHICLE_layer_5=0.495, ade_TYPE_PEDESTRIAN_layer_5=0.194, ade_TYPE_CYCLIST_layer_5=0.533, loss=163.666, lr=0.0001
2026-08-19 19:26:07,167   INFO  epoch: 9/50, acc_iter=4900, cur_iter=48/539, batch_size=8, iter_cost=0.49s, time_cost(epoch): 00:24/04:02, time_cost(all): 40:50/3:01:35, ade_TYPE_VEHICLE_layer_5=0.673, ade_TYPE_PEDESTRIAN_layer_5=0.302, ade_TYPE_CYCLIST_layer_5=0.480, loss=158.955, lr=0.0001
2026-08-19 19:26:30,721   INFO  epoch: 9/50, acc_iter=4950, cur_iter=98/539, batch_size=8, iter_cost=0.48s, time_cost(epoch): 00:47/03:32, time_cost(all): 41:14/2:56:55, ade_TYPE_VEHICLE_layer_5=0.719, ade_TYPE_PEDESTRIAN_layer_5=0.214, ade_TYPE_CYCLIST_layer_5=0.313, loss=169.671, lr=0.0001
2026-08-19 19:26:55,485   INFO  epoch: 9/50, acc_iter=5000, cur_iter=148/539, batch_size=8, iter_cost=0.49s, time_cost(epoch): 01:12/03:10, time_cost(all): 41:39/2:58:05, ade_TYPE_VEHICLE_layer_5=0.624, ade_TYPE_PEDESTRIAN_layer_5=0.387, ade_TYPE_CYCLIST_layer_5=-0.000, loss=215.459, lr=0.0001
2026-08-19 19:27:18,504   INFO  epoch: 9/50, acc_iter=5050, cur_iter=198/539, batch_size=8, iter_cost=0.48s, time_cost(epoch): 01:35/02:43, time_cost(all): 42:02/2:55:15, ade_TYPE_VEHICLE_layer_5=0.628, ade_TYPE_PEDESTRIAN_layer_5=0.472, ade_TYPE_CYCLIST_layer_5=-0.000, loss=202.841, lr=0.0001
2026-08-19 19:27:42,986   INFO  epoch: 9/50, acc_iter=5100, cur_iter=248/539, batch_size=8, iter_cost=0.48s, time_cost(epoch): 02:00/02:20, time_cost(all): 42:26/2:55:33, ade_TYPE_VEHICLE_layer_5=0.712, ade_TYPE_PEDESTRIAN_layer_5=0.148, ade_TYPE_CYCLIST_layer_5=-0.000, loss=144.032, lr=0.0001
2026-08-19 19:28:05,998   INFO  epoch: 9/50, acc_iter=5150, cur_iter=298/539, batch_size=8, iter_cost=0.48s, time_cost(epoch): 02:23/01:55, time_cost(all): 42:49/2:53:49, ade_TYPE_VEHICLE_layer_5=0.592, ade_TYPE_PEDESTRIAN_layer_5=0.217, ade_TYPE_CYCLIST_layer_5=1.770, loss=112.044, lr=0.0001
2026-08-19 19:28:29,579   INFO  epoch: 9/50, acc_iter=5200, cur_iter=348/539, batch_size=8, iter_cost=0.48s, time_cost(epoch): 02:46/01:31, time_cost(all): 43:13/2:53:04, ade_TYPE_VEHICLE_layer_5=0.933, ade_TYPE_PEDESTRIAN_layer_5=0.130, ade_TYPE_CYCLIST_layer_5=-0.000, loss=188.974, lr=0.0001
2026-08-19 19:28:53,683   INFO  epoch: 9/50, acc_iter=5250, cur_iter=398/539, batch_size=8, iter_cost=0.48s, time_cost(epoch): 03:10/01:07, time_cost(all): 43:37/2:52:53, ade_TYPE_VEHICLE_layer_5=0.823, ade_TYPE_PEDESTRIAN_layer_5=0.097, ade_TYPE_CYCLIST_layer_5=0.849, loss=177.178, lr=0.0001
2026-08-19 19:29:17,299   INFO  epoch: 9/50, acc_iter=5300, cur_iter=448/539, batch_size=8, iter_cost=0.48s, time_cost(epoch): 03:34/00:43, time_cost(all): 44:01/2:52:15, ade_TYPE_VEHICLE_layer_5=0.762, ade_TYPE_PEDESTRIAN_layer_5=0.365, ade_TYPE_CYCLIST_layer_5=0.665, loss=179.893, lr=0.0001
2026-08-19 19:29:41,259   INFO  epoch: 9/50, acc_iter=5350, cur_iter=498/539, batch_size=8, iter_cost=0.48s, time_cost(epoch): 03:58/00:19, time_cost(all): 44:25/2:51:55, ade_TYPE_VEHICLE_layer_5=0.544, ade_TYPE_PEDESTRIAN_layer_5=0.297, ade_TYPE_CYCLIST_layer_5=0.402, loss=139.477, lr=0.0001
2026-08-19 19:29:59,213   INFO  epoch: 9/50, acc_iter=5390, cur_iter=538/539, batch_size=4, iter_cost=0.48s, time_cost(epoch): 04:16/00:00, time_cost(all): 44:43/2:50:50, ade_TYPE_VEHICLE_layer_5=0.949, ade_TYPE_PEDESTRIAN_layer_5=0.168, ade_TYPE_CYCLIST_layer_5=-0.000, loss=212.832, lr=0.0001
2026-08-19 19:30:00,767   INFO  ==> Eval with EMA weights (epoch 10)
2026-08-19 19:30:00,871   INFO  *************** EPOCH 10 EVALUATION *****************
2026-08-19 19:30:01,761   INFO  eval: epoch=10, batch_iter=0/79, batch_size=8, iter_cost=0.89s, time_cost: 00:00/01:10, 
2026-08-19 19:30:02,903   INFO  eval: epoch=10, batch_iter=10/79, batch_size=8, iter_cost=0.20s, time_cost: 00:02/00:14, 
2026-08-19 19:30:04,076   INFO  eval: epoch=10, batch_iter=20/79, batch_size=8, iter_cost=0.16s, time_cost: 00:03/00:09, 
2026-08-19 19:30:05,260   INFO  eval: epoch=10, batch_iter=30/79, batch_size=8, iter_cost=0.15s, time_cost: 00:04/00:07, 
2026-08-19 19:30:06,461   INFO  eval: epoch=10, batch_iter=40/79, batch_size=8, iter_cost=0.14s, time_cost: 00:05/00:05, 
2026-08-19 19:30:07,630   INFO  eval: epoch=10, batch_iter=50/79, batch_size=8, iter_cost=0.14s, time_cost: 00:06/00:03, 
2026-08-19 19:30:08,794   INFO  eval: epoch=10, batch_iter=60/79, batch_size=8, iter_cost=0.13s, time_cost: 00:07/00:02, 
2026-08-19 19:30:09,894   INFO  eval: epoch=10, batch_iter=70/79, batch_size=8, iter_cost=0.13s, time_cost: 00:09/00:01, 
2026-08-19 19:30:10,697   INFO  eval: epoch=10, batch_iter=78/79, batch_size=1, iter_cost=0.13s, time_cost: 00:09/00:00, 
eval:   0%|                                                                                                                                                                                               | 0/79 [00:09<?, ?it/s]
2026-08-19 19:30:10,802   INFO  Total number of samples before merging from multiple GPUs: 625
2026-08-19 19:30:11,237   INFO  Total number of samples after merging from multiple GPUs (removing duplicate): 5000
2026-08-19 19:30:11,242   INFO  *************** Performance of EPOCH 10 *****************
2026-08-19 19:30:11,242   INFO  Generate label finished(sec_per_example: 0.0021 second).
Total number for evaluation (intput): 5000
Total number for evaluation (after processed): 22520
Total number for evaluation (intput): 5000
Total number for evaluation (after processed): 22520
Total number for evaluation (intput): 5000
Total number for evaluation (after processed): 22520
2026-08-19 19:30:17,615   INFO  
========== Evaluation @ 3s ==========
minADE - VEHICLE: 1.9613 
minADE - PEDESTRIAN: 0.2612 
minADE - CYCLIST: 0.9744 
minFDE - VEHICLE: 3.3004 
minFDE - PEDESTRIAN: 0.4814 
minFDE - CYCLIST: 1.7856 
MissRate - VEHICLE: 0.5682 
MissRate - PEDESTRIAN: 0.1165 
MissRate - CYCLIST: 0.5731 
OverlapRate - VEHICLE: 0.0308 
OverlapRate - PEDESTRIAN: 0.0627 
OverlapRate - CYCLIST: 0.0260 
mAP - VEHICLE: 0.0810 
mAP - PEDESTRIAN: 0.4181 
mAP - CYCLIST: 0.3147 
minADE: 1.0656 
minFDE: 1.8558 
MissRate: 0.4193 
mAP: 0.2713 
       Waymo          mAP       minADE       minFDE     MissRate            
      VEHICLE      0.0810,      1.9613,      3.3004,      0.5682,            
   PEDESTRIAN      0.4181,      0.2612,      0.4814,      0.1165,            
      CYCLIST      0.3147,      0.9744,      1.7856,      0.5731,            
          Avg      0.2713,      1.0656,      1.8558,      0.4193,            
========== Evaluation @ 5s ==========
minADE - VEHICLE: 2.5444 
minADE - PEDESTRIAN: 0.3736 
minADE - CYCLIST: 1.3558 
minFDE - VEHICLE: 4.4596 
minFDE - PEDESTRIAN: 0.7198 
minFDE - CYCLIST: 2.6607 
MissRate - VEHICLE: 0.5737 
MissRate - PEDESTRIAN: 0.1265 
MissRate - CYCLIST: 0.5769 
OverlapRate - VEHICLE: 0.0595 
OverlapRate - PEDESTRIAN: 0.0678 
OverlapRate - CYCLIST: 0.0355 
mAP - VEHICLE: 0.0917 
mAP - PEDESTRIAN: 0.5038 
mAP - CYCLIST: 0.1251 
minADE: 1.4246 
minFDE: 2.6134 
MissRate: 0.4257 
mAP: 0.2402 
       Waymo          mAP       minADE       minFDE     MissRate            
      VEHICLE      0.0917,      2.5444,      4.4596,      0.5737,            
   PEDESTRIAN      0.5038,      0.3736,      0.7198,      0.1265,            
      CYCLIST      0.1251,      1.3558,      2.6607,      0.5769,            
          Avg      0.2402,      1.4246,      2.6134,      0.4257,            
========== Evaluation @ 8s ==========
minADE - VEHICLE: 3.2809 
minADE - PEDESTRIAN: 0.5245 
minADE - CYCLIST: 1.8599 
minFDE - VEHICLE: 6.1238 
minFDE - PEDESTRIAN: 1.0830 
minFDE - CYCLIST: 3.8389 
MissRate - VEHICLE: 0.5850 
MissRate - PEDESTRIAN: 0.1456 
MissRate - CYCLIST: 0.5831 
OverlapRate - VEHICLE: 0.0860 
OverlapRate - PEDESTRIAN: 0.0745 
OverlapRate - CYCLIST: 0.0487 
mAP - VEHICLE: 0.1195 
mAP - PEDESTRIAN: 0.2956 
mAP - CYCLIST: 0.1220 
minADE: 1.8884 
minFDE: 3.6819 
MissRate: 0.4379 
mAP: 0.1790 
       Waymo          mAP       minADE       minFDE     MissRate            
      VEHICLE      0.1195,      3.2809,      6.1238,      0.5850,            
   PEDESTRIAN      0.2956,      0.5245,      1.0830,      0.1456,            
      CYCLIST      0.1220,      1.8599,      3.8389,      0.5831,            
          Avg      0.1790,      1.8884,      3.6819,      0.4379,            
2026-08-19 19:30:17,616   INFO  Result is save to /root/wanqinghua/MTR/output/waymo/mtr_voyah_data/mtr_with_qcnet_v1/eval/eval_with_train
2026-08-19 19:30:17,616   INFO  ****************Evaluation done.*****************
epochs:  20%|███████████████████████████████████▍                                                                                                                                             | 10/50 [45:01<2:59:27, 269.20s/it]
2026-08-19 19:30:19,024   INFO  epoch: 10/50, acc_iter=5391, cur_iter=0/539, batch_size=8, iter_cost=0.84s, time_cost(epoch): 00:00/07:33, time_cost(all): 45:02/5:02:19, ade_TYPE_VEHICLE_layer_5=0.755, ade_TYPE_PEDESTRIAN_layer_5=0.160, ade_TYPE_CYCLIST_layer_5=-0.000, loss=160.736, lr=0.0001
2026-08-19 19:30:23,546   INFO  epoch: 10/50, acc_iter=5400, cur_iter=9/539, batch_size=8, iter_cost=0.54s, time_cost(epoch): 00:05/04:44, time_cost(all): 45:07/3:12:37, ade_TYPE_VEHICLE_layer_5=0.619, ade_TYPE_PEDESTRIAN_layer_5=0.192, ade_TYPE_CYCLIST_layer_5=0.491, loss=81.315, lr=0.0001
2026-08-19 19:30:47,886   INFO  epoch: 10/50, acc_iter=5450, cur_iter=59/539, batch_size=8, iter_cost=0.50s, time_cost(epoch): 00:29/03:57, time_cost(all): 45:31/2:57:24, ade_TYPE_VEHICLE_layer_5=0.608, ade_TYPE_PEDESTRIAN_layer_5=0.351, ade_TYPE_CYCLIST_layer_5=0.287, loss=80.460, lr=0.0001
2026-08-19 19:31:11,870   INFO  epoch: 10/50, acc_iter=5500, cur_iter=109/539, batch_size=8, iter_cost=0.49s, time_cost(epoch): 00:53/03:29, time_cost(all): 45:55/2:54:29, ade_TYPE_VEHICLE_layer_5=0.768, ade_TYPE_PEDESTRIAN_layer_5=0.239, ade_TYPE_CYCLIST_layer_5=0.397, loss=246.684, lr=0.0001
2026-08-19 19:31:35,930   INFO  epoch: 10/50, acc_iter=5550, cur_iter=159/539, batch_size=8, iter_cost=0.49s, time_cost(epoch): 01:17/03:04, time_cost(all): 46:19/2:53:19, ade_TYPE_VEHICLE_layer_5=0.519, ade_TYPE_PEDESTRIAN_layer_5=0.263, ade_TYPE_CYCLIST_layer_5=-0.000, loss=68.168, lr=0.0001
2026-08-19 19:32:00,144   INFO  epoch: 10/50, acc_iter=5600, cur_iter=209/539, batch_size=8, iter_cost=0.49s, time_cost(epoch): 01:41/02:40, time_cost(all): 46:43/2:52:46, ade_TYPE_VEHICLE_layer_5=0.658, ade_TYPE_PEDESTRIAN_layer_5=0.080, ade_TYPE_CYCLIST_layer_5=-0.000, loss=93.979, lr=0.0001
2026-08-19 19:32:24,248   INFO  epoch: 10/50, acc_iter=5650, cur_iter=259/539, batch_size=8, iter_cost=0.48s, time_cost(epoch): 02:06/02:15, time_cost(all): 47:08/2:52:08, ade_TYPE_VEHICLE_layer_5=0.763, ade_TYPE_PEDESTRIAN_layer_5=0.203, ade_TYPE_CYCLIST_layer_5=-0.000, loss=179.777, lr=0.0001
2026-08-19 19:32:48,605   INFO  epoch: 10/50, acc_iter=5700, cur_iter=309/539, batch_size=8, iter_cost=0.49s, time_cost(epoch): 02:30/01:51, time_cost(all): 47:32/2:51:51, ade_TYPE_VEHICLE_layer_5=0.596, ade_TYPE_PEDESTRIAN_layer_5=-0.000, ade_TYPE_CYCLIST_layer_5=0.574, loss=209.286, lr=0.0001
2026-08-19 19:33:12,539   INFO  epoch: 10/50, acc_iter=5750, cur_iter=359/539, batch_size=8, iter_cost=0.48s, time_cost(epoch): 02:54/01:27, time_cost(all): 47:56/2:51:08, ade_TYPE_VEHICLE_layer_5=0.619, ade_TYPE_PEDESTRIAN_layer_5=-0.000, ade_TYPE_CYCLIST_layer_5=0.582, loss=538.212, lr=0.0001
2026-08-19 19:33:36,779   INFO  epoch: 10/50, acc_iter=5800, cur_iter=409/539, batch_size=8, iter_cost=0.48s, time_cost(epoch): 03:18/01:02, time_cost(all): 48:20/2:50:45, ade_TYPE_VEHICLE_layer_5=0.540, ade_TYPE_PEDESTRIAN_layer_5=0.132, ade_TYPE_CYCLIST_layer_5=0.316, loss=99.330, lr=0.0001
2026-08-19 19:34:00,753   INFO  epoch: 10/50, acc_iter=5850, cur_iter=459/539, batch_size=8, iter_cost=0.48s, time_cost(epoch): 03:42/00:38, time_cost(all): 48:44/2:50:09, ade_TYPE_VEHICLE_layer_5=0.499, ade_TYPE_PEDESTRIAN_layer_5=0.192, ade_TYPE_CYCLIST_layer_5=-0.000, loss=86.278, lr=0.0001
2026-08-19 19:34:24,913   INFO  epoch: 10/50, acc_iter=5900, cur_iter=509/539, batch_size=8, iter_cost=0.48s, time_cost(epoch): 04:06/00:14, time_cost(all): 49:08/2:49:44, ade_TYPE_VEHICLE_layer_5=0.929, ade_TYPE_PEDESTRIAN_layer_5=0.143, ade_TYPE_CYCLIST_layer_5=-0.000, loss=247.228, lr=0.0001
2026-08-19 19:34:38,344   INFO  epoch: 10/50, acc_iter=5929, cur_iter=538/539, batch_size=4, iter_cost=0.48s, time_cost(epoch): 04:20/00:00, time_cost(all): 49:22/2:49:06, ade_TYPE_VEHICLE_layer_5=0.631, ade_TYPE_PEDESTRIAN_layer_5=0.340, ade_TYPE_CYCLIST_layer_5=-0.000, loss=92.538, lr=0.0001
epochs:  22%|██████████████████████████████████████▉                                                                                                                                          | 11/50 [49:22<2:53:18, 266.63s/it]
2026-08-19 19:34:40,007   INFO  epoch: 11/50, acc_iter=5930, cur_iter=0/539, batch_size=8, iter_cost=0.93s, time_cost(epoch): 00:00/08:18, time_cost(all): 49:23/5:24:15, ade_TYPE_VEHICLE_layer_5=0.690, ade_TYPE_PEDESTRIAN_layer_5=0.332, ade_TYPE_CYCLIST_layer_5=0.576, loss=124.125, lr=0.0001
2026-08-19 19:34:49,421   INFO  epoch: 11/50, acc_iter=5950, cur_iter=20/539, batch_size=8, iter_cost=0.49s, time_cost(epoch): 00:10/04:15, time_cost(all): 49:33/2:52:20, ade_TYPE_VEHICLE_layer_5=0.622, ade_TYPE_PEDESTRIAN_layer_5=0.285, ade_TYPE_CYCLIST_layer_5=0.296, loss=128.036, lr=0.0001
2026-08-19 19:35:14,338   INFO  epoch: 11/50, acc_iter=6000, cur_iter=70/539, batch_size=8, iter_cost=0.50s, time_cost(epoch): 00:35/03:52, time_cost(all): 49:58/2:53:23, ade_TYPE_VEHICLE_layer_5=0.758, ade_TYPE_PEDESTRIAN_layer_5=0.416, ade_TYPE_CYCLIST_layer_5=-0.000, loss=147.645, lr=0.0001
2026-08-19 19:35:37,969   INFO  epoch: 11/50, acc_iter=6050, cur_iter=120/539, batch_size=8, iter_cost=0.49s, time_cost(epoch): 00:58/03:23, time_cost(all): 50:21/2:49:32, ade_TYPE_VEHICLE_layer_5=0.596, ade_TYPE_PEDESTRIAN_layer_5=-0.000, ade_TYPE_CYCLIST_layer_5=-0.000, loss=91.986, lr=0.0001
2026-08-19 19:36:01,928   INFO  epoch: 11/50, acc_iter=6100, cur_iter=170/539, batch_size=8, iter_cost=0.48s, time_cost(epoch): 01:22/02:58, time_cost(all): 50:45/2:48:21, ade_TYPE_VEHICLE_layer_5=0.497, ade_TYPE_PEDESTRIAN_layer_5=0.455, ade_TYPE_CYCLIST_layer_5=1.288, loss=151.127, lr=0.0001
2026-08-19 19:36:25,413   INFO  epoch: 11/50, acc_iter=6150, cur_iter=220/539, batch_size=8, iter_cost=0.48s, time_cost(epoch): 01:46/02:33, time_cost(all): 51:09/2:46:48, ade_TYPE_VEHICLE_layer_5=0.656, ade_TYPE_PEDESTRIAN_layer_5=0.159, ade_TYPE_CYCLIST_layer_5=0.299, loss=175.854, lr=0.0001
2026-08-19 19:36:49,400   INFO  epoch: 11/50, acc_iter=6200, cur_iter=270/539, batch_size=8, iter_cost=0.48s, time_cost(epoch): 02:10/02:09, time_cost(all): 51:33/2:46:18, ade_TYPE_VEHICLE_layer_5=0.596, ade_TYPE_PEDESTRIAN_layer_5=0.144, ade_TYPE_CYCLIST_layer_5=0.285, loss=210.244, lr=0.0001
2026-08-19 19:37:13,580   INFO  epoch: 11/50, acc_iter=6250, cur_iter=320/539, batch_size=8, iter_cost=0.48s, time_cost(epoch): 02:34/01:45, time_cost(all): 51:57/2:46:03, ade_TYPE_VEHICLE_layer_5=0.595, ade_TYPE_PEDESTRIAN_layer_5=0.109, ade_TYPE_CYCLIST_layer_5=0.358, loss=56.758, lr=0.0001
2026-08-19 19:37:36,772   INFO  epoch: 11/50, acc_iter=6300, cur_iter=370/539, batch_size=8, iter_cost=0.48s, time_cost(epoch): 02:57/01:20, time_cost(all): 52:20/2:44:50, ade_TYPE_VEHICLE_layer_5=0.430, ade_TYPE_PEDESTRIAN_layer_5=0.182, ade_TYPE_CYCLIST_layer_5=-0.000, loss=-44.064, lr=0.0001
2026-08-19 19:38:01,287   INFO  epoch: 11/50, acc_iter=6350, cur_iter=420/539, batch_size=8, iter_cost=0.48s, time_cost(epoch): 03:22/00:57, time_cost(all): 52:45/2:44:54, ade_TYPE_VEHICLE_layer_5=0.582, ade_TYPE_PEDESTRIAN_layer_5=0.203, ade_TYPE_CYCLIST_layer_5=-0.000, loss=88.535, lr=0.0001
2026-08-19 19:38:24,862   INFO  epoch: 11/50, acc_iter=6400, cur_iter=470/539, batch_size=8, iter_cost=0.48s, time_cost(epoch): 03:45/00:33, time_cost(all): 53:08/2:44:11, ade_TYPE_VEHICLE_layer_5=0.773, ade_TYPE_PEDESTRIAN_layer_5=0.179, ade_TYPE_CYCLIST_layer_5=-0.000, loss=74.009, lr=0.0001
2026-08-19 19:38:49,409   INFO  epoch: 11/50, acc_iter=6450, cur_iter=520/539, batch_size=8, iter_cost=0.48s, time_cost(epoch): 04:10/00:09, time_cost(all): 53:33/2:44:10, ade_TYPE_VEHICLE_layer_5=0.660, ade_TYPE_PEDESTRIAN_layer_5=0.105, ade_TYPE_CYCLIST_layer_5=0.509, loss=141.921, lr=0.0001
2026-08-19 19:38:57,350   INFO  epoch: 11/50, acc_iter=6468, cur_iter=538/539, batch_size=4, iter_cost=0.48s, time_cost(epoch): 04:18/00:00, time_cost(all): 53:41/2:43:34, ade_TYPE_VEHICLE_layer_5=0.865, ade_TYPE_PEDESTRIAN_layer_5=0.117, ade_TYPE_CYCLIST_layer_5=-0.000, loss=143.964, lr=0.0001
2026-08-19 19:38:58,920   INFO  ==> Eval with EMA weights (epoch 12)
2026-08-19 19:38:59,030   INFO  *************** EPOCH 12 EVALUATION *****************
2026-08-19 19:38:59,904   INFO  eval: epoch=12, batch_iter=0/79, batch_size=8, iter_cost=0.87s, time_cost: 00:00/01:08, 
2026-08-19 19:39:01,062   INFO  eval: epoch=12, batch_iter=10/79, batch_size=8, iter_cost=0.20s, time_cost: 00:02/00:14, 
2026-08-19 19:39:02,232   INFO  eval: epoch=12, batch_iter=20/79, batch_size=8, iter_cost=0.16s, time_cost: 00:03/00:09, 
2026-08-19 19:39:03,413   INFO  eval: epoch=12, batch_iter=30/79, batch_size=8, iter_cost=0.15s, time_cost: 00:04/00:07, 
2026-08-19 19:39:04,617   INFO  eval: epoch=12, batch_iter=40/79, batch_size=8, iter_cost=0.14s, time_cost: 00:05/00:05, 
2026-08-19 19:39:05,789   INFO  eval: epoch=12, batch_iter=50/79, batch_size=8, iter_cost=0.14s, time_cost: 00:06/00:03, 
2026-08-19 19:39:07,049   INFO  eval: epoch=12, batch_iter=60/79, batch_size=8, iter_cost=0.13s, time_cost: 00:08/00:02, 
2026-08-19 19:39:08,148   INFO  eval: epoch=12, batch_iter=70/79, batch_size=8, iter_cost=0.13s, time_cost: 00:09/00:01, 
2026-08-19 19:39:08,951   INFO  eval: epoch=12, batch_iter=78/79, batch_size=1, iter_cost=0.13s, time_cost: 00:09/00:00, 
eval:   0%|                                                                                                                                                                                               | 0/79 [00:10<?, ?it/s]
2026-08-19 19:39:09,041   INFO  Total number of samples before merging from multiple GPUs: 625
2026-08-19 19:39:09,475   INFO  Total number of samples after merging from multiple GPUs (removing duplicate): 5000
2026-08-19 19:39:09,480   INFO  *************** Performance of EPOCH 12 *****************
2026-08-19 19:39:09,480   INFO  Generate label finished(sec_per_example: 0.0021 second).
Total number for evaluation (intput): 5000
Total number for evaluation (after processed): 22520
Total number for evaluation (intput): 5000
Total number for evaluation (after processed): 22520
Total number for evaluation (intput): 5000
Total number for evaluation (after processed): 22520
2026-08-19 19:39:15,645   INFO  
========== Evaluation @ 3s ==========
minADE - VEHICLE: 1.5280 
minADE - PEDESTRIAN: 0.3010 
minADE - CYCLIST: 0.7363 
minFDE - VEHICLE: 2.4505 
minFDE - PEDESTRIAN: 0.5837 
minFDE - CYCLIST: 1.3204 
MissRate - VEHICLE: 0.5387 
MissRate - PEDESTRIAN: 0.1412 
MissRate - CYCLIST: 0.4430 
OverlapRate - VEHICLE: 0.0277 
OverlapRate - PEDESTRIAN: 0.0640 
OverlapRate - CYCLIST: 0.0289 
mAP - VEHICLE: 0.1030 
mAP - PEDESTRIAN: 0.3644 
mAP - CYCLIST: 0.3746 
minADE: 0.8551 
minFDE: 1.4515 
MissRate: 0.3743 
mAP: 0.2807 
       Waymo          mAP       minADE       minFDE     MissRate            
      VEHICLE      0.1030,      1.5280,      2.4505,      0.5387,            
   PEDESTRIAN      0.3644,      0.3010,      0.5837,      0.1412,            
      CYCLIST      0.3746,      0.7363,      1.3204,      0.4430,            
          Avg      0.2807,      0.8551,      1.4515,      0.3743,            
========== Evaluation @ 5s ==========
minADE - VEHICLE: 1.9453 
minADE - PEDESTRIAN: 0.4337 
minADE - CYCLIST: 1.0237 
minFDE - VEHICLE: 3.2239 
minFDE - PEDESTRIAN: 0.8658 
minFDE - CYCLIST: 1.9577 
MissRate - VEHICLE: 0.5350 
MissRate - PEDESTRIAN: 0.1595 
MissRate - CYCLIST: 0.4511 
OverlapRate - VEHICLE: 0.0536 
OverlapRate - PEDESTRIAN: 0.0668 
OverlapRate - CYCLIST: 0.0398 
mAP - VEHICLE: 0.1277 
mAP - PEDESTRIAN: 0.4264 
mAP - CYCLIST: 0.1830 
minADE: 1.1342 
minFDE: 2.0158 
MissRate: 0.3819 
mAP: 0.2457 
       Waymo          mAP       minADE       minFDE     MissRate            
      VEHICLE      0.1277,      1.9453,      3.2239,      0.5350,            
   PEDESTRIAN      0.4264,      0.4337,      0.8658,      0.1595,            
      CYCLIST      0.1830,      1.0237,      1.9577,      0.4511,            
          Avg      0.2457,      1.1342,      2.0158,      0.3819,            
========== Evaluation @ 8s ==========
minADE - VEHICLE: 2.4796 
minADE - PEDESTRIAN: 0.6071 
minADE - CYCLIST: 1.4126 
minFDE - VEHICLE: 4.3433 
minFDE - PEDESTRIAN: 1.2633 
minFDE - CYCLIST: 2.8719 
MissRate - VEHICLE: 0.5368 
MissRate - PEDESTRIAN: 0.1817 
MissRate - CYCLIST: 0.4554 
OverlapRate - VEHICLE: 0.0795 
OverlapRate - PEDESTRIAN: 0.0731 
OverlapRate - CYCLIST: 0.0584 
mAP - VEHICLE: 0.1504 
mAP - PEDESTRIAN: 0.2596 
mAP - CYCLIST: 0.2035 
minADE: 1.4997 
minFDE: 2.8262 
MissRate: 0.3913 
mAP: 0.2045 
       Waymo          mAP       minADE       minFDE     MissRate            
      VEHICLE      0.1504,      2.4796,      4.3433,      0.5368,            
   PEDESTRIAN      0.2596,      0.6071,      1.2633,      0.1817,            
      CYCLIST      0.2035,      1.4126,      2.8719,      0.4554,            
          Avg      0.2045,      1.4997,      2.8262,      0.3913,            
2026-08-19 19:39:15,646   INFO  Result is save to /root/wanqinghua/MTR/output/waymo/mtr_voyah_data/mtr_with_qcnet_v1/eval/eval_with_train
2026-08-19 19:39:15,646   INFO  ****************Evaluation done.*****************
2026-08-19 19:39:16,690   INFO  Save best model to /root/wanqinghua/MTR/output/waymo/mtr_voyah_data/mtr_with_qcnet_v1/ckpt/best_model
2026-08-19 19:39:18,421   INFO  Save EMA best model to /root/wanqinghua/MTR/output/waymo/mtr_voyah_data/mtr_with_qcnet_v1/ckpt/best_model_ema
epochs:  24%|██████████████████████████████████████████▍                                                                                                                                      | 12/50 [54:02<2:51:25, 270.68s/it]
2026-08-19 19:39:19,825   INFO  epoch: 12/50, acc_iter=6469, cur_iter=0/539, batch_size=8, iter_cost=0.89s, time_cost(epoch): 00:00/08:00, time_cost(all): 54:03/5:04:24, ade_TYPE_VEHICLE_layer_5=0.634, ade_TYPE_PEDESTRIAN_layer_5=0.110, ade_TYPE_CYCLIST_layer_5=-0.000, loss=259.010, lr=0.0001
2026-08-19 19:39:35,200   INFO  epoch: 12/50, acc_iter=6500, cur_iter=31/539, batch_size=8, iter_cost=0.51s, time_cost(epoch): 00:16/04:18, time_cost(all): 54:18/2:53:15, ade_TYPE_VEHICLE_layer_5=0.551, ade_TYPE_PEDESTRIAN_layer_5=0.191, ade_TYPE_CYCLIST_layer_5=-0.000, loss=76.064, lr=0.0001
2026-08-19 19:39:59,221   INFO  epoch: 12/50, acc_iter=6550, cur_iter=81/539, batch_size=8, iter_cost=0.49s, time_cost(epoch): 00:40/03:45, time_cost(all): 54:43/2:47:03, ade_TYPE_VEHICLE_layer_5=0.641, ade_TYPE_PEDESTRIAN_layer_5=0.144, ade_TYPE_CYCLIST_layer_5=0.087, loss=121.664, lr=0.0001
2026-08-19 19:40:23,316   INFO  epoch: 12/50, acc_iter=6600, cur_iter=131/539, batch_size=8, iter_cost=0.49s, time_cost(epoch): 01:04/03:18, time_cost(all): 55:07/2:45:26, ade_TYPE_VEHICLE_layer_5=0.485, ade_TYPE_PEDESTRIAN_layer_5=0.143, ade_TYPE_CYCLIST_layer_5=-0.000, loss=42.850, lr=0.0001
2026-08-19 19:40:47,338   INFO  epoch: 12/50, acc_iter=6650, cur_iter=181/539, batch_size=8, iter_cost=0.49s, time_cost(epoch): 01:28/02:53, time_cost(all): 55:31/2:44:21, ade_TYPE_VEHICLE_layer_5=0.577, ade_TYPE_PEDESTRIAN_layer_5=0.148, ade_TYPE_CYCLIST_layer_5=-0.000, loss=59.503, lr=0.0001
2026-08-19 19:41:11,283   INFO  epoch: 12/50, acc_iter=6700, cur_iter=231/539, batch_size=8, iter_cost=0.48s, time_cost(epoch): 01:52/02:29, time_cost(all): 55:55/2:43:26, ade_TYPE_VEHICLE_layer_5=0.725, ade_TYPE_PEDESTRIAN_layer_5=0.223, ade_TYPE_CYCLIST_layer_5=-0.000, loss=223.970, lr=0.0001
2026-08-19 19:41:35,712   INFO  epoch: 12/50, acc_iter=6750, cur_iter=281/539, batch_size=8, iter_cost=0.49s, time_cost(epoch): 02:16/02:05, time_cost(all): 56:19/2:43:18, ade_TYPE_VEHICLE_layer_5=1.302, ade_TYPE_PEDESTRIAN_layer_5=0.160, ade_TYPE_CYCLIST_layer_5=-0.000, loss=258.358, lr=0.0001
2026-08-19 19:41:59,388   INFO  epoch: 12/50, acc_iter=6800, cur_iter=331/539, batch_size=8, iter_cost=0.48s, time_cost(epoch): 02:40/01:40, time_cost(all): 56:43/2:42:18, ade_TYPE_VEHICLE_layer_5=0.625, ade_TYPE_PEDESTRIAN_layer_5=0.106, ade_TYPE_CYCLIST_layer_5=0.259, loss=41.431, lr=0.0001
2026-08-19 19:42:22,776   INFO  epoch: 12/50, acc_iter=6850, cur_iter=381/539, batch_size=8, iter_cost=0.48s, time_cost(epoch): 03:03/01:16, time_cost(all): 57:06/2:41:13, ade_TYPE_VEHICLE_layer_5=0.572, ade_TYPE_PEDESTRIAN_layer_5=0.246, ade_TYPE_CYCLIST_layer_5=0.579, loss=145.317, lr=0.0001
2026-08-19 19:42:46,933   INFO  epoch: 12/50, acc_iter=6900, cur_iter=431/539, batch_size=8, iter_cost=0.48s, time_cost(epoch): 03:27/00:51, time_cost(all): 57:30/2:40:54, ade_TYPE_VEHICLE_layer_5=0.608, ade_TYPE_PEDESTRIAN_layer_5=0.276, ade_TYPE_CYCLIST_layer_5=-0.000, loss=189.841, lr=0.0001
2026-08-19 19:43:10,722   INFO  epoch: 12/50, acc_iter=6950, cur_iter=481/539, batch_size=8, iter_cost=0.48s, time_cost(epoch): 03:51/00:27, time_cost(all): 57:54/2:40:18, ade_TYPE_VEHICLE_layer_5=0.445, ade_TYPE_PEDESTRIAN_layer_5=0.136, ade_TYPE_CYCLIST_layer_5=-0.000, loss=84.125, lr=0.0001
2026-08-19 19:43:34,598   INFO  epoch: 12/50, acc_iter=7000, cur_iter=531/539, batch_size=8, iter_cost=0.48s, time_cost(epoch): 04:15/00:03, time_cost(all): 58:18/2:39:47, ade_TYPE_VEHICLE_layer_5=0.671, ade_TYPE_PEDESTRIAN_layer_5=0.153, ade_TYPE_CYCLIST_layer_5=-0.000, loss=133.366, lr=0.0001
2026-08-19 19:43:37,725   INFO  epoch: 12/50, acc_iter=7007, cur_iter=538/539, batch_size=4, iter_cost=0.48s, time_cost(epoch): 04:18/00:00, time_cost(all): 58:21/2:39:35, ade_TYPE_VEHICLE_layer_5=0.548, ade_TYPE_PEDESTRIAN_layer_5=0.111, ade_TYPE_CYCLIST_layer_5=1.351, loss=89.533, lr=0.0001
epochs:  26%|██████████████████████████████████████████████                                                                                                                                   | 13/50 [58:21<2:44:49, 267.28s/it]
2026-08-19 19:43:39,440   INFO  epoch: 13/50, acc_iter=7008, cur_iter=0/539, batch_size=8, iter_cost=0.91s, time_cost(epoch): 00:00/08:11, time_cost(all): 58:23/5:03:13, ade_TYPE_VEHICLE_layer_5=0.798, ade_TYPE_PEDESTRIAN_layer_5=0.162, ade_TYPE_CYCLIST_layer_5=0.619, loss=150.795, lr=0.0001
2026-08-19 19:43:59,165   INFO  epoch: 13/50, acc_iter=7050, cur_iter=42/539, batch_size=8, iter_cost=0.48s, time_cost(epoch): 00:20/03:58, time_cost(all): 58:42/2:39:11, ade_TYPE_VEHICLE_layer_5=0.528, ade_TYPE_PEDESTRIAN_layer_5=0.206, ade_TYPE_CYCLIST_layer_5=-0.000, loss=92.046, lr=0.0001
2026-08-19 19:44:23,482   INFO  epoch: 13/50, acc_iter=7100, cur_iter=92/539, batch_size=8, iter_cost=0.48s, time_cost(epoch): 00:44/03:36, time_cost(all): 59:07/2:39:55, ade_TYPE_VEHICLE_layer_5=0.621, ade_TYPE_PEDESTRIAN_layer_5=0.426, ade_TYPE_CYCLIST_layer_5=-0.000, loss=104.372, lr=0.0001
2026-08-19 19:44:46,979   INFO  epoch: 13/50, acc_iter=7150, cur_iter=142/539, batch_size=8, iter_cost=0.48s, time_cost(epoch): 01:08/03:10, time_cost(all): 59:30/2:37:58, ade_TYPE_VEHICLE_layer_5=0.693, ade_TYPE_PEDESTRIAN_layer_5=0.244, ade_TYPE_CYCLIST_layer_5=-0.000, loss=179.581, lr=0.0001
2026-08-19 19:45:10,589   INFO  epoch: 13/50, acc_iter=7200, cur_iter=192/539, batch_size=8, iter_cost=0.48s, time_cost(epoch): 01:32/02:45, time_cost(all): 59:54/2:37:01, ade_TYPE_VEHICLE_layer_5=0.652, ade_TYPE_PEDESTRIAN_layer_5=0.474, ade_TYPE_CYCLIST_layer_5=-0.000, loss=131.263, lr=0.0001
2026-08-19 19:45:34,100   INFO  epoch: 13/50, acc_iter=7250, cur_iter=242/539, batch_size=8, iter_cost=0.48s, time_cost(epoch): 01:55/02:21, time_cost(all): 1:00:17/2:36:09, ade_TYPE_VEHICLE_layer_5=0.573, ade_TYPE_PEDESTRIAN_layer_5=0.292, ade_TYPE_CYCLIST_layer_5=0.308, loss=82.201, lr=0.0001
2026-08-19 19:45:57,960   INFO  epoch: 13/50, acc_iter=7300, cur_iter=292/539, batch_size=8, iter_cost=0.48s, time_cost(epoch): 02:19/01:57, time_cost(all): 1:00:41/2:35:51, ade_TYPE_VEHICLE_layer_5=0.599, ade_TYPE_PEDESTRIAN_layer_5=0.277, ade_TYPE_CYCLIST_layer_5=0.315, loss=166.617, lr=0.0001
2026-08-19 19:46:21,589   INFO  epoch: 13/50, acc_iter=7350, cur_iter=342/539, batch_size=8, iter_cost=0.48s, time_cost(epoch): 02:43/01:33, time_cost(all): 1:01:05/2:35:18, ade_TYPE_VEHICLE_layer_5=0.614, ade_TYPE_PEDESTRIAN_layer_5=0.161, ade_TYPE_CYCLIST_layer_5=0.232, loss=96.644, lr=0.0001
2026-08-19 19:46:45,286   INFO  epoch: 13/50, acc_iter=7400, cur_iter=392/539, batch_size=8, iter_cost=0.48s, time_cost(epoch): 03:06/01:09, time_cost(all): 1:01:29/2:34:50, ade_TYPE_VEHICLE_layer_5=0.693, ade_TYPE_PEDESTRIAN_layer_5=0.397, ade_TYPE_CYCLIST_layer_5=1.003, loss=200.601, lr=0.0001
2026-08-19 19:47:08,670   INFO  epoch: 13/50, acc_iter=7450, cur_iter=442/539, batch_size=8, iter_cost=0.47s, time_cost(epoch): 03:30/00:46, time_cost(all): 1:01:52/2:34:10, ade_TYPE_VEHICLE_layer_5=0.567, ade_TYPE_PEDESTRIAN_layer_5=0.146, ade_TYPE_CYCLIST_layer_5=-0.000, loss=70.074, lr=0.0001
2026-08-19 19:47:32,535   INFO  epoch: 13/50, acc_iter=7500, cur_iter=492/539, batch_size=8, iter_cost=0.47s, time_cost(epoch): 03:54/00:22, time_cost(all): 1:02:16/2:33:52, ade_TYPE_VEHICLE_layer_5=0.505, ade_TYPE_PEDESTRIAN_layer_5=1.908, ade_TYPE_CYCLIST_layer_5=0.551, loss=146.310, lr=0.0001
2026-08-19 19:47:54,221   INFO  epoch: 13/50, acc_iter=7546, cur_iter=538/539, batch_size=4, iter_cost=0.47s, time_cost(epoch): 04:15/00:00, time_cost(all): 1:02:38/2:33:25, ade_TYPE_VEHICLE_layer_5=0.741, ade_TYPE_PEDESTRIAN_layer_5=0.243, ade_TYPE_CYCLIST_layer_5=-0.000, loss=3.328, lr=0.0001
2026-08-19 19:47:55,996   INFO  ==> Eval with EMA weights (epoch 14)
2026-08-19 19:47:56,110   INFO  *************** EPOCH 14 EVALUATION *****************
2026-08-19 19:47:56,994   INFO  eval: epoch=14, batch_iter=0/79, batch_size=8, iter_cost=0.88s, time_cost: 00:00/01:09, 
2026-08-19 19:47:58,133   INFO  eval: epoch=14, batch_iter=10/79, batch_size=8, iter_cost=0.20s, time_cost: 00:02/00:13, 
2026-08-19 19:47:59,297   INFO  eval: epoch=14, batch_iter=20/79, batch_size=8, iter_cost=0.16s, time_cost: 00:03/00:09, 
2026-08-19 19:48:00,473   INFO  eval: epoch=14, batch_iter=30/79, batch_size=8, iter_cost=0.15s, time_cost: 00:04/00:07, 
2026-08-19 19:48:01,673   INFO  eval: epoch=14, batch_iter=40/79, batch_size=8, iter_cost=0.14s, time_cost: 00:05/00:05, 
2026-08-19 19:48:02,840   INFO  eval: epoch=14, batch_iter=50/79, batch_size=8, iter_cost=0.13s, time_cost: 00:06/00:03, 
2026-08-19 19:48:04,008   INFO  eval: epoch=14, batch_iter=60/79, batch_size=8, iter_cost=0.13s, time_cost: 00:07/00:02, 
2026-08-19 19:48:05,120   INFO  eval: epoch=14, batch_iter=70/79, batch_size=8, iter_cost=0.13s, time_cost: 00:09/00:01, 
2026-08-19 19:48:05,927   INFO  eval: epoch=14, batch_iter=78/79, batch_size=1, iter_cost=0.13s, time_cost: 00:09/00:00, 
eval:   0%|                                                                                                                                                                                               | 0/79 [00:09<?, ?it/s]
2026-08-19 19:48:06,018   INFO  Total number of samples before merging from multiple GPUs: 625
2026-08-19 19:48:06,643   INFO  Total number of samples after merging from multiple GPUs (removing duplicate): 5000
2026-08-19 19:48:06,647   INFO  *************** Performance of EPOCH 14 *****************
2026-08-19 19:48:06,648   INFO  Generate label finished(sec_per_example: 0.0021 second).
Total number for evaluation (intput): 5000
Total number for evaluation (after processed): 22520
Total number for evaluation (intput): 5000
Total number for evaluation (after processed): 22520
Total number for evaluation (intput): 5000
Total number for evaluation (after processed): 22520
2026-08-19 19:48:12,789   INFO  
========== Evaluation @ 3s ==========
minADE - VEHICLE: 1.4463 
minADE - PEDESTRIAN: 0.2701 
minADE - CYCLIST: 0.7301 
minFDE - VEHICLE: 2.3838 
minFDE - PEDESTRIAN: 0.5087 
minFDE - CYCLIST: 1.3225 
MissRate - VEHICLE: 0.4981 
MissRate - PEDESTRIAN: 0.1234 
MissRate - CYCLIST: 0.4488 
OverlapRate - VEHICLE: 0.0227 
OverlapRate - PEDESTRIAN: 0.0636 
OverlapRate - CYCLIST: 0.0260 
mAP - VEHICLE: 0.1112 
mAP - PEDESTRIAN: 0.3941 
mAP - CYCLIST: 0.3576 
minADE: 0.8155 
minFDE: 1.4050 
MissRate: 0.3568 
mAP: 0.2876 
       Waymo          mAP       minADE       minFDE     MissRate            
      VEHICLE      0.1112,      1.4463,      2.3838,      0.4981,            
   PEDESTRIAN      0.3941,      0.2701,      0.5087,      0.1234,            
      CYCLIST      0.3576,      0.7301,      1.3225,      0.4488,            
          Avg      0.2876,      0.8155,      1.4050,      0.3568,            
========== Evaluation @ 5s ==========
minADE - VEHICLE: 1.8871 
minADE - PEDESTRIAN: 0.3867 
minADE - CYCLIST: 1.0147 
minFDE - VEHICLE: 3.2846 
minFDE - PEDESTRIAN: 0.7535 
minFDE - CYCLIST: 1.9665 
MissRate - VEHICLE: 0.4963 
MissRate - PEDESTRIAN: 0.1364 
MissRate - CYCLIST: 0.4407 
OverlapRate - VEHICLE: 0.0452 
OverlapRate - PEDESTRIAN: 0.0685 
OverlapRate - CYCLIST: 0.0376 
mAP - VEHICLE: 0.1261 
mAP - PEDESTRIAN: 0.4857 
mAP - CYCLIST: 0.1573 
minADE: 1.0962 
minFDE: 2.0015 
MissRate: 0.3578 
mAP: 0.2564 
       Waymo          mAP       minADE       minFDE     MissRate            
      VEHICLE      0.1261,      1.8871,      3.2846,      0.4963,            
   PEDESTRIAN      0.4857,      0.3867,      0.7535,      0.1364,            
      CYCLIST      0.1573,      1.0147,      1.9665,      0.4407,            
          Avg      0.2564,      1.0962,      2.0015,      0.3578,            
========== Evaluation @ 8s ==========
minADE - VEHICLE: 2.4915 
minADE - PEDESTRIAN: 0.5402 
minADE - CYCLIST: 1.3998 
minFDE - VEHICLE: 4.7112 
minFDE - PEDESTRIAN: 1.1126 
minFDE - CYCLIST: 2.8742 
MissRate - VEHICLE: 0.5090 
MissRate - PEDESTRIAN: 0.1513 
MissRate - CYCLIST: 0.4435 
OverlapRate - VEHICLE: 0.0691 
OverlapRate - PEDESTRIAN: 0.0761 
OverlapRate - CYCLIST: 0.0511 
mAP - VEHICLE: 0.1552 
mAP - PEDESTRIAN: 0.2907 
mAP - CYCLIST: 0.1534 
minADE: 1.4772 
minFDE: 2.8993 
MissRate: 0.3679 
mAP: 0.1998 
       Waymo          mAP       minADE       minFDE     MissRate            
      VEHICLE      0.1552,      2.4915,      4.7112,      0.5090,            
   PEDESTRIAN      0.2907,      0.5402,      1.1126,      0.1513,            
      CYCLIST      0.1534,      1.3998,      2.8742,      0.4435,            
          Avg      0.1998,      1.4772,      2.8993,      0.3679,            
2026-08-19 19:48:12,790   INFO  Result is save to /root/wanqinghua/MTR/output/waymo/mtr_voyah_data/mtr_with_qcnet_v1/eval/eval_with_train
2026-08-19 19:48:12,790   INFO  ****************Evaluation done.*****************
epochs:  28%|█████████████████████████████████████████████████                                                                                                                              | 14/50 [1:02:56<2:41:45, 269.60s/it]
2026-08-19 19:48:14,263   INFO  epoch: 14/50, acc_iter=7547, cur_iter=0/539, batch_size=8, iter_cost=0.90s, time_cost(epoch): 00:00/08:07, time_cost(all): 1:02:58/4:52:31, ade_TYPE_VEHICLE_layer_5=0.498, ade_TYPE_PEDESTRIAN_layer_5=0.175, ade_TYPE_CYCLIST_layer_5=0.205, loss=-1.405, lr=0.0001
2026-08-19 19:48:15,870   INFO  epoch: 14/50, acc_iter=7550, cur_iter=3/539, batch_size=8, iter_cost=0.63s, time_cost(epoch): 00:02/05:36, time_cost(all): 1:02:59/3:23:00, ade_TYPE_VEHICLE_layer_5=0.496, ade_TYPE_PEDESTRIAN_layer_5=0.380, ade_TYPE_CYCLIST_layer_5=-0.000, loss=142.275, lr=0.0001
2026-08-19 19:48:40,086   INFO  epoch: 14/50, acc_iter=7600, cur_iter=53/539, batch_size=8, iter_cost=0.49s, time_cost(epoch): 00:26/04:00, time_cost(all): 1:03:23/2:39:38, ade_TYPE_VEHICLE_layer_5=0.769, ade_TYPE_PEDESTRIAN_layer_5=0.106, ade_TYPE_CYCLIST_layer_5=-0.000, loss=211.424, lr=0.0001
2026-08-19 19:49:04,146   INFO  epoch: 14/50, acc_iter=7650, cur_iter=103/539, batch_size=8, iter_cost=0.49s, time_cost(epoch): 00:50/03:32, time_cost(all): 1:03:47/2:37:05, ade_TYPE_VEHICLE_layer_5=0.606, ade_TYPE_PEDESTRIAN_layer_5=0.152, ade_TYPE_CYCLIST_layer_5=-0.000, loss=124.820, lr=0.0001
2026-08-19 19:49:27,742   INFO  epoch: 14/50, acc_iter=7700, cur_iter=153/539, batch_size=8, iter_cost=0.48s, time_cost(epoch): 01:14/03:06, time_cost(all): 1:04:11/2:34:58, ade_TYPE_VEHICLE_layer_5=0.660, ade_TYPE_PEDESTRIAN_layer_5=0.189, ade_TYPE_CYCLIST_layer_5=0.639, loss=168.807, lr=0.0001
2026-08-19 19:49:51,931   INFO  epoch: 14/50, acc_iter=7750, cur_iter=203/539, batch_size=8, iter_cost=0.48s, time_cost(epoch): 01:38/02:42, time_cost(all): 1:04:35/2:34:37, ade_TYPE_VEHICLE_layer_5=0.674, ade_TYPE_PEDESTRIAN_layer_5=0.225, ade_TYPE_CYCLIST_layer_5=-0.000, loss=62.111, lr=0.0001
2026-08-19 19:50:15,872   INFO  epoch: 14/50, acc_iter=7800, cur_iter=253/539, batch_size=8, iter_cost=0.48s, time_cost(epoch): 02:02/02:17, time_cost(all): 1:04:59/2:33:57, ade_TYPE_VEHICLE_layer_5=0.779, ade_TYPE_PEDESTRIAN_layer_5=0.208, ade_TYPE_CYCLIST_layer_5=0.696, loss=168.149, lr=0.0001
2026-08-19 19:50:40,741   INFO  epoch: 14/50, acc_iter=7850, cur_iter=303/539, batch_size=8, iter_cost=0.48s, time_cost(epoch): 02:27/01:54, time_cost(all): 1:05:24/2:34:20, ade_TYPE_VEHICLE_layer_5=0.614, ade_TYPE_PEDESTRIAN_layer_5=0.341, ade_TYPE_CYCLIST_layer_5=0.478, loss=195.748, lr=0.0001
2026-08-19 19:51:05,014   INFO  epoch: 14/50, acc_iter=7900, cur_iter=353/539, batch_size=8, iter_cost=0.48s, time_cost(epoch): 02:51/01:30, time_cost(all): 1:05:48/2:33:57, ade_TYPE_VEHICLE_layer_5=0.453, ade_TYPE_PEDESTRIAN_layer_5=0.141, ade_TYPE_CYCLIST_layer_5=-0.000, loss=30.658, lr=0.0001
2026-08-19 19:51:29,576   INFO  epoch: 14/50, acc_iter=7950, cur_iter=403/539, batch_size=8, iter_cost=0.49s, time_cost(epoch): 03:16/01:06, time_cost(all): 1:06:13/2:33:48, ade_TYPE_VEHICLE_layer_5=0.817, ade_TYPE_PEDESTRIAN_layer_5=0.185, ade_TYPE_CYCLIST_layer_5=0.525, loss=211.706, lr=0.0001
2026-08-19 19:51:53,425   INFO  epoch: 14/50, acc_iter=8000, cur_iter=453/539, batch_size=8, iter_cost=0.48s, time_cost(epoch): 03:40/00:41, time_cost(all): 1:06:37/2:33:06, ade_TYPE_VEHICLE_layer_5=0.580, ade_TYPE_PEDESTRIAN_layer_5=0.143, ade_TYPE_CYCLIST_layer_5=0.752, loss=139.808, lr=0.0001
2026-08-19 19:52:17,186   INFO  epoch: 14/50, acc_iter=8050, cur_iter=503/539, batch_size=8, iter_cost=0.48s, time_cost(epoch): 04:03/00:17, time_cost(all): 1:07:00/2:32:24, ade_TYPE_VEHICLE_layer_5=0.562, ade_TYPE_PEDESTRIAN_layer_5=0.105, ade_TYPE_CYCLIST_layer_5=0.317, loss=44.625, lr=0.0001
2026-08-19 19:52:33,363   INFO  epoch: 14/50, acc_iter=8085, cur_iter=538/539, batch_size=4, iter_cost=0.48s, time_cost(epoch): 04:20/00:00, time_cost(all): 1:07:17/2:31:40, ade_TYPE_VEHICLE_layer_5=0.521, ade_TYPE_PEDESTRIAN_layer_5=0.169, ade_TYPE_CYCLIST_layer_5=-0.000, loss=67.647, lr=0.0001
epochs:  30%|████████████████████████████████████████████████████▌                                                                                                                          | 15/50 [1:07:17<2:35:41, 266.91s/it]
2026-08-19 19:52:35,205   INFO  epoch: 15/50, acc_iter=8086, cur_iter=0/539, batch_size=8, iter_cost=1.06s, time_cost(epoch): 00:01/09:34, time_cost(all): 1:07:19/5:34:50, ade_TYPE_VEHICLE_layer_5=0.673, ade_TYPE_PEDESTRIAN_layer_5=0.152, ade_TYPE_CYCLIST_layer_5=0.423, loss=156.585, lr=0.0001
2026-08-19 19:52:42,000   INFO  epoch: 15/50, acc_iter=8100, cur_iter=14/539, batch_size=8, iter_cost=0.52s, time_cost(epoch): 00:07/04:35, time_cost(all): 1:07:25/2:44:38, ade_TYPE_VEHICLE_layer_5=0.711, ade_TYPE_PEDESTRIAN_layer_5=0.209, ade_TYPE_CYCLIST_layer_5=0.702, loss=81.828, lr=0.0001
2026-08-19 19:53:06,205   INFO  epoch: 15/50, acc_iter=8150, cur_iter=64/539, batch_size=8, iter_cost=0.49s, time_cost(epoch): 00:32/03:54, time_cost(all): 1:07:50/2:34:34, ade_TYPE_VEHICLE_layer_5=0.616, ade_TYPE_PEDESTRIAN_layer_5=0.175, ade_TYPE_CYCLIST_layer_5=-0.000, loss=97.736, lr=0.0001
2026-08-19 19:53:29,745   INFO  epoch: 15/50, acc_iter=8200, cur_iter=114/539, batch_size=8, iter_cost=0.48s, time_cost(epoch): 00:55/03:25, time_cost(all): 1:08:13/2:31:06, ade_TYPE_VEHICLE_layer_5=0.552, ade_TYPE_PEDESTRIAN_layer_5=0.121, ade_TYPE_CYCLIST_layer_5=-0.000, loss=-2.379, lr=0.0001
2026-08-19 19:53:53,485   INFO  epoch: 15/50, acc_iter=8250, cur_iter=164/539, batch_size=8, iter_cost=0.48s, time_cost(epoch): 01:19/03:00, time_cost(all): 1:08:37/2:29:52, ade_TYPE_VEHICLE_layer_5=0.485, ade_TYPE_PEDESTRIAN_layer_5=-0.000, ade_TYPE_CYCLIST_layer_5=0.366, loss=121.291, lr=0.0001
2026-08-19 19:54:17,378   INFO  epoch: 15/50, acc_iter=8300, cur_iter=214/539, batch_size=8, iter_cost=0.48s, time_cost(epoch): 01:43/02:36, time_cost(all): 1:09:01/2:29:15, ade_TYPE_VEHICLE_layer_5=0.453, ade_TYPE_PEDESTRIAN_layer_5=0.176, ade_TYPE_CYCLIST_layer_5=0.349, loss=-5.093, lr=0.0001
2026-08-19 19:54:41,199   INFO  epoch: 15/50, acc_iter=8350, cur_iter=264/539, batch_size=8, iter_cost=0.48s, time_cost(epoch): 02:07/02:11, time_cost(all): 1:09:24/2:28:38, ade_TYPE_VEHICLE_layer_5=0.589, ade_TYPE_PEDESTRIAN_layer_5=0.208, ade_TYPE_CYCLIST_layer_5=-0.000, loss=69.679, lr=0.0001
2026-08-19 19:55:04,858   INFO  epoch: 15/50, acc_iter=8400, cur_iter=314/539, batch_size=8, iter_cost=0.48s, time_cost(epoch): 02:30/01:47, time_cost(all): 1:09:48/2:27:56, ade_TYPE_VEHICLE_layer_5=0.635, ade_TYPE_PEDESTRIAN_layer_5=0.166, ade_TYPE_CYCLIST_layer_5=0.309, loss=99.237, lr=0.0001
2026-08-19 19:55:29,007   INFO  epoch: 15/50, acc_iter=8450, cur_iter=364/539, batch_size=8, iter_cost=0.48s, time_cost(epoch): 02:54/01:23, time_cost(all): 1:10:12/2:27:43, ade_TYPE_VEHICLE_layer_5=0.502, ade_TYPE_PEDESTRIAN_layer_5=0.106, ade_TYPE_CYCLIST_layer_5=-0.000, loss=206.367, lr=0.0001
2026-08-19 19:55:53,405   INFO  epoch: 15/50, acc_iter=8500, cur_iter=414/539, batch_size=8, iter_cost=0.48s, time_cost(epoch): 03:19/01:00, time_cost(all): 1:10:37/2:27:39, ade_TYPE_VEHICLE_layer_5=0.653, ade_TYPE_PEDESTRIAN_layer_5=0.052, ade_TYPE_CYCLIST_layer_5=-0.000, loss=145.514, lr=0.0001
2026-08-19 19:56:17,389   INFO  epoch: 15/50, acc_iter=8550, cur_iter=464/539, batch_size=8, iter_cost=0.48s, time_cost(epoch): 03:43/00:36, time_cost(all): 1:11:01/2:27:14, ade_TYPE_VEHICLE_layer_5=0.704, ade_TYPE_PEDESTRIAN_layer_5=-0.000, ade_TYPE_CYCLIST_layer_5=0.305, loss=217.063, lr=0.0001
2026-08-19 19:56:41,584   INFO  epoch: 15/50, acc_iter=8600, cur_iter=514/539, batch_size=8, iter_cost=0.48s, time_cost(epoch): 04:07/00:12, time_cost(all): 1:11:25/2:26:57, ade_TYPE_VEHICLE_layer_5=0.649, ade_TYPE_PEDESTRIAN_layer_5=0.351, ade_TYPE_CYCLIST_layer_5=-0.000, loss=109.906, lr=0.0001
2026-08-19 19:56:52,520   INFO  epoch: 15/50, acc_iter=8624, cur_iter=538/539, batch_size=4, iter_cost=0.48s, time_cost(epoch): 04:18/00:00, time_cost(all): 1:11:36/2:26:25, ade_TYPE_VEHICLE_layer_5=0.522, ade_TYPE_PEDESTRIAN_layer_5=0.100, ade_TYPE_CYCLIST_layer_5=0.280, loss=104.441, lr=0.0001
2026-08-19 19:56:54,093   INFO  ==> Eval with EMA weights (epoch 16)
2026-08-19 19:56:54,200   INFO  *************** EPOCH 16 EVALUATION *****************
2026-08-19 19:56:55,118   INFO  eval: epoch=16, batch_iter=0/79, batch_size=8, iter_cost=0.92s, time_cost: 00:00/01:12, 
2026-08-19 19:56:56,263   INFO  eval: epoch=16, batch_iter=10/79, batch_size=8, iter_cost=0.21s, time_cost: 00:02/00:14, 
2026-08-19 19:56:57,437   INFO  eval: epoch=16, batch_iter=20/79, batch_size=8, iter_cost=0.16s, time_cost: 00:03/00:09, 
2026-08-19 19:56:58,628   INFO  eval: epoch=16, batch_iter=30/79, batch_size=8, iter_cost=0.15s, time_cost: 00:04/00:07, 
2026-08-19 19:56:59,831   INFO  eval: epoch=16, batch_iter=40/79, batch_size=8, iter_cost=0.14s, time_cost: 00:05/00:05, 
2026-08-19 19:57:01,012   INFO  eval: epoch=16, batch_iter=50/79, batch_size=8, iter_cost=0.14s, time_cost: 00:06/00:03, 
2026-08-19 19:57:02,185   INFO  eval: epoch=16, batch_iter=60/79, batch_size=8, iter_cost=0.13s, time_cost: 00:07/00:02, 
2026-08-19 19:57:03,290   INFO  eval: epoch=16, batch_iter=70/79, batch_size=8, iter_cost=0.13s, time_cost: 00:09/00:01, 
2026-08-19 19:57:04,097   INFO  eval: epoch=16, batch_iter=78/79, batch_size=1, iter_cost=0.13s, time_cost: 00:09/00:00, 
eval:   0%|                                                                                                                                                                                               | 0/79 [00:09<?, ?it/s]
2026-08-19 19:57:04,192   INFO  Total number of samples before merging from multiple GPUs: 625
2026-08-19 19:57:04,625   INFO  Total number of samples after merging from multiple GPUs (removing duplicate): 5000
2026-08-19 19:57:04,630   INFO  *************** Performance of EPOCH 16 *****************
2026-08-19 19:57:04,631   INFO  Generate label finished(sec_per_example: 0.0021 second).
Total number for evaluation (intput): 5000
Total number for evaluation (after processed): 22520
Total number for evaluation (intput): 5000
Total number for evaluation (after processed): 22520
Total number for evaluation (intput): 5000
Total number for evaluation (after processed): 22520
2026-08-19 19:57:10,784   INFO  
========== Evaluation @ 3s ==========
minADE - VEHICLE: 1.0720 
minADE - PEDESTRIAN: 0.3372 
minADE - CYCLIST: 0.6086 
minFDE - VEHICLE: 1.9573 
minFDE - PEDESTRIAN: 0.6379 
minFDE - CYCLIST: 1.1336 
MissRate - VEHICLE: 0.4347 
MissRate - PEDESTRIAN: 0.1737 
MissRate - CYCLIST: 0.3801 
OverlapRate - VEHICLE: 0.0173 
OverlapRate - PEDESTRIAN: 0.0648 
OverlapRate - CYCLIST: 0.0260 
mAP - VEHICLE: 0.1316 
mAP - PEDESTRIAN: 0.3883 
mAP - CYCLIST: 0.3890 
minADE: 0.6726 
minFDE: 1.2429 
MissRate: 0.3295 
mAP: 0.3030 
       Waymo          mAP       minADE       minFDE     MissRate            
      VEHICLE      0.1316,      1.0720,      1.9573,      0.4347,            
   PEDESTRIAN      0.3883,      0.3372,      0.6379,      0.1737,            
      CYCLIST      0.3890,      0.6086,      1.1336,      0.3801,            
          Avg      0.3030,      0.6726,      1.2429,      0.3295,            
========== Evaluation @ 5s ==========
minADE - VEHICLE: 1.5132 
minADE - PEDESTRIAN: 0.4733 
minADE - CYCLIST: 0.8690 
minFDE - VEHICLE: 2.9277 
minFDE - PEDESTRIAN: 0.9169 
minFDE - CYCLIST: 1.7210 
MissRate - VEHICLE: 0.4515 
MissRate - PEDESTRIAN: 0.1831 
MissRate - CYCLIST: 0.3915 
OverlapRate - VEHICLE: 0.0372 
OverlapRate - PEDESTRIAN: 0.0700 
OverlapRate - CYCLIST: 0.0340 
mAP - VEHICLE: 0.1468 
mAP - PEDESTRIAN: 0.4749 
mAP - CYCLIST: 0.1790 
minADE: 0.9518 
minFDE: 1.8552 
MissRate: 0.3420 
mAP: 0.2669 
       Waymo          mAP       minADE       minFDE     MissRate            
      VEHICLE      0.1468,      1.5132,      2.9277,      0.4515,            
   PEDESTRIAN      0.4749,      0.4733,      0.9169,      0.1831,            
      CYCLIST      0.1790,      0.8690,      1.7210,      0.3915,            
          Avg      0.2669,      0.9518,      1.8552,      0.3420,            
========== Evaluation @ 8s ==========
minADE - VEHICLE: 2.1332 
minADE - PEDESTRIAN: 0.6476 
minADE - CYCLIST: 1.2284 
minFDE - VEHICLE: 4.5089 
minFDE - PEDESTRIAN: 1.3128 
minFDE - CYCLIST: 2.5706 
MissRate - VEHICLE: 0.4777 
MissRate - PEDESTRIAN: 0.1965 
MissRate - CYCLIST: 0.4014 
OverlapRate - VEHICLE: 0.0617 
OverlapRate - PEDESTRIAN: 0.0759 
OverlapRate - CYCLIST: 0.0521 
mAP - VEHICLE: 0.1647 
mAP - PEDESTRIAN: 0.2848 
mAP - CYCLIST: 0.1865 
minADE: 1.3364 
minFDE: 2.7974 
MissRate: 0.3586 
mAP: 0.2120 
       Waymo          mAP       minADE       minFDE     MissRate            
      VEHICLE      0.1647,      2.1332,      4.5089,      0.4777,            
   PEDESTRIAN      0.2848,      0.6476,      1.3128,      0.1965,            
      CYCLIST      0.1865,      1.2284,      2.5706,      0.4014,            
          Avg      0.2120,      1.3364,      2.7974,      0.3586,            
2026-08-19 19:57:10,785   INFO  Result is save to /root/wanqinghua/MTR/output/waymo/mtr_voyah_data/mtr_with_qcnet_v1/eval/eval_with_train
2026-08-19 19:57:10,786   INFO  ****************Evaluation done.*****************
2026-08-19 19:57:11,828   INFO  Save best model to /root/wanqinghua/MTR/output/waymo/mtr_voyah_data/mtr_with_qcnet_v1/ckpt/best_model
2026-08-19 19:57:13,608   INFO  Save EMA best model to /root/wanqinghua/MTR/output/waymo/mtr_voyah_data/mtr_with_qcnet_v1/ckpt/best_model_ema
epochs:  32%|████████████████████████████████████████████████████████                                                                                                                       | 16/50 [1:11:57<2:33:29, 270.87s/it]
2026-08-19 19:57:14,965   INFO  epoch: 16/50, acc_iter=8625, cur_iter=0/539, batch_size=8, iter_cost=0.83s, time_cost(epoch): 00:00/07:28, time_cost(all): 1:11:58/4:14:10, ade_TYPE_VEHICLE_layer_5=0.437, ade_TYPE_PEDESTRIAN_layer_5=0.153, ade_TYPE_CYCLIST_layer_5=-0.000, loss=18.680, lr=0.0001
2026-08-19 19:57:27,872   INFO  epoch: 16/50, acc_iter=8650, cur_iter=25/539, batch_size=8, iter_cost=0.53s, time_cost(epoch): 00:13/04:31, time_cost(all): 1:12:11/2:41:10, ade_TYPE_VEHICLE_layer_5=0.419, ade_TYPE_PEDESTRIAN_layer_5=0.204, ade_TYPE_CYCLIST_layer_5=0.773, loss=28.702, lr=0.0001
2026-08-19 19:57:52,148   INFO  epoch: 16/50, acc_iter=8700, cur_iter=75/539, batch_size=8, iter_cost=0.50s, time_cost(epoch): 00:38/03:52, time_cost(all): 1:12:35/2:32:09, ade_TYPE_VEHICLE_layer_5=0.647, ade_TYPE_PEDESTRIAN_layer_5=0.204, ade_TYPE_CYCLIST_layer_5=0.656, loss=192.561, lr=0.0001
2026-08-19 19:58:16,194   INFO  epoch: 16/50, acc_iter=8750, cur_iter=125/539, batch_size=8, iter_cost=0.49s, time_cost(epoch): 01:02/03:23, time_cost(all): 1:12:59/2:29:24, ade_TYPE_VEHICLE_layer_5=0.535, ade_TYPE_PEDESTRIAN_layer_5=0.202, ade_TYPE_CYCLIST_layer_5=-0.000, loss=107.361, lr=0.0001
2026-08-19 19:58:40,278   INFO  epoch: 16/50, acc_iter=8800, cur_iter=175/539, batch_size=8, iter_cost=0.49s, time_cost(epoch): 01:26/02:58, time_cost(all): 1:13:24/2:28:04, ade_TYPE_VEHICLE_layer_5=0.413, ade_TYPE_PEDESTRIAN_layer_5=0.490, ade_TYPE_CYCLIST_layer_5=0.394, loss=78.341, lr=0.0001
2026-08-19 19:59:04,245   INFO  epoch: 16/50, acc_iter=8850, cur_iter=225/539, batch_size=8, iter_cost=0.49s, time_cost(epoch): 01:50/02:32, time_cost(all): 1:13:48/2:26:59, ade_TYPE_VEHICLE_layer_5=0.516, ade_TYPE_PEDESTRIAN_layer_5=0.131, ade_TYPE_CYCLIST_layer_5=0.256, loss=154.665, lr=0.0001
2026-08-19 19:59:28,309   INFO  epoch: 16/50, acc_iter=8900, cur_iter=275/539, batch_size=8, iter_cost=0.49s, time_cost(epoch): 02:14/02:08, time_cost(all): 1:14:12/2:26:15, ade_TYPE_VEHICLE_layer_5=0.581, ade_TYPE_PEDESTRIAN_layer_5=-0.000, ade_TYPE_CYCLIST_layer_5=-0.000, loss=103.662, lr=0.0001
2026-08-19 19:59:52,459   INFO  epoch: 16/50, acc_iter=8950, cur_iter=325/539, batch_size=8, iter_cost=0.49s, time_cost(epoch): 02:38/01:43, time_cost(all): 1:14:36/2:25:42, ade_TYPE_VEHICLE_layer_5=0.712, ade_TYPE_PEDESTRIAN_layer_5=0.252, ade_TYPE_CYCLIST_layer_5=-0.000, loss=190.914, lr=0.0001
2026-08-19 20:00:17,039   INFO  epoch: 16/50, acc_iter=9000, cur_iter=375/539, batch_size=8, iter_cost=0.49s, time_cost(epoch): 03:02/01:19, time_cost(all): 1:15:00/2:25:32, ade_TYPE_VEHICLE_layer_5=0.626, ade_TYPE_PEDESTRIAN_layer_5=0.160, ade_TYPE_CYCLIST_layer_5=-0.000, loss=55.604, lr=0.0001
2026-08-19 20:00:40,291   INFO  epoch: 16/50, acc_iter=9050, cur_iter=425/539, batch_size=8, iter_cost=0.48s, time_cost(epoch): 03:26/00:55, time_cost(all): 1:15:24/2:24:22, ade_TYPE_VEHICLE_layer_5=0.488, ade_TYPE_PEDESTRIAN_layer_5=0.213, ade_TYPE_CYCLIST_layer_5=0.885, loss=87.544, lr=0.0001
2026-08-19 20:01:03,917   INFO  epoch: 16/50, acc_iter=9100, cur_iter=475/539, batch_size=8, iter_cost=0.48s, time_cost(epoch): 03:49/00:30, time_cost(all): 1:15:47/2:23:37, ade_TYPE_VEHICLE_layer_5=0.560, ade_TYPE_PEDESTRIAN_layer_5=0.248, ade_TYPE_CYCLIST_layer_5=0.447, loss=101.889, lr=0.0001
2026-08-19 20:01:27,792   INFO  epoch: 16/50, acc_iter=9150, cur_iter=525/539, batch_size=8, iter_cost=0.48s, time_cost(epoch): 04:13/00:06, time_cost(all): 1:16:11/2:23:04, ade_TYPE_VEHICLE_layer_5=0.490, ade_TYPE_PEDESTRIAN_layer_5=0.088, ade_TYPE_CYCLIST_layer_5=0.684, loss=127.786, lr=0.0001
2026-08-19 20:01:33,692   INFO  epoch: 16/50, acc_iter=9163, cur_iter=538/539, batch_size=4, iter_cost=0.48s, time_cost(epoch): 04:19/00:00, time_cost(all): 1:16:17/2:22:45, ade_TYPE_VEHICLE_layer_5=0.843, ade_TYPE_PEDESTRIAN_layer_5=0.147, ade_TYPE_CYCLIST_layer_5=-0.000, loss=108.423, lr=0.0001
epochs:  34%|███████████████████████████████████████████████████████████▌                                                                                                                   | 17/50 [1:16:17<2:27:13, 267.68s/it]
2026-08-19 20:01:35,381   INFO  epoch: 17/50, acc_iter=9164, cur_iter=0/539, batch_size=8, iter_cost=0.89s, time_cost(epoch): 00:00/07:59, time_cost(all): 1:16:19/4:23:31, ade_TYPE_VEHICLE_layer_5=0.637, ade_TYPE_PEDESTRIAN_layer_5=0.202, ade_TYPE_CYCLIST_layer_5=-0.000, loss=46.374, lr=0.0001
2026-08-19 20:01:52,211   INFO  epoch: 17/50, acc_iter=9200, cur_iter=36/539, batch_size=8, iter_cost=0.48s, time_cost(epoch): 00:17/04:00, time_cost(all): 1:16:36/2:21:40, ade_TYPE_VEHICLE_layer_5=0.406, ade_TYPE_PEDESTRIAN_layer_5=0.090, ade_TYPE_CYCLIST_layer_5=0.295, loss=63.400, lr=0.0001
2026-08-19 20:02:16,399   INFO  epoch: 17/50, acc_iter=9250, cur_iter=86/539, batch_size=8, iter_cost=0.48s, time_cost(epoch): 00:41/03:38, time_cost(all): 1:17:00/2:22:06, ade_TYPE_VEHICLE_layer_5=0.515, ade_TYPE_PEDESTRIAN_layer_5=0.156, ade_TYPE_CYCLIST_layer_5=-0.000, loss=66.449, lr=0.0001
2026-08-19 20:02:40,049   INFO  epoch: 17/50, acc_iter=9300, cur_iter=136/539, batch_size=8, iter_cost=0.48s, time_cost(epoch): 01:05/03:12, time_cost(all): 1:17:23/2:20:46, ade_TYPE_VEHICLE_layer_5=0.601, ade_TYPE_PEDESTRIAN_layer_5=0.311, ade_TYPE_CYCLIST_layer_5=-0.000, loss=203.077, lr=0.0001
2026-08-19 20:03:03,982   INFO  epoch: 17/50, acc_iter=9350, cur_iter=186/539, batch_size=8, iter_cost=0.48s, time_cost(epoch): 01:29/02:48, time_cost(all): 1:17:47/2:20:23, ade_TYPE_VEHICLE_layer_5=0.615, ade_TYPE_PEDESTRIAN_layer_5=-0.000, ade_TYPE_CYCLIST_layer_5=-0.000, loss=75.604, lr=0.0001
2026-08-19 20:03:27,880   INFO  epoch: 17/50, acc_iter=9400, cur_iter=236/539, batch_size=8, iter_cost=0.48s, time_cost(epoch): 01:53/02:24, time_cost(all): 1:18:11/2:19:56, ade_TYPE_VEHICLE_layer_5=0.431, ade_TYPE_PEDESTRIAN_layer_5=0.150, ade_TYPE_CYCLIST_layer_5=-0.000, loss=-10.537, lr=0.0001
2026-08-19 20:03:52,391   INFO  epoch: 17/50, acc_iter=9450, cur_iter=286/539, batch_size=8, iter_cost=0.48s, time_cost(epoch): 02:17/02:01, time_cost(all): 1:18:36/2:20:08, ade_TYPE_VEHICLE_layer_5=0.545, ade_TYPE_PEDESTRIAN_layer_5=0.141, ade_TYPE_CYCLIST_layer_5=0.539, loss=171.076, lr=0.0001
2026-08-19 20:04:16,484   INFO  epoch: 17/50, acc_iter=9500, cur_iter=336/539, batch_size=8, iter_cost=0.48s, time_cost(epoch): 02:41/01:37, time_cost(all): 1:19:00/2:19:48, ade_TYPE_VEHICLE_layer_5=0.616, ade_TYPE_PEDESTRIAN_layer_5=0.282, ade_TYPE_CYCLIST_layer_5=0.538, loss=74.492, lr=0.0001
2026-08-19 20:04:40,435   INFO  epoch: 17/50, acc_iter=9550, cur_iter=386/539, batch_size=8, iter_cost=0.48s, time_cost(epoch): 03:05/01:13, time_cost(all): 1:19:24/2:19:20, ade_TYPE_VEHICLE_layer_5=0.641, ade_TYPE_PEDESTRIAN_layer_5=0.182, ade_TYPE_CYCLIST_layer_5=0.342, loss=128.899, lr=0.0001
2026-08-19 20:05:04,565   INFO  epoch: 17/50, acc_iter=9600, cur_iter=436/539, batch_size=8, iter_cost=0.48s, time_cost(epoch): 03:30/00:49, time_cost(all): 1:19:48/2:19:00, ade_TYPE_VEHICLE_layer_5=0.548, ade_TYPE_PEDESTRIAN_layer_5=0.133, ade_TYPE_CYCLIST_layer_5=0.349, loss=140.715, lr=0.0001
2026-08-19 20:05:28,517   INFO  epoch: 17/50, acc_iter=9650, cur_iter=486/539, batch_size=8, iter_cost=0.48s, time_cost(epoch): 03:54/00:25, time_cost(all): 1:20:12/2:18:33, ade_TYPE_VEHICLE_layer_5=0.379, ade_TYPE_PEDESTRIAN_layer_5=0.250, ade_TYPE_CYCLIST_layer_5=-0.000, loss=21.625, lr=0.0001
2026-08-19 20:05:52,909   INFO  epoch: 17/50, acc_iter=9700, cur_iter=536/539, batch_size=8, iter_cost=0.48s, time_cost(epoch): 04:18/00:01, time_cost(all): 1:20:36/2:18:21, ade_TYPE_VEHICLE_layer_5=0.573, ade_TYPE_PEDESTRIAN_layer_5=0.104, ade_TYPE_CYCLIST_layer_5=0.303, loss=180.604, lr=0.0001
2026-08-19 20:05:53,697   INFO  epoch: 17/50, acc_iter=9702, cur_iter=538/539, batch_size=4, iter_cost=0.48s, time_cost(epoch): 04:19/00:00, time_cost(all): 1:20:37/2:18:15, ade_TYPE_VEHICLE_layer_5=0.689, ade_TYPE_PEDESTRIAN_layer_5=0.110, ade_TYPE_CYCLIST_layer_5=0.751, loss=104.815, lr=0.0001
2026-08-19 20:05:55,263   INFO  ==> Eval with EMA weights (epoch 18)
2026-08-19 20:05:55,379   INFO  *************** EPOCH 18 EVALUATION *****************
2026-08-19 20:05:56,233   INFO  eval: epoch=18, batch_iter=0/79, batch_size=8, iter_cost=0.85s, time_cost: 00:00/01:07, 
2026-08-19 20:05:57,378   INFO  eval: epoch=18, batch_iter=10/79, batch_size=8, iter_cost=0.20s, time_cost: 00:01/00:13, 
2026-08-19 20:05:58,550   INFO  eval: epoch=18, batch_iter=20/79, batch_size=8, iter_cost=0.16s, time_cost: 00:03/00:09, 
2026-08-19 20:05:59,729   INFO  eval: epoch=18, batch_iter=30/79, batch_size=8, iter_cost=0.14s, time_cost: 00:04/00:07, 
2026-08-19 20:06:00,925   INFO  eval: epoch=18, batch_iter=40/79, batch_size=8, iter_cost=0.14s, time_cost: 00:05/00:05, 
2026-08-19 20:06:02,092   INFO  eval: epoch=18, batch_iter=50/79, batch_size=8, iter_cost=0.13s, time_cost: 00:06/00:03, 
2026-08-19 20:06:03,269   INFO  eval: epoch=18, batch_iter=60/79, batch_size=8, iter_cost=0.13s, time_cost: 00:07/00:02, 
2026-08-19 20:06:04,404   INFO  eval: epoch=18, batch_iter=70/79, batch_size=8, iter_cost=0.13s, time_cost: 00:09/00:01, 
2026-08-19 20:06:05,246   INFO  eval: epoch=18, batch_iter=78/79, batch_size=1, iter_cost=0.13s, time_cost: 00:09/00:00, 
eval:   0%|                                                                                                                                                                                               | 0/79 [00:09<?, ?it/s]
2026-08-19 20:06:05,341   INFO  Total number of samples before merging from multiple GPUs: 625
2026-08-19 20:06:05,781   INFO  Total number of samples after merging from multiple GPUs (removing duplicate): 5000
2026-08-19 20:06:05,785   INFO  *************** Performance of EPOCH 18 *****************
2026-08-19 20:06:05,786   INFO  Generate label finished(sec_per_example: 0.0021 second).
Total number for evaluation (intput): 5000
Total number for evaluation (after processed): 22520
Total number for evaluation (intput): 5000
Total number for evaluation (after processed): 22520
Total number for evaluation (intput): 5000
Total number for evaluation (after processed): 22520
2026-08-19 20:06:12,308   INFO  
========== Evaluation @ 3s ==========
minADE - VEHICLE: 0.7655 
minADE - PEDESTRIAN: 0.2315 
minADE - CYCLIST: 0.4781 
minFDE - VEHICLE: 1.3391 
minFDE - PEDESTRIAN: 0.4428 
minFDE - CYCLIST: 0.9027 
MissRate - VEHICLE: 0.3597 
MissRate - PEDESTRIAN: 0.0996 
MissRate - CYCLIST: 0.2909 
OverlapRate - VEHICLE: 0.0129 
OverlapRate - PEDESTRIAN: 0.0636 
OverlapRate - CYCLIST: 0.0174 
mAP - VEHICLE: 0.1435 
mAP - PEDESTRIAN: 0.4187 
mAP - CYCLIST: 0.3958 
minADE: 0.4917 
minFDE: 0.8949 
MissRate: 0.2501 
mAP: 0.3193 
       Waymo          mAP       minADE       minFDE     MissRate            
      VEHICLE      0.1435,      0.7655,      1.3391,      0.3597,            
   PEDESTRIAN      0.4187,      0.2315,      0.4428,      0.0996,            
      CYCLIST      0.3958,      0.4781,      0.9027,      0.2909,            
          Avg      0.3193,      0.4917,      0.8949,      0.2501,            
========== Evaluation @ 5s ==========
minADE - VEHICLE: 1.0822 
minADE - PEDESTRIAN: 0.3390 
minADE - CYCLIST: 0.7052 
minFDE - VEHICLE: 2.0158 
minFDE - PEDESTRIAN: 0.6740 
minFDE - CYCLIST: 1.4187 
MissRate - VEHICLE: 0.3817 
MissRate - PEDESTRIAN: 0.1119 
MissRate - CYCLIST: 0.3084 
OverlapRate - VEHICLE: 0.0285 
OverlapRate - PEDESTRIAN: 0.0689 
OverlapRate - CYCLIST: 0.0297 
mAP - VEHICLE: 0.1603 
mAP - PEDESTRIAN: 0.4551 
mAP - CYCLIST: 0.2093 
minADE: 0.7088 
minFDE: 1.3695 
MissRate: 0.2673 
mAP: 0.2749 
       Waymo          mAP       minADE       minFDE     MissRate            
      VEHICLE      0.1603,      1.0822,      2.0158,      0.3817,            
   PEDESTRIAN      0.4551,      0.3390,      0.6740,      0.1119,            
      CYCLIST      0.2093,      0.7052,      1.4187,      0.3084,            
          Avg      0.2749,      0.7088,      1.3695,      0.2673,            
========== Evaluation @ 8s ==========
minADE - VEHICLE: 1.5305 
minADE - PEDESTRIAN: 0.4834 
minADE - CYCLIST: 1.0247 
minFDE - VEHICLE: 3.0847 
minFDE - PEDESTRIAN: 1.0232 
minFDE - CYCLIST: 2.1632 
MissRate - VEHICLE: 0.4077 
MissRate - PEDESTRIAN: 0.1297 
MissRate - CYCLIST: 0.3244 
OverlapRate - VEHICLE: 0.0510 
OverlapRate - PEDESTRIAN: 0.0749 
OverlapRate - CYCLIST: 0.0458 
mAP - VEHICLE: 0.1870 
mAP - PEDESTRIAN: 0.2870 
mAP - CYCLIST: 0.1857 
minADE: 1.0128 
minFDE: 2.0903 
MissRate: 0.2872 
mAP: 0.2199 
       Waymo          mAP       minADE       minFDE     MissRate            
      VEHICLE      0.1870,      1.5305,      3.0847,      0.4077,            
   PEDESTRIAN      0.2870,      0.4834,      1.0232,      0.1297,            
      CYCLIST      0.1857,      1.0247,      2.1632,      0.3244,            
          Avg      0.2199,      1.0128,      2.0903,      0.2872,            
2026-08-19 20:06:12,309   INFO  Result is save to /root/wanqinghua/MTR/output/waymo/mtr_voyah_data/mtr_with_qcnet_v1/eval/eval_with_train
2026-08-19 20:06:12,309   INFO  ****************Evaluation done.*****************
2026-08-19 20:06:13,437   INFO  Save best model to /root/wanqinghua/MTR/output/waymo/mtr_voyah_data/mtr_with_qcnet_v1/ckpt/best_model
2026-08-19 20:06:15,144   INFO  Save EMA best model to /root/wanqinghua/MTR/output/waymo/mtr_voyah_data/mtr_with_qcnet_v1/ckpt/best_model_ema
epochs:  36%|███████████████████████████████████████████████████████████████                                                                                                                | 18/50 [1:20:58<2:24:56, 271.77s/it]
2026-08-19 20:06:16,709   INFO  epoch: 18/50, acc_iter=9703, cur_iter=0/539, batch_size=8, iter_cost=1.05s, time_cost(epoch): 00:01/09:25, time_cost(all): 1:21:00/5:01:33, ade_TYPE_VEHICLE_layer_5=0.521, ade_TYPE_PEDESTRIAN_layer_5=0.221, ade_TYPE_CYCLIST_layer_5=0.223, loss=71.448, lr=0.0001
2026-08-19 20:06:39,391   INFO  epoch: 18/50, acc_iter=9750, cur_iter=47/539, batch_size=8, iter_cost=0.49s, time_cost(epoch): 00:23/04:03, time_cost(all): 1:21:23/2:21:44, ade_TYPE_VEHICLE_layer_5=0.492, ade_TYPE_PEDESTRIAN_layer_5=0.238, ade_TYPE_CYCLIST_layer_5=0.494, loss=97.049, lr=0.0001
2026-08-19 20:07:03,441   INFO  epoch: 18/50, acc_iter=9800, cur_iter=97/539, batch_size=8, iter_cost=0.49s, time_cost(epoch): 00:47/03:35, time_cost(all): 1:21:47/2:19:22, ade_TYPE_VEHICLE_layer_5=0.512, ade_TYPE_PEDESTRIAN_layer_5=0.109, ade_TYPE_CYCLIST_layer_5=0.766, loss=100.312, lr=0.0001
2026-08-19 20:07:27,098   INFO  epoch: 18/50, acc_iter=9850, cur_iter=147/539, batch_size=8, iter_cost=0.48s, time_cost(epoch): 01:11/03:09, time_cost(all): 1:22:10/2:17:34, ade_TYPE_VEHICLE_layer_5=0.510, ade_TYPE_PEDESTRIAN_layer_5=0.322, ade_TYPE_CYCLIST_layer_5=0.211, loss=86.207, lr=0.0001
2026-08-19 20:07:51,056   INFO  epoch: 18/50, acc_iter=9900, cur_iter=197/539, batch_size=8, iter_cost=0.48s, time_cost(epoch): 01:35/02:44, time_cost(all): 1:22:34/2:16:55, ade_TYPE_VEHICLE_layer_5=0.497, ade_TYPE_PEDESTRIAN_layer_5=0.186, ade_TYPE_CYCLIST_layer_5=0.585, loss=94.784, lr=0.0001
2026-08-19 20:08:14,465   INFO  epoch: 18/50, acc_iter=9950, cur_iter=247/539, batch_size=8, iter_cost=0.48s, time_cost(epoch): 01:58/02:19, time_cost(all): 1:22:58/2:15:44, ade_TYPE_VEHICLE_layer_5=0.530, ade_TYPE_PEDESTRIAN_layer_5=-0.000, ade_TYPE_CYCLIST_layer_5=5.003, loss=109.888, lr=0.0001
2026-08-19 20:08:38,717   INFO  epoch: 18/50, acc_iter=10000, cur_iter=297/539, batch_size=8, iter_cost=0.48s, time_cost(epoch): 02:23/01:56, time_cost(all): 1:23:22/2:15:37, ade_TYPE_VEHICLE_layer_5=0.498, ade_TYPE_PEDESTRIAN_layer_5=0.613, ade_TYPE_CYCLIST_layer_5=-0.000, loss=78.716, lr=0.0001
2026-08-19 20:09:02,412   INFO  epoch: 18/50, acc_iter=10050, cur_iter=347/539, batch_size=8, iter_cost=0.48s, time_cost(epoch): 02:46/01:32, time_cost(all): 1:23:46/2:14:58, ade_TYPE_VEHICLE_layer_5=0.780, ade_TYPE_PEDESTRIAN_layer_5=0.175, ade_TYPE_CYCLIST_layer_5=0.300, loss=130.854, lr=0.0001
2026-08-19 20:09:25,550   INFO  epoch: 18/50, acc_iter=10100, cur_iter=397/539, batch_size=8, iter_cost=0.48s, time_cost(epoch): 03:09/01:07, time_cost(all): 1:24:09/2:13:59, ade_TYPE_VEHICLE_layer_5=0.586, ade_TYPE_PEDESTRIAN_layer_5=0.202, ade_TYPE_CYCLIST_layer_5=0.340, loss=68.001, lr=0.0001
2026-08-19 20:09:48,833   INFO  epoch: 18/50, acc_iter=10150, cur_iter=447/539, batch_size=8, iter_cost=0.48s, time_cost(epoch): 03:33/00:43, time_cost(all): 1:24:32/2:13:14, ade_TYPE_VEHICLE_layer_5=0.629, ade_TYPE_PEDESTRIAN_layer_5=0.219, ade_TYPE_CYCLIST_layer_5=-0.000, loss=136.745, lr=0.0001
2026-08-19 20:10:12,274   INFO  epoch: 18/50, acc_iter=10200, cur_iter=497/539, batch_size=8, iter_cost=0.48s, time_cost(epoch): 03:56/00:19, time_cost(all): 1:24:56/2:12:38, ade_TYPE_VEHICLE_layer_5=0.460, ade_TYPE_PEDESTRIAN_layer_5=0.185, ade_TYPE_CYCLIST_layer_5=0.495, loss=131.133, lr=0.0001
2026-08-19 20:10:31,724   INFO  epoch: 18/50, acc_iter=10241, cur_iter=538/539, batch_size=4, iter_cost=0.48s, time_cost(epoch): 04:16/00:00, time_cost(all): 1:25:15/2:12:18, ade_TYPE_VEHICLE_layer_5=0.459, ade_TYPE_PEDESTRIAN_layer_5=0.461, ade_TYPE_CYCLIST_layer_5=0.390, loss=-53.558, lr=0.0001
epochs:  38%|██████████████████████████████████████████████████████████████████▌                                                                                                            | 19/50 [1:25:15<2:18:05, 267.26s/it]
2026-08-19 20:10:33,497   INFO  epoch: 19/50, acc_iter=10242, cur_iter=0/539, batch_size=8, iter_cost=0.97s, time_cost(epoch): 00:00/08:45, time_cost(all): 1:25:17/4:31:22, ade_TYPE_VEHICLE_layer_5=0.483, ade_TYPE_PEDESTRIAN_layer_5=0.210, ade_TYPE_CYCLIST_layer_5=0.516, loss=73.413, lr=0.0001
2026-08-19 20:10:37,493   INFO  epoch: 19/50, acc_iter=10250, cur_iter=8/539, batch_size=8, iter_cost=0.55s, time_cost(epoch): 00:04/04:53, time_cost(all): 1:25:21/2:33:43, ade_TYPE_VEHICLE_layer_5=0.540, ade_TYPE_PEDESTRIAN_layer_5=0.190, ade_TYPE_CYCLIST_layer_5=2.473, loss=154.544, lr=0.0001
2026-08-19 20:11:00,712   INFO  epoch: 19/50, acc_iter=10300, cur_iter=58/539, batch_size=8, iter_cost=0.48s, time_cost(epoch): 00:28/03:49, time_cost(all): 1:25:44/2:12:35, ade_TYPE_VEHICLE_layer_5=0.489, ade_TYPE_PEDESTRIAN_layer_5=0.228, ade_TYPE_CYCLIST_layer_5=0.365, loss=53.993, lr=0.0001
2026-08-19 20:11:24,862   INFO  epoch: 19/50, acc_iter=10350, cur_iter=108/539, batch_size=8, iter_cost=0.48s, time_cost(epoch): 00:52/03:26, time_cost(all): 1:26:08/2:12:51, ade_TYPE_VEHICLE_layer_5=0.560, ade_TYPE_PEDESTRIAN_layer_5=0.232, ade_TYPE_CYCLIST_layer_5=-0.000, loss=25.730, lr=0.0001
2026-08-19 20:11:48,351   INFO  epoch: 19/50, acc_iter=10400, cur_iter=158/539, batch_size=8, iter_cost=0.48s, time_cost(epoch): 01:15/03:01, time_cost(all): 1:26:32/2:11:33, ade_TYPE_VEHICLE_layer_5=0.463, ade_TYPE_PEDESTRIAN_layer_5=0.091, ade_TYPE_CYCLIST_layer_5=-0.000, loss=67.609, lr=0.0001
2026-08-19 20:12:12,434   INFO  epoch: 19/50, acc_iter=10450, cur_iter=208/539, batch_size=8, iter_cost=0.48s, time_cost(epoch): 01:39/02:38, time_cost(all): 1:26:56/2:11:28, ade_TYPE_VEHICLE_layer_5=0.488, ade_TYPE_PEDESTRIAN_layer_5=0.086, ade_TYPE_CYCLIST_layer_5=-0.000, loss=60.473, lr=0.0001
2026-08-19 20:12:36,060   INFO  epoch: 19/50, acc_iter=10500, cur_iter=258/539, batch_size=8, iter_cost=0.48s, time_cost(epoch): 02:03/02:14, time_cost(all): 1:27:19/2:10:46, ade_TYPE_VEHICLE_layer_5=0.430, ade_TYPE_PEDESTRIAN_layer_5=-0.000, ade_TYPE_CYCLIST_layer_5=-0.000, loss=142.119, lr=0.0001
2026-08-19 20:12:59,369   INFO  epoch: 19/50, acc_iter=10550, cur_iter=308/539, batch_size=8, iter_cost=0.48s, time_cost(epoch): 02:26/01:49, time_cost(all): 1:27:43/2:09:54, ade_TYPE_VEHICLE_layer_5=0.554, ade_TYPE_PEDESTRIAN_layer_5=0.117, ade_TYPE_CYCLIST_layer_5=0.259, loss=150.508, lr=0.0001
2026-08-19 20:13:23,409   INFO  epoch: 19/50, acc_iter=10600, cur_iter=358/539, batch_size=8, iter_cost=0.48s, time_cost(epoch): 02:50/01:26, time_cost(all): 1:28:07/2:09:43, ade_TYPE_VEHICLE_layer_5=0.537, ade_TYPE_PEDESTRIAN_layer_5=0.127, ade_TYPE_CYCLIST_layer_5=0.371, loss=146.430, lr=0.0001
2026-08-19 20:13:47,087   INFO  epoch: 19/50, acc_iter=10650, cur_iter=408/539, batch_size=8, iter_cost=0.48s, time_cost(epoch): 03:14/01:02, time_cost(all): 1:28:30/2:09:14, ade_TYPE_VEHICLE_layer_5=0.534, ade_TYPE_PEDESTRIAN_layer_5=0.241, ade_TYPE_CYCLIST_layer_5=0.124, loss=75.549, lr=0.0001
2026-08-19 20:14:11,152   INFO  epoch: 19/50, acc_iter=10700, cur_iter=458/539, batch_size=8, iter_cost=0.48s, time_cost(epoch): 03:38/00:38, time_cost(all): 1:28:54/2:09:00, ade_TYPE_VEHICLE_layer_5=0.609, ade_TYPE_PEDESTRIAN_layer_5=0.137, ade_TYPE_CYCLIST_layer_5=-0.000, loss=76.570, lr=0.0001
2026-08-19 20:14:34,526   INFO  epoch: 19/50, acc_iter=10750, cur_iter=508/539, batch_size=8, iter_cost=0.48s, time_cost(epoch): 04:02/00:14, time_cost(all): 1:29:18/2:08:22, ade_TYPE_VEHICLE_layer_5=0.512, ade_TYPE_PEDESTRIAN_layer_5=0.170, ade_TYPE_CYCLIST_layer_5=0.437, loss=107.791, lr=0.0001
2026-08-19 20:14:48,639   INFO  epoch: 19/50, acc_iter=10780, cur_iter=538/539, batch_size=4, iter_cost=0.48s, time_cost(epoch): 04:16/00:00, time_cost(all): 1:29:32/2:08:03, ade_TYPE_VEHICLE_layer_5=0.535, ade_TYPE_PEDESTRIAN_layer_5=0.189, ade_TYPE_CYCLIST_layer_5=-0.000, loss=43.566, lr=0.0001
2026-08-19 20:14:50,222   INFO  ==> Eval with EMA weights (epoch 20)
2026-08-19 20:14:50,350   INFO  *************** EPOCH 20 EVALUATION *****************
2026-08-19 20:14:51,732   INFO  eval: epoch=20, batch_iter=0/79, batch_size=8, iter_cost=1.38s, time_cost: 00:01/01:48, 
2026-08-19 20:14:52,876   INFO  eval: epoch=20, batch_iter=10/79, batch_size=8, iter_cost=0.25s, time_cost: 00:02/00:17, 
2026-08-19 20:14:54,053   INFO  eval: epoch=20, batch_iter=20/79, batch_size=8, iter_cost=0.19s, time_cost: 00:03/00:10, 
2026-08-19 20:14:55,602   INFO  eval: epoch=20, batch_iter=30/79, batch_size=8, iter_cost=0.17s, time_cost: 00:05/00:08, 
2026-08-19 20:14:56,809   INFO  eval: epoch=20, batch_iter=40/79, batch_size=8, iter_cost=0.16s, time_cost: 00:06/00:06, 
2026-08-19 20:14:57,980   INFO  eval: epoch=20, batch_iter=50/79, batch_size=8, iter_cost=0.15s, time_cost: 00:07/00:04, 
2026-08-19 20:14:59,149   INFO  eval: epoch=20, batch_iter=60/79, batch_size=8, iter_cost=0.15s, time_cost: 00:08/00:02, 
2026-08-19 20:15:00,256   INFO  eval: epoch=20, batch_iter=70/79, batch_size=8, iter_cost=0.14s, time_cost: 00:09/00:01, 
2026-08-19 20:15:01,066   INFO  eval: epoch=20, batch_iter=78/79, batch_size=1, iter_cost=0.14s, time_cost: 00:10/00:00, 
eval:   0%|                                                                                                                                                                                               | 0/79 [00:10<?, ?it/s]
2026-08-19 20:15:01,177   INFO  Total number of samples before merging from multiple GPUs: 625
2026-08-19 20:15:01,618   INFO  Total number of samples after merging from multiple GPUs (removing duplicate): 5000
2026-08-19 20:15:01,622   INFO  *************** Performance of EPOCH 20 *****************
2026-08-19 20:15:01,623   INFO  Generate label finished(sec_per_example: 0.0023 second).
Total number for evaluation (intput): 5000
Total number for evaluation (after processed): 22520
Total number for evaluation (intput): 5000
Total number for evaluation (after processed): 22520
Total number for evaluation (intput): 5000
Total number for evaluation (after processed): 22520
2026-08-19 20:15:08,058   INFO  
========== Evaluation @ 3s ==========
minADE - VEHICLE: 1.0677 
minADE - PEDESTRIAN: 0.2286 
minADE - CYCLIST: 0.4720 
minFDE - VEHICLE: 1.8609 
minFDE - PEDESTRIAN: 0.4290 
minFDE - CYCLIST: 0.8915 
MissRate - VEHICLE: 0.4539 
MissRate - PEDESTRIAN: 0.0931 
MissRate - CYCLIST: 0.2924 
OverlapRate - VEHICLE: 0.0153 
OverlapRate - PEDESTRIAN: 0.0623 
OverlapRate - CYCLIST: 0.0188 
mAP - VEHICLE: 0.1131 
mAP - PEDESTRIAN: 0.4240 
mAP - CYCLIST: 0.2548 
minADE: 0.5894 
minFDE: 1.0605 
MissRate: 0.2798 
mAP: 0.2639 
       Waymo          mAP       minADE       minFDE     MissRate            
      VEHICLE      0.1131,      1.0677,      1.8609,      0.4539,            
   PEDESTRIAN      0.4240,      0.2286,      0.4290,      0.0931,            
      CYCLIST      0.2548,      0.4720,      0.8915,      0.2924,            
          Avg      0.2639,      0.5894,      1.0605,      0.2798,            
========== Evaluation @ 5s ==========
minADE - VEHICLE: 1.4521 
minADE - PEDESTRIAN: 0.3292 
minADE - CYCLIST: 0.6918 
minFDE - VEHICLE: 2.6448 
minFDE - PEDESTRIAN: 0.6421 
minFDE - CYCLIST: 1.3993 
MissRate - VEHICLE: 0.4526 
MissRate - PEDESTRIAN: 0.1038 
MissRate - CYCLIST: 0.3084 
OverlapRate - VEHICLE: 0.0329 
OverlapRate - PEDESTRIAN: 0.0678 
OverlapRate - CYCLIST: 0.0289 
mAP - VEHICLE: 0.1294 
mAP - PEDESTRIAN: 0.4800 
mAP - CYCLIST: 0.1583 
minADE: 0.8244 
minFDE: 1.5621 
MissRate: 0.2882 
mAP: 0.2559 
       Waymo          mAP       minADE       minFDE     MissRate            
      VEHICLE      0.1294,      1.4521,      2.6448,      0.4526,            
   PEDESTRIAN      0.4800,      0.3292,      0.6421,      0.1038,            
      CYCLIST      0.1583,      0.6918,      1.3993,      0.3084,            
          Avg      0.2559,      0.8244,      1.5621,      0.2882,            
========== Evaluation @ 8s ==========
minADE - VEHICLE: 1.9780 
minADE - PEDESTRIAN: 0.4654 
minADE - CYCLIST: 0.9993 
minFDE - VEHICLE: 3.8528 
minFDE - PEDESTRIAN: 0.9688 
minFDE - CYCLIST: 2.0935 
MissRate - VEHICLE: 0.4619 
MissRate - PEDESTRIAN: 0.1166 
MissRate - CYCLIST: 0.3188 
OverlapRate - VEHICLE: 0.0545 
OverlapRate - PEDESTRIAN: 0.0734 
OverlapRate - CYCLIST: 0.0453 
mAP - VEHICLE: 0.1584 
mAP - PEDESTRIAN: 0.2869 
mAP - CYCLIST: 0.1632 
minADE: 1.1476 
minFDE: 2.3050 
MissRate: 0.2991 
mAP: 0.2028 
       Waymo          mAP       minADE       minFDE     MissRate            
      VEHICLE      0.1584,      1.9780,      3.8528,      0.4619,            
   PEDESTRIAN      0.2869,      0.4654,      0.9688,      0.1166,            
      CYCLIST      0.1632,      0.9993,      2.0935,      0.3188,            
          Avg      0.2028,      1.1476,      2.3050,      0.2991,            
2026-08-19 20:15:08,059   INFO  Result is save to /root/wanqinghua/MTR/output/waymo/mtr_voyah_data/mtr_with_qcnet_v1/eval/eval_with_train
2026-08-19 20:15:08,059   INFO  ****************Evaluation done.*****************
epochs:  40%|██████████████████████████████████████████████████████████████████████                                                                                                         | 20/50 [1:29:51<2:14:58, 269.95s/it]
2026-08-19 20:15:09,631   INFO  epoch: 20/50, acc_iter=10781, cur_iter=0/539, batch_size=8, iter_cost=1.00s, time_cost(epoch): 00:00/08:57, time_cost(all): 1:29:53/4:28:36, ade_TYPE_VEHICLE_layer_5=0.554, ade_TYPE_PEDESTRIAN_layer_5=0.331, ade_TYPE_CYCLIST_layer_5=-0.000, loss=128.738, lr=0.0001
2026-08-19 20:15:18,863   INFO  epoch: 20/50, acc_iter=10800, cur_iter=19/539, batch_size=8, iter_cost=0.51s, time_cost(epoch): 00:10/04:25, time_cost(all): 1:30:02/2:17:40, ade_TYPE_VEHICLE_layer_5=0.584, ade_TYPE_PEDESTRIAN_layer_5=-0.000, ade_TYPE_CYCLIST_layer_5=-0.000, loss=178.755, lr=0.0001
2026-08-19 20:15:42,591   INFO  epoch: 20/50, acc_iter=10850, cur_iter=69/539, batch_size=8, iter_cost=0.49s, time_cost(epoch): 00:33/03:47, time_cost(all): 1:30:26/2:10:10, ade_TYPE_VEHICLE_layer_5=0.420, ade_TYPE_PEDESTRIAN_layer_5=0.308, ade_TYPE_CYCLIST_layer_5=-0.000, loss=23.092, lr=0.0001
2026-08-19 20:16:07,033   INFO  epoch: 20/50, acc_iter=10900, cur_iter=119/539, batch_size=8, iter_cost=0.49s, time_cost(epoch): 00:58/03:24, time_cost(all): 1:30:50/2:10:11, ade_TYPE_VEHICLE_layer_5=0.562, ade_TYPE_PEDESTRIAN_layer_5=0.565, ade_TYPE_CYCLIST_layer_5=-0.000, loss=129.034, lr=0.0001
2026-08-19 20:16:30,679   INFO  epoch: 20/50, acc_iter=10950, cur_iter=169/539, batch_size=8, iter_cost=0.48s, time_cost(epoch): 01:22/02:58, time_cost(all): 1:31:14/2:08:42, ade_TYPE_VEHICLE_layer_5=0.437, ade_TYPE_PEDESTRIAN_layer_5=0.068, ade_TYPE_CYCLIST_layer_5=0.813, loss=14.771, lr=0.0001
2026-08-19 20:16:55,380   INFO  epoch: 20/50, acc_iter=11000, cur_iter=219/539, batch_size=8, iter_cost=0.49s, time_cost(epoch): 01:46/02:35, time_cost(all): 1:31:39/2:08:59, ade_TYPE_VEHICLE_layer_5=0.716, ade_TYPE_PEDESTRIAN_layer_5=0.113, ade_TYPE_CYCLIST_layer_5=-0.000, loss=83.972, lr=0.0001
2026-08-19 20:17:19,083   INFO  epoch: 20/50, acc_iter=11050, cur_iter=269/539, batch_size=8, iter_cost=0.48s, time_cost(epoch): 02:10/02:10, time_cost(all): 1:32:02/2:08:02, ade_TYPE_VEHICLE_layer_5=0.553, ade_TYPE_PEDESTRIAN_layer_5=0.062, ade_TYPE_CYCLIST_layer_5=0.324, loss=106.655, lr=0.0001
2026-08-19 20:17:42,608   INFO  epoch: 20/50, acc_iter=11100, cur_iter=319/539, batch_size=8, iter_cost=0.48s, time_cost(epoch): 02:33/01:45, time_cost(all): 1:32:26/2:07:07, ade_TYPE_VEHICLE_layer_5=0.678, ade_TYPE_PEDESTRIAN_layer_5=0.241, ade_TYPE_CYCLIST_layer_5=0.221, loss=101.205, lr=0.0001
2026-08-19 20:18:05,952   INFO  epoch: 20/50, acc_iter=11150, cur_iter=369/539, batch_size=8, iter_cost=0.48s, time_cost(epoch): 02:57/01:21, time_cost(all): 1:32:49/2:06:12, ade_TYPE_VEHICLE_layer_5=0.589, ade_TYPE_PEDESTRIAN_layer_5=0.331, ade_TYPE_CYCLIST_layer_5=-0.000, loss=84.907, lr=0.0001
2026-08-19 20:18:29,201   INFO  epoch: 20/50, acc_iter=11200, cur_iter=419/539, batch_size=8, iter_cost=0.48s, time_cost(epoch): 03:20/00:57, time_cost(all): 1:33:12/2:05:21, ade_TYPE_VEHICLE_layer_5=0.572, ade_TYPE_PEDESTRIAN_layer_5=0.223, ade_TYPE_CYCLIST_layer_5=0.438, loss=34.956, lr=0.0001
2026-08-19 20:18:53,536   INFO  epoch: 20/50, acc_iter=11250, cur_iter=469/539, batch_size=8, iter_cost=0.48s, time_cost(epoch): 03:44/00:33, time_cost(all): 1:33:37/2:05:13, ade_TYPE_VEHICLE_layer_5=0.672, ade_TYPE_PEDESTRIAN_layer_5=0.124, ade_TYPE_CYCLIST_layer_5=0.501, loss=181.636, lr=0.0001
2026-08-19 20:19:16,576   INFO  epoch: 20/50, acc_iter=11300, cur_iter=519/539, batch_size=8, iter_cost=0.48s, time_cost(epoch): 04:07/00:09, time_cost(all): 1:34:00/2:04:22, ade_TYPE_VEHICLE_layer_5=0.475, ade_TYPE_PEDESTRIAN_layer_5=0.466, ade_TYPE_CYCLIST_layer_5=0.087, loss=127.615, lr=0.0001
2026-08-19 20:19:25,362   INFO  epoch: 20/50, acc_iter=11319, cur_iter=538/539, batch_size=4, iter_cost=0.48s, time_cost(epoch): 04:16/00:00, time_cost(all): 1:34:09/2:04:05, ade_TYPE_VEHICLE_layer_5=0.573, ade_TYPE_PEDESTRIAN_layer_5=0.087, ade_TYPE_CYCLIST_layer_5=-0.000, loss=-3.401, lr=0.0001
epochs:  42%|█████████████████████████████████████████████████████████████████████████▌                                                                                                     | 21/50 [1:34:09<2:08:39, 266.18s/it]
2026-08-19 20:19:27,254   INFO  epoch: 21/50, acc_iter=11320, cur_iter=0/539, batch_size=8, iter_cost=1.09s, time_cost(epoch): 00:01/09:49, time_cost(all): 1:34:11/4:44:43, ade_TYPE_VEHICLE_layer_5=0.528, ade_TYPE_PEDESTRIAN_layer_5=0.171, ade_TYPE_CYCLIST_layer_5=1.451, loss=46.916, lr=0.0001
2026-08-19 20:19:41,771   INFO  epoch: 21/50, acc_iter=11350, cur_iter=30/539, batch_size=8, iter_cost=0.50s, time_cost(epoch): 00:15/04:16, time_cost(all): 1:34:25/2:10:55, ade_TYPE_VEHICLE_layer_5=0.434, ade_TYPE_PEDESTRIAN_layer_5=0.244, ade_TYPE_CYCLIST_layer_5=0.444, loss=87.342, lr=0.0001
2026-08-19 20:20:05,410   INFO  epoch: 21/50, acc_iter=11400, cur_iter=80/539, batch_size=8, iter_cost=0.48s, time_cost(epoch): 00:39/03:42, time_cost(all): 1:34:49/2:05:35, ade_TYPE_VEHICLE_layer_5=0.484, ade_TYPE_PEDESTRIAN_layer_5=0.134, ade_TYPE_CYCLIST_layer_5=0.215, loss=-29.376, lr=0.0001
2026-08-19 20:20:29,823   INFO  epoch: 21/50, acc_iter=11450, cur_iter=130/539, batch_size=8, iter_cost=0.49s, time_cost(epoch): 01:03/03:18, time_cost(all): 1:35:13/2:05:32, ade_TYPE_VEHICLE_layer_5=0.457, ade_TYPE_PEDESTRIAN_layer_5=0.155, ade_TYPE_CYCLIST_layer_5=0.091, loss=68.464, lr=0.0001
2026-08-19 20:20:53,231   INFO  epoch: 21/50, acc_iter=11500, cur_iter=180/539, batch_size=8, iter_cost=0.48s, time_cost(epoch): 01:27/02:52, time_cost(all): 1:35:37/2:03:52, ade_TYPE_VEHICLE_layer_5=0.462, ade_TYPE_PEDESTRIAN_layer_5=0.234, ade_TYPE_CYCLIST_layer_5=0.340, loss=75.458, lr=0.0001
2026-08-19 20:21:16,946   INFO  epoch: 21/50, acc_iter=11550, cur_iter=230/539, batch_size=8, iter_cost=0.48s, time_cost(epoch): 01:50/02:28, time_cost(all): 1:36:00/2:03:06, ade_TYPE_VEHICLE_layer_5=0.598, ade_TYPE_PEDESTRIAN_layer_5=0.219, ade_TYPE_CYCLIST_layer_5=-0.000, loss=152.222, lr=0.0001
2026-08-19 20:21:41,517   INFO  epoch: 21/50, acc_iter=11600, cur_iter=280/539, batch_size=8, iter_cost=0.48s, time_cost(epoch): 02:15/02:04, time_cost(all): 1:36:25/2:03:14, ade_TYPE_VEHICLE_layer_5=0.442, ade_TYPE_PEDESTRIAN_layer_5=0.210, ade_TYPE_CYCLIST_layer_5=0.985, loss=165.915, lr=0.0001
2026-08-19 20:22:05,731   INFO  epoch: 21/50, acc_iter=11650, cur_iter=330/539, batch_size=8, iter_cost=0.48s, time_cost(epoch): 02:39/01:40, time_cost(all): 1:36:49/2:02:56, ade_TYPE_VEHICLE_layer_5=0.471, ade_TYPE_PEDESTRIAN_layer_5=0.260, ade_TYPE_CYCLIST_layer_5=0.241, loss=15.615, lr=0.0001
2026-08-19 20:22:29,765   INFO  epoch: 21/50, acc_iter=11700, cur_iter=380/539, batch_size=8, iter_cost=0.48s, time_cost(epoch): 03:03/01:16, time_cost(all): 1:37:13/2:02:29, ade_TYPE_VEHICLE_layer_5=0.443, ade_TYPE_PEDESTRIAN_layer_5=0.336, ade_TYPE_CYCLIST_layer_5=0.346, loss=114.150, lr=0.0001
2026-08-19 20:22:53,380   INFO  epoch: 21/50, acc_iter=11750, cur_iter=430/539, batch_size=8, iter_cost=0.48s, time_cost(epoch): 03:27/00:52, time_cost(all): 1:37:37/2:01:48, ade_TYPE_VEHICLE_layer_5=0.509, ade_TYPE_PEDESTRIAN_layer_5=0.192, ade_TYPE_CYCLIST_layer_5=-0.000, loss=62.421, lr=0.0001
2026-08-19 20:23:17,727   INFO  epoch: 21/50, acc_iter=11800, cur_iter=480/539, batch_size=8, iter_cost=0.48s, time_cost(epoch): 03:51/00:28, time_cost(all): 1:38:01/2:01:34, ade_TYPE_VEHICLE_layer_5=0.399, ade_TYPE_PEDESTRIAN_layer_5=0.262, ade_TYPE_CYCLIST_layer_5=0.283, loss=-38.098, lr=0.0001
2026-08-19 20:23:41,566   INFO  epoch: 21/50, acc_iter=11850, cur_iter=530/539, batch_size=8, iter_cost=0.48s, time_cost(epoch): 04:15/00:04, time_cost(all): 1:38:25/2:01:03, ade_TYPE_VEHICLE_layer_5=0.490, ade_TYPE_PEDESTRIAN_layer_5=0.139, ade_TYPE_CYCLIST_layer_5=0.603, loss=68.926, lr=0.0001
2026-08-19 20:23:45,188   INFO  epoch: 21/50, acc_iter=11858, cur_iter=538/539, batch_size=4, iter_cost=0.48s, time_cost(epoch): 04:19/00:00, time_cost(all): 1:38:28/2:00:53, ade_TYPE_VEHICLE_layer_5=0.471, ade_TYPE_PEDESTRIAN_layer_5=0.214, ade_TYPE_CYCLIST_layer_5=0.256, loss=46.451, lr=5e-05
2026-08-19 20:23:46,755   INFO  ==> Eval with EMA weights (epoch 22)
2026-08-19 20:23:46,877   INFO  *************** EPOCH 22 EVALUATION *****************
2026-08-19 20:23:47,781   INFO  eval: epoch=22, batch_iter=0/79, batch_size=8, iter_cost=0.90s, time_cost: 00:00/01:11, 
2026-08-19 20:23:48,987   INFO  eval: epoch=22, batch_iter=10/79, batch_size=8, iter_cost=0.21s, time_cost: 00:02/00:14, 
2026-08-19 20:23:50,153   INFO  eval: epoch=22, batch_iter=20/79, batch_size=8, iter_cost=0.16s, time_cost: 00:03/00:09, 
2026-08-19 20:23:51,349   INFO  eval: epoch=22, batch_iter=30/79, batch_size=8, iter_cost=0.15s, time_cost: 00:04/00:07, 
2026-08-19 20:23:52,549   INFO  eval: epoch=22, batch_iter=40/79, batch_size=8, iter_cost=0.14s, time_cost: 00:05/00:05, 
2026-08-19 20:23:53,712   INFO  eval: epoch=22, batch_iter=50/79, batch_size=8, iter_cost=0.14s, time_cost: 00:06/00:03, 
2026-08-19 20:23:54,880   INFO  eval: epoch=22, batch_iter=60/79, batch_size=8, iter_cost=0.13s, time_cost: 00:08/00:02, 
2026-08-19 20:23:55,985   INFO  eval: epoch=22, batch_iter=70/79, batch_size=8, iter_cost=0.13s, time_cost: 00:09/00:01, 
2026-08-19 20:23:56,794   INFO  eval: epoch=22, batch_iter=78/79, batch_size=1, iter_cost=0.13s, time_cost: 00:09/00:00, 
eval:   0%|                                                                                                                                                                                               | 0/79 [00:10<?, ?it/s]
2026-08-19 20:23:56,887   INFO  Total number of samples before merging from multiple GPUs: 625
2026-08-19 20:23:57,319   INFO  Total number of samples after merging from multiple GPUs (removing duplicate): 5000
2026-08-19 20:23:57,323   INFO  *************** Performance of EPOCH 22 *****************
2026-08-19 20:23:57,324   INFO  Generate label finished(sec_per_example: 0.0021 second).
Total number for evaluation (intput): 5000
Total number for evaluation (after processed): 22520
Total number for evaluation (intput): 5000
Total number for evaluation (after processed): 22520
Total number for evaluation (intput): 5000
Total number for evaluation (after processed): 22520
2026-08-19 20:24:03,739   INFO  
========== Evaluation @ 3s ==========
minADE - VEHICLE: 0.7304 
minADE - PEDESTRIAN: 0.2967 
minADE - CYCLIST: 0.4908 
minFDE - VEHICLE: 1.1963 
minFDE - PEDESTRIAN: 0.5647 
minFDE - CYCLIST: 0.9217 
MissRate - VEHICLE: 0.3100 
MissRate - PEDESTRIAN: 0.1416 
MissRate - CYCLIST: 0.3041 
OverlapRate - VEHICLE: 0.0118 
OverlapRate - PEDESTRIAN: 0.0657 
OverlapRate - CYCLIST: 0.0217 
mAP - VEHICLE: 0.1996 
mAP - PEDESTRIAN: 0.4206 
mAP - CYCLIST: 0.3287 
minADE: 0.5060 
minFDE: 0.8942 
MissRate: 0.2519 
mAP: 0.3163 
       Waymo          mAP       minADE       minFDE     MissRate            
      VEHICLE      0.1996,      0.7304,      1.1963,      0.3100,            
   PEDESTRIAN      0.4206,      0.2967,      0.5647,      0.1416,            
      CYCLIST      0.3287,      0.4908,      0.9217,      0.3041,            
          Avg      0.3163,      0.5060,      0.8942,      0.2519,            
========== Evaluation @ 5s ==========
minADE - VEHICLE: 1.0052 
minADE - PEDESTRIAN: 0.4224 
minADE - CYCLIST: 0.7161 
minFDE - VEHICLE: 1.7443 
minFDE - PEDESTRIAN: 0.8278 
minFDE - CYCLIST: 1.4217 
MissRate - VEHICLE: 0.3304 
MissRate - PEDESTRIAN: 0.1551 
MissRate - CYCLIST: 0.3246 
OverlapRate - VEHICLE: 0.0254 
OverlapRate - PEDESTRIAN: 0.0698 
OverlapRate - CYCLIST: 0.0347 
mAP - VEHICLE: 0.2041 
mAP - PEDESTRIAN: 0.4710 
mAP - CYCLIST: 0.2297 
minADE: 0.7146 
minFDE: 1.3313 
MissRate: 0.2700 
mAP: 0.3016 
       Waymo          mAP       minADE       minFDE     MissRate            
      VEHICLE      0.2041,      1.0052,      1.7443,      0.3304,            
   PEDESTRIAN      0.4710,      0.4224,      0.8278,      0.1551,            
      CYCLIST      0.2297,      0.7161,      1.4217,      0.3246,            
          Avg      0.3016,      0.7146,      1.3313,      0.2700,            
========== Evaluation @ 8s ==========
minADE - VEHICLE: 1.3959 
minADE - PEDESTRIAN: 0.5842 
minADE - CYCLIST: 1.0234 
minFDE - VEHICLE: 2.6347 
minFDE - PEDESTRIAN: 1.2013 
minFDE - CYCLIST: 2.1257 
MissRate - VEHICLE: 0.3572 
MissRate - PEDESTRIAN: 0.1720 
MissRate - CYCLIST: 0.3395 
OverlapRate - VEHICLE: 0.0458 
OverlapRate - PEDESTRIAN: 0.0759 
OverlapRate - CYCLIST: 0.0507 
mAP - VEHICLE: 0.2206 
mAP - PEDESTRIAN: 0.3078 
mAP - CYCLIST: 0.2379 
minADE: 1.0012 
minFDE: 1.9872 
MissRate: 0.2896 
mAP: 0.2554 
       Waymo          mAP       minADE       minFDE     MissRate            
      VEHICLE      0.2206,      1.3959,      2.6347,      0.3572,            
   PEDESTRIAN      0.3078,      0.5842,      1.2013,      0.1720,            
      CYCLIST      0.2379,      1.0234,      2.1257,      0.3395,            
          Avg      0.2554,      1.0012,      1.9872,      0.2896,            
2026-08-19 20:24:03,740   INFO  Result is save to /root/wanqinghua/MTR/output/waymo/mtr_voyah_data/mtr_with_qcnet_v1/eval/eval_with_train
2026-08-19 20:24:03,741   INFO  ****************Evaluation done.*****************
2026-08-19 20:24:04,835   INFO  Save best model to /root/wanqinghua/MTR/output/waymo/mtr_voyah_data/mtr_with_qcnet_v1/ckpt/best_model
2026-08-19 20:24:06,549   INFO  Save EMA best model to /root/wanqinghua/MTR/output/waymo/mtr_voyah_data/mtr_with_qcnet_v1/ckpt/best_model_ema
epochs:  44%|█████████████████████████████████████████████████████████████████████████████                                                                                                  | 22/50 [1:38:50<2:06:17, 270.64s/it]
2026-08-19 20:24:07,976   INFO  epoch: 22/50, acc_iter=11859, cur_iter=0/539, batch_size=8, iter_cost=0.91s, time_cost(epoch): 00:00/08:11, time_cost(all): 1:38:51/3:49:15, ade_TYPE_VEHICLE_layer_5=0.502, ade_TYPE_PEDESTRIAN_layer_5=0.220, ade_TYPE_CYCLIST_layer_5=0.874, loss=108.714, lr=5e-05
2026-08-19 20:24:28,154   INFO  epoch: 22/50, acc_iter=11900, cur_iter=41/539, batch_size=8, iter_cost=0.50s, time_cost(epoch): 00:21/04:10, time_cost(all): 1:39:11/2:05:57, ade_TYPE_VEHICLE_layer_5=0.498, ade_TYPE_PEDESTRIAN_layer_5=0.124, ade_TYPE_CYCLIST_layer_5=-0.000, loss=14.262, lr=5e-05
2026-08-19 20:24:52,198   INFO  epoch: 22/50, acc_iter=11950, cur_iter=91/539, batch_size=8, iter_cost=0.49s, time_cost(epoch): 00:45/03:39, time_cost(all): 1:39:35/2:02:39, ade_TYPE_VEHICLE_layer_5=0.950, ade_TYPE_PEDESTRIAN_layer_5=0.238, ade_TYPE_CYCLIST_layer_5=0.526, loss=220.332, lr=5e-05
2026-08-19 20:25:16,841   INFO  epoch: 22/50, acc_iter=12000, cur_iter=141/539, batch_size=8, iter_cost=0.49s, time_cost(epoch): 01:09/03:15, time_cost(all): 1:40:00/2:02:26, ade_TYPE_VEHICLE_layer_5=0.398, ade_TYPE_PEDESTRIAN_layer_5=0.065, ade_TYPE_CYCLIST_layer_5=0.265, loss=85.317, lr=5e-05
2026-08-19 20:25:40,800   INFO  epoch: 22/50, acc_iter=12050, cur_iter=191/539, batch_size=8, iter_cost=0.49s, time_cost(epoch): 01:33/02:49, time_cost(all): 1:40:24/2:01:14, ade_TYPE_VEHICLE_layer_5=0.490, ade_TYPE_PEDESTRIAN_layer_5=0.136, ade_TYPE_CYCLIST_layer_5=0.342, loss=-26.530, lr=5e-05
2026-08-19 20:26:03,969   INFO  epoch: 22/50, acc_iter=12100, cur_iter=241/539, batch_size=8, iter_cost=0.48s, time_cost(epoch): 01:56/02:23, time_cost(all): 1:40:47/1:59:34, ade_TYPE_VEHICLE_layer_5=0.478, ade_TYPE_PEDESTRIAN_layer_5=0.130, ade_TYPE_CYCLIST_layer_5=-0.000, loss=-10.731, lr=5e-05
2026-08-19 20:26:27,123   INFO  epoch: 22/50, acc_iter=12150, cur_iter=291/539, batch_size=8, iter_cost=0.48s, time_cost(epoch): 02:20/01:58, time_cost(all): 1:41:10/1:58:19, ade_TYPE_VEHICLE_layer_5=0.448, ade_TYPE_PEDESTRIAN_layer_5=0.265, ade_TYPE_CYCLIST_layer_5=0.287, loss=86.183, lr=5e-05
2026-08-19 20:26:50,881   INFO  epoch: 22/50, acc_iter=12200, cur_iter=341/539, batch_size=8, iter_cost=0.48s, time_cost(epoch): 02:43/01:34, time_cost(all): 1:41:34/1:57:45, ade_TYPE_VEHICLE_layer_5=0.571, ade_TYPE_PEDESTRIAN_layer_5=-0.000, ade_TYPE_CYCLIST_layer_5=0.391, loss=104.705, lr=5e-05
2026-08-19 20:27:14,197   INFO  epoch: 22/50, acc_iter=12250, cur_iter=391/539, batch_size=8, iter_cost=0.48s, time_cost(epoch): 03:07/01:10, time_cost(all): 1:41:57/1:56:57, ade_TYPE_VEHICLE_layer_5=0.510, ade_TYPE_PEDESTRIAN_layer_5=0.167, ade_TYPE_CYCLIST_layer_5=-0.000, loss=109.548, lr=5e-05
2026-08-19 20:27:37,446   INFO  epoch: 22/50, acc_iter=12300, cur_iter=441/539, batch_size=8, iter_cost=0.48s, time_cost(epoch): 03:30/00:46, time_cost(all): 1:42:21/1:56:13, ade_TYPE_VEHICLE_layer_5=0.528, ade_TYPE_PEDESTRIAN_layer_5=0.202, ade_TYPE_CYCLIST_layer_5=0.275, loss=35.842, lr=5e-05
2026-08-19 20:28:01,084   INFO  epoch: 22/50, acc_iter=12350, cur_iter=491/539, batch_size=8, iter_cost=0.48s, time_cost(epoch): 03:54/00:22, time_cost(all): 1:42:44/1:55:44, ade_TYPE_VEHICLE_layer_5=0.452, ade_TYPE_PEDESTRIAN_layer_5=0.110, ade_TYPE_CYCLIST_layer_5=1.309, loss=24.679, lr=5e-05
2026-08-19 20:28:23,501   INFO  epoch: 22/50, acc_iter=12397, cur_iter=538/539, batch_size=4, iter_cost=0.48s, time_cost(epoch): 04:16/00:00, time_cost(all): 1:43:07/1:55:24, ade_TYPE_VEHICLE_layer_5=0.598, ade_TYPE_PEDESTRIAN_layer_5=0.126, ade_TYPE_CYCLIST_layer_5=-0.000, loss=7.758, lr=5e-05
epochs:  46%|████████████████████████████████████████████████████████████████████████████████▌                                                                                              | 23/50 [1:43:07<1:59:57, 266.58s/it]
2026-08-19 20:28:25,154   INFO  epoch: 23/50, acc_iter=12398, cur_iter=0/539, batch_size=8, iter_cost=0.91s, time_cost(epoch): 00:00/08:08, time_cost(all): 1:43:08/3:39:58, ade_TYPE_VEHICLE_layer_5=0.560, ade_TYPE_PEDESTRIAN_layer_5=0.209, ade_TYPE_CYCLIST_layer_5=0.559, loss=71.117, lr=5e-05
2026-08-19 20:28:26,062   INFO  epoch: 23/50, acc_iter=12400, cur_iter=2/539, batch_size=8, iter_cost=0.61s, time_cost(epoch): 00:01/05:25, time_cost(all): 1:43:09/2:26:46, ade_TYPE_VEHICLE_layer_5=0.618, ade_TYPE_PEDESTRIAN_layer_5=0.267, ade_TYPE_CYCLIST_layer_5=-0.000, loss=33.084, lr=5e-05
2026-08-19 20:28:49,861   INFO  epoch: 23/50, acc_iter=12450, cur_iter=52/539, batch_size=8, iter_cost=0.48s, time_cost(epoch): 00:25/03:55, time_cost(all): 1:43:33/1:56:48, ade_TYPE_VEHICLE_layer_5=0.496, ade_TYPE_PEDESTRIAN_layer_5=0.093, ade_TYPE_CYCLIST_layer_5=0.634, loss=106.167, lr=5e-05
2026-08-19 20:29:14,095   INFO  epoch: 23/50, acc_iter=12500, cur_iter=102/539, batch_size=8, iter_cost=0.48s, time_cost(epoch): 00:49/03:31, time_cost(all): 1:43:57/1:56:33, ade_TYPE_VEHICLE_layer_5=0.478, ade_TYPE_PEDESTRIAN_layer_5=0.205, ade_TYPE_CYCLIST_layer_5=-0.000, loss=-37.003, lr=5e-05
2026-08-19 20:29:38,409   INFO  epoch: 23/50, acc_iter=12550, cur_iter=152/539, batch_size=8, iter_cost=0.48s, time_cost(epoch): 01:14/03:07, time_cost(all): 1:44:22/1:56:20, ade_TYPE_VEHICLE_layer_5=0.490, ade_TYPE_PEDESTRIAN_layer_5=0.095, ade_TYPE_CYCLIST_layer_5=0.927, loss=7.716, lr=5e-05
2026-08-19 20:30:02,029   INFO  epoch: 23/50, acc_iter=12600, cur_iter=202/539, batch_size=8, iter_cost=0.48s, time_cost(epoch): 01:37/02:42, time_cost(all): 1:44:45/1:55:12, ade_TYPE_VEHICLE_layer_5=0.415, ade_TYPE_PEDESTRIAN_layer_5=0.240, ade_TYPE_CYCLIST_layer_5=-0.000, loss=-10.741, lr=5e-05
2026-08-19 20:30:26,145   INFO  epoch: 23/50, acc_iter=12650, cur_iter=252/539, batch_size=8, iter_cost=0.48s, time_cost(epoch): 02:01/02:18, time_cost(all): 1:45:09/1:54:50, ade_TYPE_VEHICLE_layer_5=0.403, ade_TYPE_PEDESTRIAN_layer_5=0.188, ade_TYPE_CYCLIST_layer_5=0.305, loss=-30.235, lr=5e-05
2026-08-19 20:30:49,826   INFO  epoch: 23/50, acc_iter=12700, cur_iter=302/539, batch_size=8, iter_cost=0.48s, time_cost(epoch): 02:25/01:53, time_cost(all): 1:45:33/1:54:07, ade_TYPE_VEHICLE_layer_5=0.521, ade_TYPE_PEDESTRIAN_layer_5=0.370, ade_TYPE_CYCLIST_layer_5=-0.000, loss=-34.051, lr=5e-05
2026-08-19 20:31:14,733   INFO  epoch: 23/50, acc_iter=12750, cur_iter=352/539, batch_size=8, iter_cost=0.48s, time_cost(epoch): 02:50/01:30, time_cost(all): 1:45:58/1:54:18, ade_TYPE_VEHICLE_layer_5=0.456, ade_TYPE_PEDESTRIAN_layer_5=0.179, ade_TYPE_CYCLIST_layer_5=-0.000, loss=29.190, lr=5e-05
2026-08-19 20:31:38,396   INFO  epoch: 23/50, acc_iter=12800, cur_iter=402/539, batch_size=8, iter_cost=0.48s, time_cost(epoch): 03:14/01:06, time_cost(all): 1:46:22/1:53:37, ade_TYPE_VEHICLE_layer_5=0.588, ade_TYPE_PEDESTRIAN_layer_5=0.269, ade_TYPE_CYCLIST_layer_5=0.365, loss=33.392, lr=5e-05
2026-08-19 20:32:02,513   INFO  epoch: 23/50, acc_iter=12850, cur_iter=452/539, batch_size=8, iter_cost=0.48s, time_cost(epoch): 03:38/00:41, time_cost(all): 1:46:46/1:53:14, ade_TYPE_VEHICLE_layer_5=0.544, ade_TYPE_PEDESTRIAN_layer_5=0.229, ade_TYPE_CYCLIST_layer_5=0.266, loss=30.920, lr=5e-05
2026-08-19 20:32:26,665   INFO  epoch: 23/50, acc_iter=12900, cur_iter=502/539, batch_size=8, iter_cost=0.48s, time_cost(epoch): 04:02/00:17, time_cost(all): 1:47:10/1:52:51, ade_TYPE_VEHICLE_layer_5=0.573, ade_TYPE_PEDESTRIAN_layer_5=0.206, ade_TYPE_CYCLIST_layer_5=1.459, loss=1.672, lr=5e-05
2026-08-19 20:32:43,139   INFO  epoch: 23/50, acc_iter=12936, cur_iter=538/539, batch_size=4, iter_cost=0.48s, time_cost(epoch): 04:18/00:00, time_cost(all): 1:47:26/1:52:11, ade_TYPE_VEHICLE_layer_5=0.537, ade_TYPE_PEDESTRIAN_layer_5=0.106, ade_TYPE_CYCLIST_layer_5=-0.000, loss=-49.496, lr=2.5e-05
2026-08-19 20:32:44,708   INFO  ==> Eval with EMA weights (epoch 24)
2026-08-19 20:32:44,828   INFO  *************** EPOCH 24 EVALUATION *****************
2026-08-19 20:32:45,731   INFO  eval: epoch=24, batch_iter=0/79, batch_size=8, iter_cost=0.90s, time_cost: 00:00/01:11, 
2026-08-19 20:32:46,900   INFO  eval: epoch=24, batch_iter=10/79, batch_size=8, iter_cost=0.21s, time_cost: 00:02/00:14, 
2026-08-19 20:32:48,064   INFO  eval: epoch=24, batch_iter=20/79, batch_size=8, iter_cost=0.16s, time_cost: 00:03/00:09, 
2026-08-19 20:32:49,243   INFO  eval: epoch=24, batch_iter=30/79, batch_size=8, iter_cost=0.15s, time_cost: 00:04/00:07, 
2026-08-19 20:32:50,446   INFO  eval: epoch=24, batch_iter=40/79, batch_size=8, iter_cost=0.14s, time_cost: 00:05/00:05, 
2026-08-19 20:32:51,623   INFO  eval: epoch=24, batch_iter=50/79, batch_size=8, iter_cost=0.14s, time_cost: 00:06/00:03, 
2026-08-19 20:32:52,793   INFO  eval: epoch=24, batch_iter=60/79, batch_size=8, iter_cost=0.13s, time_cost: 00:07/00:02, 
2026-08-19 20:32:53,904   INFO  eval: epoch=24, batch_iter=70/79, batch_size=8, iter_cost=0.13s, time_cost: 00:09/00:01, 
2026-08-19 20:32:54,715   INFO  eval: epoch=24, batch_iter=78/79, batch_size=1, iter_cost=0.13s, time_cost: 00:09/00:00, 
eval:   0%|                                                                                                                                                                                               | 0/79 [00:09<?, ?it/s]
2026-08-19 20:32:54,807   INFO  Total number of samples before merging from multiple GPUs: 625
2026-08-19 20:32:55,434   INFO  Total number of samples after merging from multiple GPUs (removing duplicate): 5000
2026-08-19 20:32:55,438   INFO  *************** Performance of EPOCH 24 *****************
2026-08-19 20:32:55,439   INFO  Generate label finished(sec_per_example: 0.0021 second).
Total number for evaluation (intput): 5000
Total number for evaluation (after processed): 22520
Total number for evaluation (intput): 5000
Total number for evaluation (after processed): 22520
Total number for evaluation (intput): 5000
Total number for evaluation (after processed): 22520
2026-08-19 20:33:01,662   INFO  
========== Evaluation @ 3s ==========
minADE - VEHICLE: 0.6957 
minADE - PEDESTRIAN: 0.2347 
minADE - CYCLIST: 0.4521 
minFDE - VEHICLE: 1.2023 
minFDE - PEDESTRIAN: 0.4487 
minFDE - CYCLIST: 0.8460 
MissRate - VEHICLE: 0.3163 
MissRate - PEDESTRIAN: 0.1022 
MissRate - CYCLIST: 0.2895 
OverlapRate - VEHICLE: 0.0098 
OverlapRate - PEDESTRIAN: 0.0631 
OverlapRate - CYCLIST: 0.0145 
mAP - VEHICLE: 0.2033 
mAP - PEDESTRIAN: 0.4280 
mAP - CYCLIST: 0.3094 
minADE: 0.4608 
minFDE: 0.8323 
MissRate: 0.2360 
mAP: 0.3136 
       Waymo          mAP       minADE       minFDE     MissRate            
      VEHICLE      0.2033,      0.6957,      1.2023,      0.3163,            
   PEDESTRIAN      0.4280,      0.2347,      0.4487,      0.1022,            
      CYCLIST      0.3094,      0.4521,      0.8460,      0.2895,            
          Avg      0.3136,      0.4608,      0.8323,      0.2360,            
========== Evaluation @ 5s ==========
minADE - VEHICLE: 0.9710 
minADE - PEDESTRIAN: 0.3397 
minADE - CYCLIST: 0.6600 
minFDE - VEHICLE: 1.7303 
minFDE - PEDESTRIAN: 0.6711 
minFDE - CYCLIST: 1.3159 
MissRate - VEHICLE: 0.3255 
MissRate - PEDESTRIAN: 0.1125 
MissRate - CYCLIST: 0.2958 
OverlapRate - VEHICLE: 0.0223 
OverlapRate - PEDESTRIAN: 0.0683 
OverlapRate - CYCLIST: 0.0260 
mAP - VEHICLE: 0.2128 
mAP - PEDESTRIAN: 0.5068 
mAP - CYCLIST: 0.2135 
minADE: 0.6569 
minFDE: 1.2391 
MissRate: 0.2446 
mAP: 0.3111 
       Waymo          mAP       minADE       minFDE     MissRate            
      VEHICLE      0.2128,      0.9710,      1.7303,      0.3255,            
   PEDESTRIAN      0.5068,      0.3397,      0.6711,      0.1125,            
      CYCLIST      0.2135,      0.6600,      1.3159,      0.2958,            
          Avg      0.3111,      0.6569,      1.2391,      0.2446,            
========== Evaluation @ 8s ==========
minADE - VEHICLE: 1.3487 
minADE - PEDESTRIAN: 0.4791 
minADE - CYCLIST: 0.9470 
minFDE - VEHICLE: 2.5532 
minFDE - PEDESTRIAN: 0.9938 
minFDE - CYCLIST: 1.9738 
MissRate - VEHICLE: 0.3418 
MissRate - PEDESTRIAN: 0.1248 
MissRate - CYCLIST: 0.3017 
OverlapRate - VEHICLE: 0.0407 
OverlapRate - PEDESTRIAN: 0.0745 
OverlapRate - CYCLIST: 0.0420 
mAP - VEHICLE: 0.2338 
mAP - PEDESTRIAN: 0.3052 
mAP - CYCLIST: 0.2279 
minADE: 0.9250 
minFDE: 1.8403 
MissRate: 0.2561 
mAP: 0.2556 
       Waymo          mAP       minADE       minFDE     MissRate            
      VEHICLE      0.2338,      1.3487,      2.5532,      0.3418,            
   PEDESTRIAN      0.3052,      0.4791,      0.9938,      0.1248,            
      CYCLIST      0.2279,      0.9470,      1.9738,      0.3017,            
          Avg      0.2556,      0.9250,      1.8403,      0.2561,            
2026-08-19 20:33:01,663   INFO  Result is save to /root/wanqinghua/MTR/output/waymo/mtr_voyah_data/mtr_with_qcnet_v1/eval/eval_with_train
2026-08-19 20:33:01,663   INFO  ****************Evaluation done.*****************
2026-08-19 20:33:02,718   INFO  Save best model to /root/wanqinghua/MTR/output/waymo/mtr_voyah_data/mtr_with_qcnet_v1/ckpt/best_model
2026-08-19 20:33:04,479   INFO  Save EMA best model to /root/wanqinghua/MTR/output/waymo/mtr_voyah_data/mtr_with_qcnet_v1/ckpt/best_model_ema
epochs:  48%|████████████████████████████████████████████████████████████████████████████████████                                                                                           | 24/50 [1:47:48<1:57:22, 270.85s/it]
2026-08-19 20:33:05,906   INFO  epoch: 24/50, acc_iter=12937, cur_iter=0/539, batch_size=8, iter_cost=0.92s, time_cost(epoch): 00:00/08:14, time_cost(all): 1:47:49/3:34:10, ade_TYPE_VEHICLE_layer_5=0.465, ade_TYPE_PEDESTRIAN_layer_5=0.402, ade_TYPE_CYCLIST_layer_5=0.164, loss=83.998, lr=2.5e-05
2026-08-19 20:33:12,444   INFO  epoch: 24/50, acc_iter=12950, cur_iter=13/539, batch_size=8, iter_cost=0.53s, time_cost(epoch): 00:07/04:40, time_cost(all): 1:47:56/2:04:15, ade_TYPE_VEHICLE_layer_5=0.587, ade_TYPE_PEDESTRIAN_layer_5=0.258, ade_TYPE_CYCLIST_layer_5=0.591, loss=4.559, lr=2.5e-05
2026-08-19 20:33:37,037   INFO  epoch: 24/50, acc_iter=13000, cur_iter=63/539, batch_size=8, iter_cost=0.50s, time_cost(epoch): 00:32/03:58, time_cost(all): 1:48:20/1:56:25, ade_TYPE_VEHICLE_layer_5=0.410, ade_TYPE_PEDESTRIAN_layer_5=-0.000, ade_TYPE_CYCLIST_layer_5=-0.000, loss=22.382, lr=2.5e-05
2026-08-19 20:34:00,921   INFO  epoch: 24/50, acc_iter=13050, cur_iter=113/539, batch_size=8, iter_cost=0.49s, time_cost(epoch): 00:55/03:29, time_cost(all): 1:48:44/1:53:40, ade_TYPE_VEHICLE_layer_5=0.497, ade_TYPE_PEDESTRIAN_layer_5=0.478, ade_TYPE_CYCLIST_layer_5=-0.000, loss=94.074, lr=2.5e-05
2026-08-19 20:34:24,830   INFO  epoch: 24/50, acc_iter=13100, cur_iter=163/539, batch_size=8, iter_cost=0.49s, time_cost(epoch): 01:19/03:03, time_cost(all): 1:49:08/1:52:23, ade_TYPE_VEHICLE_layer_5=0.522, ade_TYPE_PEDESTRIAN_layer_5=0.157, ade_TYPE_CYCLIST_layer_5=0.621, loss=108.086, lr=2.5e-05
2026-08-19 20:34:48,382   INFO  epoch: 24/50, acc_iter=13150, cur_iter=213/539, batch_size=8, iter_cost=0.48s, time_cost(epoch): 01:43/02:37, time_cost(all): 1:49:32/1:51:07, ade_TYPE_VEHICLE_layer_5=0.376, ade_TYPE_PEDESTRIAN_layer_5=0.167, ade_TYPE_CYCLIST_layer_5=0.181, loss=78.502, lr=2.5e-05
2026-08-19 20:35:12,463   INFO  epoch: 24/50, acc_iter=13200, cur_iter=263/539, batch_size=8, iter_cost=0.48s, time_cost(epoch): 02:07/02:13, time_cost(all): 1:49:56/1:50:39, ade_TYPE_VEHICLE_layer_5=0.822, ade_TYPE_PEDESTRIAN_layer_5=0.199, ade_TYPE_CYCLIST_layer_5=-0.000, loss=132.751, lr=2.5e-05
2026-08-19 20:35:35,983   INFO  epoch: 24/50, acc_iter=13250, cur_iter=313/539, batch_size=8, iter_cost=0.48s, time_cost(epoch): 02:30/01:48, time_cost(all): 1:50:19/1:49:48, ade_TYPE_VEHICLE_layer_5=0.394, ade_TYPE_PEDESTRIAN_layer_5=0.146, ade_TYPE_CYCLIST_layer_5=0.317, loss=-39.868, lr=2.5e-05
2026-08-19 20:36:00,189   INFO  epoch: 24/50, acc_iter=13300, cur_iter=363/539, batch_size=8, iter_cost=0.48s, time_cost(epoch): 02:55/01:24, time_cost(all): 1:50:43/1:49:30, ade_TYPE_VEHICLE_layer_5=0.601, ade_TYPE_PEDESTRIAN_layer_5=0.070, ade_TYPE_CYCLIST_layer_5=-0.000, loss=120.286, lr=2.5e-05
2026-08-19 20:36:23,509   INFO  epoch: 24/50, acc_iter=13350, cur_iter=413/539, batch_size=8, iter_cost=0.48s, time_cost(epoch): 03:18/01:00, time_cost(all): 1:51:07/1:48:41, ade_TYPE_VEHICLE_layer_5=0.478, ade_TYPE_PEDESTRIAN_layer_5=0.152, ade_TYPE_CYCLIST_layer_5=0.217, loss=91.930, lr=2.5e-05
2026-08-19 20:36:46,763   INFO  epoch: 24/50, acc_iter=13400, cur_iter=463/539, batch_size=8, iter_cost=0.48s, time_cost(epoch): 03:41/00:36, time_cost(all): 1:51:30/1:47:56, ade_TYPE_VEHICLE_layer_5=0.474, ade_TYPE_PEDESTRIAN_layer_5=0.344, ade_TYPE_CYCLIST_layer_5=0.346, loss=81.221, lr=2.5e-05
2026-08-19 20:37:10,608   INFO  epoch: 24/50, acc_iter=13450, cur_iter=513/539, batch_size=8, iter_cost=0.48s, time_cost(epoch): 04:05/00:12, time_cost(all): 1:51:54/1:47:31, ade_TYPE_VEHICLE_layer_5=0.411, ade_TYPE_PEDESTRIAN_layer_5=0.149, ade_TYPE_CYCLIST_layer_5=-0.000, loss=-16.497, lr=2.5e-05
2026-08-19 20:37:21,798   INFO  epoch: 24/50, acc_iter=13475, cur_iter=538/539, batch_size=4, iter_cost=0.48s, time_cost(epoch): 04:16/00:00, time_cost(all): 1:52:05/1:47:00, ade_TYPE_VEHICLE_layer_5=0.561, ade_TYPE_PEDESTRIAN_layer_5=0.329, ade_TYPE_CYCLIST_layer_5=0.337, loss=73.235, lr=2.5e-05
epochs:  50%|███████████████████████████████████████████████████████████████████████████████████████▌                                                                                       | 25/50 [1:52:05<1:51:11, 266.84s/it]
2026-08-19 20:37:23,515   INFO  epoch: 25/50, acc_iter=13476, cur_iter=0/539, batch_size=8, iter_cost=0.96s, time_cost(epoch): 00:00/08:38, time_cost(all): 1:52:07/3:36:12, ade_TYPE_VEHICLE_layer_5=0.435, ade_TYPE_PEDESTRIAN_layer_5=0.117, ade_TYPE_CYCLIST_layer_5=0.432, loss=60.885, lr=2.5e-05
2026-08-19 20:37:35,109   INFO  epoch: 25/50, acc_iter=13500, cur_iter=24/539, batch_size=8, iter_cost=0.50s, time_cost(epoch): 00:12/04:18, time_cost(all): 1:52:18/1:52:36, ade_TYPE_VEHICLE_layer_5=0.463, ade_TYPE_PEDESTRIAN_layer_5=0.112, ade_TYPE_CYCLIST_layer_5=0.141, loss=2.985, lr=2.5e-05
2026-08-19 20:37:59,182   INFO  epoch: 25/50, acc_iter=13550, cur_iter=74/539, batch_size=8, iter_cost=0.49s, time_cost(epoch): 00:36/03:47, time_cost(all): 1:52:42/1:49:05, ade_TYPE_VEHICLE_layer_5=0.450, ade_TYPE_PEDESTRIAN_layer_5=0.182, ade_TYPE_CYCLIST_layer_5=-0.000, loss=74.482, lr=2.5e-05
2026-08-19 20:38:23,348   INFO  epoch: 25/50, acc_iter=13600, cur_iter=124/539, batch_size=8, iter_cost=0.49s, time_cost(epoch): 01:00/03:21, time_cost(all): 1:53:07/1:48:13, ade_TYPE_VEHICLE_layer_5=0.492, ade_TYPE_PEDESTRIAN_layer_5=0.150, ade_TYPE_CYCLIST_layer_5=-0.000, loss=107.969, lr=2.5e-05
2026-08-19 20:38:47,344   INFO  epoch: 25/50, acc_iter=13650, cur_iter=174/539, batch_size=8, iter_cost=0.48s, time_cost(epoch): 01:24/02:56, time_cost(all): 1:53:31/1:47:24, ade_TYPE_VEHICLE_layer_5=0.388, ade_TYPE_PEDESTRIAN_layer_5=0.323, ade_TYPE_CYCLIST_layer_5=-0.000, loss=-13.028, lr=2.5e-05
2026-08-19 20:39:11,673   INFO  epoch: 25/50, acc_iter=13700, cur_iter=224/539, batch_size=8, iter_cost=0.48s, time_cost(epoch): 01:49/02:32, time_cost(all): 1:53:55/1:47:06, ade_TYPE_VEHICLE_layer_5=0.606, ade_TYPE_PEDESTRIAN_layer_5=0.261, ade_TYPE_CYCLIST_layer_5=-0.000, loss=128.362, lr=2.5e-05
2026-08-19 20:39:35,128   INFO  epoch: 25/50, acc_iter=13750, cur_iter=274/539, batch_size=8, iter_cost=0.48s, time_cost(epoch): 02:12/02:07, time_cost(all): 1:54:18/1:46:04, ade_TYPE_VEHICLE_layer_5=0.442, ade_TYPE_PEDESTRIAN_layer_5=0.070, ade_TYPE_CYCLIST_layer_5=0.120, loss=100.778, lr=2.5e-05
2026-08-19 20:39:59,678   INFO  epoch: 25/50, acc_iter=13800, cur_iter=324/539, batch_size=8, iter_cost=0.48s, time_cost(epoch): 02:37/01:43, time_cost(all): 1:54:43/1:45:58, ade_TYPE_VEHICLE_layer_5=0.369, ade_TYPE_PEDESTRIAN_layer_5=0.131, ade_TYPE_CYCLIST_layer_5=0.243, loss=-64.391, lr=2.5e-05
2026-08-19 20:40:23,865   INFO  epoch: 25/50, acc_iter=13850, cur_iter=374/539, batch_size=8, iter_cost=0.48s, time_cost(epoch): 03:01/01:19, time_cost(all): 1:55:07/1:45:34, ade_TYPE_VEHICLE_layer_5=0.484, ade_TYPE_PEDESTRIAN_layer_5=0.185, ade_TYPE_CYCLIST_layer_5=-0.000, loss=96.748, lr=2.5e-05
2026-08-19 20:40:47,934   INFO  epoch: 25/50, acc_iter=13900, cur_iter=424/539, batch_size=8, iter_cost=0.48s, time_cost(epoch): 03:25/00:55, time_cost(all): 1:55:31/1:45:06, ade_TYPE_VEHICLE_layer_5=0.512, ade_TYPE_PEDESTRIAN_layer_5=0.999, ade_TYPE_CYCLIST_layer_5=-0.000, loss=82.341, lr=2.5e-05
2026-08-19 20:41:11,925   INFO  epoch: 25/50, acc_iter=13950, cur_iter=474/539, batch_size=8, iter_cost=0.48s, time_cost(epoch): 03:49/00:31, time_cost(all): 1:55:55/1:44:38, ade_TYPE_VEHICLE_layer_5=0.447, ade_TYPE_PEDESTRIAN_layer_5=0.197, ade_TYPE_CYCLIST_layer_5=0.489, loss=33.804, lr=2.5e-05
2026-08-19 20:41:35,742   INFO  epoch: 25/50, acc_iter=14000, cur_iter=524/539, batch_size=8, iter_cost=0.48s, time_cost(epoch): 04:13/00:07, time_cost(all): 1:56:19/1:44:05, ade_TYPE_VEHICLE_layer_5=0.505, ade_TYPE_PEDESTRIAN_layer_5=0.214, ade_TYPE_CYCLIST_layer_5=0.337, loss=45.980, lr=2.5e-05
2026-08-19 20:41:42,305   INFO  epoch: 25/50, acc_iter=14014, cur_iter=538/539, batch_size=4, iter_cost=0.48s, time_cost(epoch): 04:19/00:00, time_cost(all): 1:56:26/1:43:54, ade_TYPE_VEHICLE_layer_5=0.704, ade_TYPE_PEDESTRIAN_layer_5=-0.000, ade_TYPE_CYCLIST_layer_5=-0.000, loss=59.172, lr=1.25e-05
2026-08-19 20:41:43,891   INFO  ==> Eval with EMA weights (epoch 26)
2026-08-19 20:41:44,006   INFO  *************** EPOCH 26 EVALUATION *****************
2026-08-19 20:41:44,925   INFO  eval: epoch=26, batch_iter=0/79, batch_size=8, iter_cost=0.92s, time_cost: 00:00/01:12, 
2026-08-19 20:41:46,064   INFO  eval: epoch=26, batch_iter=10/79, batch_size=8, iter_cost=0.21s, time_cost: 00:02/00:14, 
2026-08-19 20:41:47,224   INFO  eval: epoch=26, batch_iter=20/79, batch_size=8, iter_cost=0.16s, time_cost: 00:03/00:09, 
2026-08-19 20:41:48,402   INFO  eval: epoch=26, batch_iter=30/79, batch_size=8, iter_cost=0.15s, time_cost: 00:04/00:07, 
2026-08-19 20:41:49,607   INFO  eval: epoch=26, batch_iter=40/79, batch_size=8, iter_cost=0.14s, time_cost: 00:05/00:05, 
2026-08-19 20:41:50,775   INFO  eval: epoch=26, batch_iter=50/79, batch_size=8, iter_cost=0.14s, time_cost: 00:06/00:03, 
2026-08-19 20:41:51,946   INFO  eval: epoch=26, batch_iter=60/79, batch_size=8, iter_cost=0.13s, time_cost: 00:07/00:02, 
2026-08-19 20:41:53,050   INFO  eval: epoch=26, batch_iter=70/79, batch_size=8, iter_cost=0.13s, time_cost: 00:09/00:01, 
2026-08-19 20:41:53,854   INFO  eval: epoch=26, batch_iter=78/79, batch_size=1, iter_cost=0.13s, time_cost: 00:09/00:00, 
eval:   0%|                                                                                                                                                                                               | 0/79 [00:09<?, ?it/s]
2026-08-19 20:41:53,945   INFO  Total number of samples before merging from multiple GPUs: 625
2026-08-19 20:41:54,477   INFO  Total number of samples after merging from multiple GPUs (removing duplicate): 5000
2026-08-19 20:41:54,481   INFO  *************** Performance of EPOCH 26 *****************
2026-08-19 20:41:54,481   INFO  Generate label finished(sec_per_example: 0.0021 second).
Total number for evaluation (intput): 5000
Total number for evaluation (after processed): 22520
Total number for evaluation (intput): 5000
Total number for evaluation (after processed): 22520
Total number for evaluation (intput): 5000
Total number for evaluation (after processed): 22520
2026-08-19 20:42:00,680   INFO  
========== Evaluation @ 3s ==========
minADE - VEHICLE: 0.5173 
minADE - PEDESTRIAN: 0.2292 
minADE - CYCLIST: 0.4330 
minFDE - VEHICLE: 0.9312 
minFDE - PEDESTRIAN: 0.4404 
minFDE - CYCLIST: 0.8135 
MissRate - VEHICLE: 0.2259 
MissRate - PEDESTRIAN: 0.1026 
MissRate - CYCLIST: 0.2602 
OverlapRate - VEHICLE: 0.0086 
OverlapRate - PEDESTRIAN: 0.0644 
OverlapRate - CYCLIST: 0.0232 
mAP - VEHICLE: 0.2632 
mAP - PEDESTRIAN: 0.4087 
mAP - CYCLIST: 0.3608 
minADE: 0.3932 
minFDE: 0.7284 
MissRate: 0.1963 
mAP: 0.3442 
       Waymo          mAP       minADE       minFDE     MissRate            
      VEHICLE      0.2632,      0.5173,      0.9312,      0.2259,            
   PEDESTRIAN      0.4087,      0.2292,      0.4404,      0.1026,            
      CYCLIST      0.3608,      0.4330,      0.8135,      0.2602,            
          Avg      0.3442,      0.3932,      0.7284,      0.1963,            
========== Evaluation @ 5s ==========
minADE - VEHICLE: 0.7643 
minADE - PEDESTRIAN: 0.3359 
minADE - CYCLIST: 0.6352 
minFDE - VEHICLE: 1.4390 
minFDE - PEDESTRIAN: 0.6690 
minFDE - CYCLIST: 1.2635 
MissRate - VEHICLE: 0.2512 
MissRate - PEDESTRIAN: 0.1125 
MissRate - CYCLIST: 0.2872 
OverlapRate - VEHICLE: 0.0185 
OverlapRate - PEDESTRIAN: 0.0712 
OverlapRate - CYCLIST: 0.0340 
mAP - VEHICLE: 0.2663 
mAP - PEDESTRIAN: 0.5245 
mAP - CYCLIST: 0.2421 
minADE: 0.5785 
minFDE: 1.1238 
MissRate: 0.2170 
mAP: 0.3443 
       Waymo          mAP       minADE       minFDE     MissRate            
      VEHICLE      0.2663,      0.7643,      1.4390,      0.2512,            
   PEDESTRIAN      0.5245,      0.3359,      0.6690,      0.1125,            
      CYCLIST      0.2421,      0.6352,      1.2635,      0.2872,            
          Avg      0.3443,      0.5785,      1.1238,      0.2170,            
========== Evaluation @ 8s ==========
minADE - VEHICLE: 1.1210 
minADE - PEDESTRIAN: 0.4769 
minADE - CYCLIST: 0.9162 
minFDE - VEHICLE: 2.2705 
minFDE - PEDESTRIAN: 0.9988 
minFDE - CYCLIST: 1.9224 
MissRate - VEHICLE: 0.2789 
MissRate - PEDESTRIAN: 0.1264 
MissRate - CYCLIST: 0.2984 
OverlapRate - VEHICLE: 0.0354 
OverlapRate - PEDESTRIAN: 0.0784 
OverlapRate - CYCLIST: 0.0511 
mAP - VEHICLE: 0.2790 
mAP - PEDESTRIAN: 0.3262 
mAP - CYCLIST: 0.2704 
minADE: 0.8380 
minFDE: 1.7306 
MissRate: 0.2346 
mAP: 0.2918 
       Waymo          mAP       minADE       minFDE     MissRate            
      VEHICLE      0.2790,      1.1210,      2.2705,      0.2789,            
   PEDESTRIAN      0.3262,      0.4769,      0.9988,      0.1264,            
      CYCLIST      0.2704,      0.9162,      1.9224,      0.2984,            
          Avg      0.2918,      0.8380,      1.7306,      0.2346,            
2026-08-19 20:42:00,681   INFO  Result is save to /root/wanqinghua/MTR/output/waymo/mtr_voyah_data/mtr_with_qcnet_v1/eval/eval_with_train
2026-08-19 20:42:00,681   INFO  ****************Evaluation done.*****************
2026-08-19 20:42:01,793   INFO  Save best model to /root/wanqinghua/MTR/output/waymo/mtr_voyah_data/mtr_with_qcnet_v1/ckpt/best_model
2026-08-19 20:42:03,524   INFO  Save EMA best model to /root/wanqinghua/MTR/output/waymo/mtr_voyah_data/mtr_with_qcnet_v1/ckpt/best_model_ema
epochs:  52%|███████████████████████████████████████████████████████████████████████████████████████████                                                                                    | 26/50 [1:56:47<1:48:30, 271.26s/it]
2026-08-19 20:42:04,914   INFO  epoch: 26/50, acc_iter=14015, cur_iter=0/539, batch_size=8, iter_cost=0.87s, time_cost(epoch): 00:00/07:47, time_cost(all): 1:56:48/3:07:11, ade_TYPE_VEHICLE_layer_5=0.355, ade_TYPE_PEDESTRIAN_layer_5=0.099, ade_TYPE_CYCLIST_layer_5=0.679, loss=-32.590, lr=1.25e-05
2026-08-19 20:42:21,534   INFO  epoch: 26/50, acc_iter=14050, cur_iter=35/539, batch_size=8, iter_cost=0.49s, time_cost(epoch): 00:17/04:04, time_cost(all): 1:57:05/1:44:27, ade_TYPE_VEHICLE_layer_5=0.490, ade_TYPE_PEDESTRIAN_layer_5=0.175, ade_TYPE_CYCLIST_layer_5=0.589, loss=108.677, lr=1.25e-05
2026-08-19 20:42:45,891   INFO  epoch: 26/50, acc_iter=14100, cur_iter=85/539, batch_size=8, iter_cost=0.49s, time_cost(epoch): 00:41/03:40, time_cost(all): 1:57:29/1:44:12, ade_TYPE_VEHICLE_layer_5=0.431, ade_TYPE_PEDESTRIAN_layer_5=0.292, ade_TYPE_CYCLIST_layer_5=-0.000, loss=23.354, lr=1.25e-05
2026-08-19 20:43:09,591   INFO  epoch: 26/50, acc_iter=14150, cur_iter=135/539, batch_size=8, iter_cost=0.48s, time_cost(epoch): 01:05/03:14, time_cost(all): 1:57:53/1:42:49, ade_TYPE_VEHICLE_layer_5=0.526, ade_TYPE_PEDESTRIAN_layer_5=0.155, ade_TYPE_CYCLIST_layer_5=0.758, loss=125.714, lr=1.25e-05
2026-08-19 20:43:33,236   INFO  epoch: 26/50, acc_iter=14200, cur_iter=185/539, batch_size=8, iter_cost=0.48s, time_cost(epoch): 01:29/02:49, time_cost(all): 1:58:17/1:41:54, ade_TYPE_VEHICLE_layer_5=0.479, ade_TYPE_PEDESTRIAN_layer_5=0.239, ade_TYPE_CYCLIST_layer_5=-0.000, loss=9.218, lr=1.25e-05
2026-08-19 20:43:56,725   INFO  epoch: 26/50, acc_iter=14250, cur_iter=235/539, batch_size=8, iter_cost=0.48s, time_cost(epoch): 01:52/02:25, time_cost(all): 1:58:40/1:41:04, ade_TYPE_VEHICLE_layer_5=0.559, ade_TYPE_PEDESTRIAN_layer_5=0.172, ade_TYPE_CYCLIST_layer_5=-0.000, loss=74.655, lr=1.25e-05
2026-08-19 20:44:20,844   INFO  epoch: 26/50, acc_iter=14300, cur_iter=285/539, batch_size=8, iter_cost=0.48s, time_cost(epoch): 02:16/02:01, time_cost(all): 1:59:04/1:40:51, ade_TYPE_VEHICLE_layer_5=0.437, ade_TYPE_PEDESTRIAN_layer_5=0.153, ade_TYPE_CYCLIST_layer_5=-0.000, loss=1.125, lr=1.25e-05
2026-08-19 20:44:44,837   INFO  epoch: 26/50, acc_iter=14350, cur_iter=335/539, batch_size=8, iter_cost=0.48s, time_cost(epoch): 02:40/01:37, time_cost(all): 1:59:28/1:40:30, ade_TYPE_VEHICLE_layer_5=0.481, ade_TYPE_PEDESTRIAN_layer_5=0.084, ade_TYPE_CYCLIST_layer_5=-0.000, loss=2.354, lr=1.25e-05
2026-08-19 20:45:08,148   INFO  epoch: 26/50, acc_iter=14400, cur_iter=385/539, batch_size=8, iter_cost=0.48s, time_cost(epoch): 03:04/01:13, time_cost(all): 1:59:51/1:39:46, ade_TYPE_VEHICLE_layer_5=0.522, ade_TYPE_PEDESTRIAN_layer_5=0.482, ade_TYPE_CYCLIST_layer_5=-0.000, loss=146.507, lr=1.25e-05
2026-08-19 20:45:32,302   INFO  epoch: 26/50, acc_iter=14450, cur_iter=435/539, batch_size=8, iter_cost=0.48s, time_cost(epoch): 03:28/00:49, time_cost(all): 2:00:16/1:39:31, ade_TYPE_VEHICLE_layer_5=0.475, ade_TYPE_PEDESTRIAN_layer_5=0.133, ade_TYPE_CYCLIST_layer_5=-0.000, loss=88.534, lr=1.25e-05
2026-08-19 20:45:55,717   INFO  epoch: 26/50, acc_iter=14500, cur_iter=485/539, batch_size=8, iter_cost=0.48s, time_cost(epoch): 03:51/00:25, time_cost(all): 2:00:39/1:38:55, ade_TYPE_VEHICLE_layer_5=0.555, ade_TYPE_PEDESTRIAN_layer_5=0.133, ade_TYPE_CYCLIST_layer_5=0.129, loss=42.586, lr=1.25e-05
2026-08-19 20:46:19,430   INFO  epoch: 26/50, acc_iter=14550, cur_iter=535/539, batch_size=8, iter_cost=0.48s, time_cost(epoch): 04:15/00:01, time_cost(all): 2:01:03/1:38:28, ade_TYPE_VEHICLE_layer_5=0.345, ade_TYPE_PEDESTRIAN_layer_5=0.135, ade_TYPE_CYCLIST_layer_5=-0.000, loss=-72.562, lr=1.25e-05
2026-08-19 20:46:20,655   INFO  epoch: 26/50, acc_iter=14553, cur_iter=538/539, batch_size=4, iter_cost=0.48s, time_cost(epoch): 04:16/00:00, time_cost(all): 2:01:04/1:38:22, ade_TYPE_VEHICLE_layer_5=0.408, ade_TYPE_PEDESTRIAN_layer_5=0.101, ade_TYPE_CYCLIST_layer_5=-0.000, loss=-27.178, lr=1.25e-05
epochs:  54%|██████████████████████████████████████████████████████████████████████████████████████████████▌                                                                                | 27/50 [2:01:04<1:42:22, 267.07s/it]
2026-08-19 20:46:22,386   INFO  epoch: 27/50, acc_iter=14554, cur_iter=0/539, batch_size=8, iter_cost=0.89s, time_cost(epoch): 00:00/08:02, time_cost(all): 2:01:06/3:04:48, ade_TYPE_VEHICLE_layer_5=0.456, ade_TYPE_PEDESTRIAN_layer_5=0.163, ade_TYPE_CYCLIST_layer_5=0.660, loss=32.787, lr=1.25e-05
2026-08-19 20:46:44,581   INFO  epoch: 27/50, acc_iter=14600, cur_iter=46/539, batch_size=8, iter_cost=0.49s, time_cost(epoch): 00:23/04:02, time_cost(all): 2:01:28/1:41:07, ade_TYPE_VEHICLE_layer_5=0.461, ade_TYPE_PEDESTRIAN_layer_5=-0.000, ade_TYPE_CYCLIST_layer_5=-0.000, loss=54.682, lr=1.25e-05
2026-08-19 20:47:08,819   INFO  epoch: 27/50, acc_iter=14650, cur_iter=96/539, batch_size=8, iter_cost=0.49s, time_cost(epoch): 00:47/03:36, time_cost(all): 2:01:52/1:40:01, ade_TYPE_VEHICLE_layer_5=0.529, ade_TYPE_PEDESTRIAN_layer_5=0.203, ade_TYPE_CYCLIST_layer_5=0.758, loss=64.996, lr=1.25e-05
2026-08-19 20:47:32,753   INFO  epoch: 27/50, acc_iter=14700, cur_iter=146/539, batch_size=8, iter_cost=0.48s, time_cost(epoch): 01:11/03:10, time_cost(all): 2:02:16/1:38:58, ade_TYPE_VEHICLE_layer_5=0.402, ade_TYPE_PEDESTRIAN_layer_5=0.046, ade_TYPE_CYCLIST_layer_5=-0.000, loss=42.262, lr=1.25e-05
2026-08-19 20:47:56,513   INFO  epoch: 27/50, acc_iter=14750, cur_iter=196/539, batch_size=8, iter_cost=0.48s, time_cost(epoch): 01:35/02:45, time_cost(all): 2:02:40/1:38:05, ade_TYPE_VEHICLE_layer_5=0.592, ade_TYPE_PEDESTRIAN_layer_5=0.114, ade_TYPE_CYCLIST_layer_5=0.318, loss=38.629, lr=1.25e-05
2026-08-19 20:48:20,813   INFO  epoch: 27/50, acc_iter=14800, cur_iter=246/539, batch_size=8, iter_cost=0.48s, time_cost(epoch): 01:59/02:21, time_cost(all): 2:03:04/1:37:49, ade_TYPE_VEHICLE_layer_5=0.450, ade_TYPE_PEDESTRIAN_layer_5=0.161, ade_TYPE_CYCLIST_layer_5=0.456, loss=-54.674, lr=1.25e-05
2026-08-19 20:48:44,643   INFO  epoch: 27/50, acc_iter=14850, cur_iter=296/539, batch_size=8, iter_cost=0.48s, time_cost(epoch): 02:23/01:57, time_cost(all): 2:03:28/1:37:12, ade_TYPE_VEHICLE_layer_5=0.606, ade_TYPE_PEDESTRIAN_layer_5=0.175, ade_TYPE_CYCLIST_layer_5=0.420, loss=88.729, lr=1.25e-05
2026-08-19 20:49:08,712   INFO  epoch: 27/50, acc_iter=14900, cur_iter=346/539, batch_size=8, iter_cost=0.48s, time_cost(epoch): 02:47/01:33, time_cost(all): 2:03:52/1:36:47, ade_TYPE_VEHICLE_layer_5=0.504, ade_TYPE_PEDESTRIAN_layer_5=0.396, ade_TYPE_CYCLIST_layer_5=-0.000, loss=67.856, lr=1.25e-05
2026-08-19 20:49:32,966   INFO  epoch: 27/50, acc_iter=14950, cur_iter=396/539, batch_size=8, iter_cost=0.48s, time_cost(epoch): 03:11/01:08, time_cost(all): 2:04:16/1:36:28, ade_TYPE_VEHICLE_layer_5=0.399, ade_TYPE_PEDESTRIAN_layer_5=0.137, ade_TYPE_CYCLIST_layer_5=0.192, loss=37.706, lr=1.25e-05
2026-08-19 20:49:56,909   INFO  epoch: 27/50, acc_iter=15000, cur_iter=446/539, batch_size=8, iter_cost=0.48s, time_cost(epoch): 03:35/00:44, time_cost(all): 2:04:40/1:35:59, ade_TYPE_VEHICLE_layer_5=0.406, ade_TYPE_PEDESTRIAN_layer_5=0.154, ade_TYPE_CYCLIST_layer_5=-0.000, loss=17.998, lr=1.25e-05
2026-08-19 20:50:20,505   INFO  epoch: 27/50, acc_iter=15050, cur_iter=496/539, batch_size=8, iter_cost=0.48s, time_cost(epoch): 03:59/00:20, time_cost(all): 2:05:04/1:35:23, ade_TYPE_VEHICLE_layer_5=0.402, ade_TYPE_PEDESTRIAN_layer_5=0.151, ade_TYPE_CYCLIST_layer_5=0.586, loss=-1.353, lr=1.25e-05
2026-08-19 20:50:39,884   INFO  epoch: 27/50, acc_iter=15092, cur_iter=538/539, batch_size=4, iter_cost=0.48s, time_cost(epoch): 04:18/00:00, time_cost(all): 2:05:23/1:34:45, ade_TYPE_VEHICLE_layer_5=0.498, ade_TYPE_PEDESTRIAN_layer_5=-0.000, ade_TYPE_CYCLIST_layer_5=0.375, loss=61.980, lr=6.25e-06
2026-08-19 20:50:41,442   INFO  ==> Eval with EMA weights (epoch 28)
2026-08-19 20:50:41,553   INFO  *************** EPOCH 28 EVALUATION *****************
2026-08-19 20:50:42,461   INFO  eval: epoch=28, batch_iter=0/79, batch_size=8, iter_cost=0.91s, time_cost: 00:00/01:11, 
2026-08-19 20:50:43,594   INFO  eval: epoch=28, batch_iter=10/79, batch_size=8, iter_cost=0.20s, time_cost: 00:02/00:14, 
2026-08-19 20:50:44,761   INFO  eval: epoch=28, batch_iter=20/79, batch_size=8, iter_cost=0.16s, time_cost: 00:03/00:09, 
2026-08-19 20:50:45,944   INFO  eval: epoch=28, batch_iter=30/79, batch_size=8, iter_cost=0.15s, time_cost: 00:04/00:07, 
2026-08-19 20:50:47,143   INFO  eval: epoch=28, batch_iter=40/79, batch_size=8, iter_cost=0.14s, time_cost: 00:05/00:05, 
2026-08-19 20:50:48,310   INFO  eval: epoch=28, batch_iter=50/79, batch_size=8, iter_cost=0.14s, time_cost: 00:06/00:03, 
2026-08-19 20:50:49,483   INFO  eval: epoch=28, batch_iter=60/79, batch_size=8, iter_cost=0.13s, time_cost: 00:07/00:02, 
2026-08-19 20:50:50,595   INFO  eval: epoch=28, batch_iter=70/79, batch_size=8, iter_cost=0.13s, time_cost: 00:09/00:01, 
2026-08-19 20:50:51,403   INFO  eval: epoch=28, batch_iter=78/79, batch_size=1, iter_cost=0.13s, time_cost: 00:09/00:00, 
eval:   0%|                                                                                                                                                                                               | 0/79 [00:09<?, ?it/s]
2026-08-19 20:50:51,500   INFO  Total number of samples before merging from multiple GPUs: 625
2026-08-19 20:50:52,391   INFO  Total number of samples after merging from multiple GPUs (removing duplicate): 5000
2026-08-19 20:50:52,395   INFO  *************** Performance of EPOCH 28 *****************
2026-08-19 20:50:52,396   INFO  Generate label finished(sec_per_example: 0.0022 second).
Total number for evaluation (intput): 5000
Total number for evaluation (after processed): 22520
Total number for evaluation (intput): 5000
Total number for evaluation (after processed): 22520
Total number for evaluation (intput): 5000
Total number for evaluation (after processed): 22520
2026-08-19 20:50:58,651   INFO  
========== Evaluation @ 3s ==========
minADE - VEHICLE: 0.4603 
minADE - PEDESTRIAN: 0.2291 
minADE - CYCLIST: 0.4255 
minFDE - VEHICLE: 0.8545 
minFDE - PEDESTRIAN: 0.4420 
minFDE - CYCLIST: 0.8110 
MissRate - VEHICLE: 0.2059 
MissRate - PEDESTRIAN: 0.0948 
MissRate - CYCLIST: 0.2763 
OverlapRate - VEHICLE: 0.0075 
OverlapRate - PEDESTRIAN: 0.0636 
OverlapRate - CYCLIST: 0.0217 
mAP - VEHICLE: 0.2771 
mAP - PEDESTRIAN: 0.4506 
mAP - CYCLIST: 0.3438 
minADE: 0.3716 
minFDE: 0.7025 
MissRate: 0.1923 
mAP: 0.3572 
       Waymo          mAP       minADE       minFDE     MissRate            
      VEHICLE      0.2771,      0.4603,      0.8545,      0.2059,            
   PEDESTRIAN      0.4506,      0.2291,      0.4420,      0.0948,            
      CYCLIST      0.3438,      0.4255,      0.8110,      0.2763,            
          Avg      0.3572,      0.3716,      0.7025,      0.1923,            
========== Evaluation @ 5s ==========
minADE - VEHICLE: 0.6933 
minADE - PEDESTRIAN: 0.3344 
minADE - CYCLIST: 0.6264 
minFDE - VEHICLE: 1.3374 
minFDE - PEDESTRIAN: 0.6625 
minFDE - CYCLIST: 1.2572 
MissRate - VEHICLE: 0.2315 
MissRate - PEDESTRIAN: 0.1075 
MissRate - CYCLIST: 0.2819 
OverlapRate - VEHICLE: 0.0172 
OverlapRate - PEDESTRIAN: 0.0717 
OverlapRate - CYCLIST: 0.0347 
mAP - VEHICLE: 0.2852 
mAP - PEDESTRIAN: 0.5331 
mAP - CYCLIST: 0.2273 
minADE: 0.5513 
minFDE: 1.0857 
MissRate: 0.2070 
mAP: 0.3485 
       Waymo          mAP       minADE       minFDE     MissRate            
      VEHICLE      0.2852,      0.6933,      1.3374,      0.2315,            
   PEDESTRIAN      0.5331,      0.3344,      0.6625,      0.1075,            
      CYCLIST      0.2273,      0.6264,      1.2572,      0.2819,            
          Avg      0.3485,      0.5513,      1.0857,      0.2070,            
========== Evaluation @ 8s ==========
minADE - VEHICLE: 1.0308 
minADE - PEDESTRIAN: 0.4708 
minADE - CYCLIST: 0.8994 
minFDE - VEHICLE: 2.1344 
minFDE - PEDESTRIAN: 0.9741 
minFDE - CYCLIST: 1.8832 
MissRate - VEHICLE: 0.2600 
MissRate - PEDESTRIAN: 0.1191 
MissRate - CYCLIST: 0.2862 
OverlapRate - VEHICLE: 0.0334 
OverlapRate - PEDESTRIAN: 0.0786 
OverlapRate - CYCLIST: 0.0492 
mAP - VEHICLE: 0.2964 
mAP - PEDESTRIAN: 0.3335 
mAP - CYCLIST: 0.2497 
minADE: 0.8003 
minFDE: 1.6639 
MissRate: 0.2218 
mAP: 0.2932 
       Waymo          mAP       minADE       minFDE     MissRate            
      VEHICLE      0.2964,      1.0308,      2.1344,      0.2600,            
   PEDESTRIAN      0.3335,      0.4708,      0.9741,      0.1191,            
      CYCLIST      0.2497,      0.8994,      1.8832,      0.2862,            
          Avg      0.2932,      0.8003,      1.6639,      0.2218,            
2026-08-19 20:50:58,652   INFO  Result is save to /root/wanqinghua/MTR/output/waymo/mtr_voyah_data/mtr_with_qcnet_v1/eval/eval_with_train
2026-08-19 20:50:58,653   INFO  ****************Evaluation done.*****************
2026-08-19 20:50:59,776   INFO  Save best model to /root/wanqinghua/MTR/output/waymo/mtr_voyah_data/mtr_with_qcnet_v1/ckpt/best_model
2026-08-19 20:51:01,511   INFO  Save EMA best model to /root/wanqinghua/MTR/output/waymo/mtr_voyah_data/mtr_with_qcnet_v1/ckpt/best_model_ema
epochs:  56%|██████████████████████████████████████████████████████████████████████████████████████████████████                                                                             | 28/50 [2:05:45<1:39:25, 271.15s/it]
2026-08-19 20:51:02,988   INFO  epoch: 28/50, acc_iter=15093, cur_iter=0/539, batch_size=8, iter_cost=0.98s, time_cost(epoch): 00:00/08:45, time_cost(all): 2:05:46/3:12:45, ade_TYPE_VEHICLE_layer_5=0.442, ade_TYPE_PEDESTRIAN_layer_5=0.124, ade_TYPE_CYCLIST_layer_5=0.172, loss=78.437, lr=6.25e-06
2026-08-19 20:51:06,414   INFO  epoch: 28/50, acc_iter=15100, cur_iter=7/539, batch_size=8, iter_cost=0.55s, time_cost(epoch): 00:04/04:52, time_cost(all): 2:05:50/1:48:40, ade_TYPE_VEHICLE_layer_5=0.501, ade_TYPE_PEDESTRIAN_layer_5=0.134, ade_TYPE_CYCLIST_layer_5=0.503, loss=107.626, lr=6.25e-06
2026-08-19 20:51:30,303   INFO  epoch: 28/50, acc_iter=15150, cur_iter=57/539, batch_size=8, iter_cost=0.49s, time_cost(epoch): 00:28/03:55, time_cost(all): 2:06:14/1:35:56, ade_TYPE_VEHICLE_layer_5=0.453, ade_TYPE_PEDESTRIAN_layer_5=0.121, ade_TYPE_CYCLIST_layer_5=0.668, loss=13.975, lr=6.25e-06
2026-08-19 20:51:53,911   INFO  epoch: 28/50, acc_iter=15200, cur_iter=107/539, batch_size=8, iter_cost=0.48s, time_cost(epoch): 00:51/03:27, time_cost(all): 2:06:37/1:34:06, ade_TYPE_VEHICLE_layer_5=0.351, ade_TYPE_PEDESTRIAN_layer_5=0.154, ade_TYPE_CYCLIST_layer_5=0.901, loss=-30.801, lr=6.25e-06
2026-08-19 20:52:18,126   INFO  epoch: 28/50, acc_iter=15250, cur_iter=157/539, batch_size=8, iter_cost=0.48s, time_cost(epoch): 01:16/03:04, time_cost(all): 2:07:01/1:33:56, ade_TYPE_VEHICLE_layer_5=0.475, ade_TYPE_PEDESTRIAN_layer_5=0.142, ade_TYPE_CYCLIST_layer_5=0.711, loss=10.537, lr=6.25e-06
2026-08-19 20:52:41,346   INFO  epoch: 28/50, acc_iter=15300, cur_iter=207/539, batch_size=8, iter_cost=0.48s, time_cost(epoch): 01:39/02:38, time_cost(all): 2:07:25/1:32:44, ade_TYPE_VEHICLE_layer_5=0.450, ade_TYPE_PEDESTRIAN_layer_5=0.179, ade_TYPE_CYCLIST_layer_5=-0.000, loss=51.507, lr=6.25e-06
2026-08-19 20:53:04,625   INFO  epoch: 28/50, acc_iter=15350, cur_iter=257/539, batch_size=8, iter_cost=0.48s, time_cost(epoch): 02:02/02:14, time_cost(all): 2:07:48/1:31:53, ade_TYPE_VEHICLE_layer_5=0.463, ade_TYPE_PEDESTRIAN_layer_5=0.140, ade_TYPE_CYCLIST_layer_5=-0.000, loss=8.022, lr=6.25e-06
2026-08-19 20:53:28,188   INFO  epoch: 28/50, acc_iter=15400, cur_iter=307/539, batch_size=8, iter_cost=0.47s, time_cost(epoch): 02:26/01:50, time_cost(all): 2:08:11/1:31:22, ade_TYPE_VEHICLE_layer_5=0.542, ade_TYPE_PEDESTRIAN_layer_5=0.103, ade_TYPE_CYCLIST_layer_5=-0.000, loss=-9.922, lr=6.25e-06
2026-08-19 20:53:52,462   INFO  epoch: 28/50, acc_iter=15450, cur_iter=357/539, batch_size=8, iter_cost=0.48s, time_cost(epoch): 02:50/01:26, time_cost(all): 2:08:36/1:31:15, ade_TYPE_VEHICLE_layer_5=0.422, ade_TYPE_PEDESTRIAN_layer_5=-0.000, ade_TYPE_CYCLIST_layer_5=0.361, loss=23.547, lr=6.25e-06
2026-08-19 20:54:16,663   INFO  epoch: 28/50, acc_iter=15500, cur_iter=407/539, batch_size=8, iter_cost=0.48s, time_cost(epoch): 03:14/01:02, time_cost(all): 2:09:00/1:31:03, ade_TYPE_VEHICLE_layer_5=0.519, ade_TYPE_PEDESTRIAN_layer_5=0.078, ade_TYPE_CYCLIST_layer_5=-0.000, loss=39.900, lr=6.25e-06
2026-08-19 20:54:40,786   INFO  epoch: 28/50, acc_iter=15550, cur_iter=457/539, batch_size=8, iter_cost=0.48s, time_cost(epoch): 03:38/00:39, time_cost(all): 2:09:24/1:30:45, ade_TYPE_VEHICLE_layer_5=0.410, ade_TYPE_PEDESTRIAN_layer_5=0.186, ade_TYPE_CYCLIST_layer_5=0.251, loss=17.624, lr=6.25e-06
2026-08-19 20:55:04,803   INFO  epoch: 28/50, acc_iter=15600, cur_iter=507/539, batch_size=8, iter_cost=0.48s, time_cost(epoch): 04:02/00:15, time_cost(all): 2:09:48/1:30:25, ade_TYPE_VEHICLE_layer_5=0.327, ade_TYPE_PEDESTRIAN_layer_5=0.182, ade_TYPE_CYCLIST_layer_5=1.005, loss=41.254, lr=6.25e-06
2026-08-19 20:55:19,058   INFO  epoch: 28/50, acc_iter=15631, cur_iter=538/539, batch_size=4, iter_cost=0.48s, time_cost(epoch): 04:17/00:00, time_cost(all): 2:10:02/1:29:58, ade_TYPE_VEHICLE_layer_5=0.348, ade_TYPE_PEDESTRIAN_layer_5=0.696, ade_TYPE_CYCLIST_layer_5=0.230, loss=-70.750, lr=6.25e-06
epochs:  58%|█████████████████████████████████████████████████████████████████████████████████████████████████████▌                                                                         | 29/50 [2:10:03<1:33:29, 267.13s/it]
2026-08-19 20:55:20,838   INFO  epoch: 29/50, acc_iter=15632, cur_iter=0/539, batch_size=8, iter_cost=0.96s, time_cost(epoch): 00:00/08:39, time_cost(all): 2:10:04/3:01:47, ade_TYPE_VEHICLE_layer_5=0.509, ade_TYPE_PEDESTRIAN_layer_5=0.125, ade_TYPE_CYCLIST_layer_5=-0.000, loss=61.956, lr=6.25e-06
2026-08-19 20:55:29,370   INFO  epoch: 29/50, acc_iter=15650, cur_iter=18/539, batch_size=8, iter_cost=0.50s, time_cost(epoch): 00:09/04:20, time_cost(all): 2:10:13/1:34:07, ade_TYPE_VEHICLE_layer_5=0.514, ade_TYPE_PEDESTRIAN_layer_5=0.299, ade_TYPE_CYCLIST_layer_5=-0.000, loss=28.889, lr=6.25e-06
2026-08-19 20:55:53,431   INFO  epoch: 29/50, acc_iter=15700, cur_iter=68/539, batch_size=8, iter_cost=0.49s, time_cost(epoch): 00:33/03:49, time_cost(all): 2:10:37/1:31:11, ade_TYPE_VEHICLE_layer_5=0.480, ade_TYPE_PEDESTRIAN_layer_5=0.405, ade_TYPE_CYCLIST_layer_5=-0.000, loss=57.485, lr=6.25e-06
2026-08-19 20:56:17,754   INFO  epoch: 29/50, acc_iter=15750, cur_iter=118/539, batch_size=8, iter_cost=0.49s, time_cost(epoch): 00:57/03:24, time_cost(all): 2:11:01/1:30:47, ade_TYPE_VEHICLE_layer_5=0.464, ade_TYPE_PEDESTRIAN_layer_5=0.151, ade_TYPE_CYCLIST_layer_5=-0.000, loss=110.527, lr=6.25e-06
2026-08-19 20:56:42,329   INFO  epoch: 29/50, acc_iter=15800, cur_iter=168/539, batch_size=8, iter_cost=0.49s, time_cost(epoch): 01:22/03:01, time_cost(all): 2:11:26/1:30:40, ade_TYPE_VEHICLE_layer_5=0.371, ade_TYPE_PEDESTRIAN_layer_5=0.152, ade_TYPE_CYCLIST_layer_5=-0.000, loss=62.035, lr=6.25e-06
2026-08-19 20:57:06,257   INFO  epoch: 29/50, acc_iter=15850, cur_iter=218/539, batch_size=8, iter_cost=0.49s, time_cost(epoch): 01:46/02:35, time_cost(all): 2:11:50/1:29:52, ade_TYPE_VEHICLE_layer_5=0.456, ade_TYPE_PEDESTRIAN_layer_5=0.117, ade_TYPE_CYCLIST_layer_5=0.196, loss=16.199, lr=6.25e-06
2026-08-19 20:57:29,838   INFO  epoch: 29/50, acc_iter=15900, cur_iter=268/539, batch_size=8, iter_cost=0.48s, time_cost(epoch): 02:09/02:10, time_cost(all): 2:12:13/1:28:59, ade_TYPE_VEHICLE_layer_5=0.386, ade_TYPE_PEDESTRIAN_layer_5=0.139, ade_TYPE_CYCLIST_layer_5=-0.000, loss=-16.758, lr=6.25e-06
2026-08-19 20:57:54,051   INFO  epoch: 29/50, acc_iter=15950, cur_iter=318/539, batch_size=8, iter_cost=0.48s, time_cost(epoch): 02:34/01:46, time_cost(all): 2:12:37/1:28:36, ade_TYPE_VEHICLE_layer_5=0.327, ade_TYPE_PEDESTRIAN_layer_5=0.146, ade_TYPE_CYCLIST_layer_5=0.272, loss=-71.282, lr=6.25e-06
2026-08-19 20:58:18,375   INFO  epoch: 29/50, acc_iter=16000, cur_iter=368/539, batch_size=8, iter_cost=0.48s, time_cost(epoch): 02:58/01:22, time_cost(all): 2:13:02/1:28:17, ade_TYPE_VEHICLE_layer_5=0.400, ade_TYPE_PEDESTRIAN_layer_5=0.145, ade_TYPE_CYCLIST_layer_5=-0.000, loss=28.690, lr=6.25e-06
2026-08-19 20:58:42,009   INFO  epoch: 29/50, acc_iter=16050, cur_iter=418/539, batch_size=8, iter_cost=0.48s, time_cost(epoch): 03:22/00:58, time_cost(all): 2:13:25/1:27:38, ade_TYPE_VEHICLE_layer_5=0.484, ade_TYPE_PEDESTRIAN_layer_5=0.221, ade_TYPE_CYCLIST_layer_5=-0.000, loss=83.057, lr=6.25e-06
2026-08-19 20:59:05,414   INFO  epoch: 29/50, acc_iter=16100, cur_iter=468/539, batch_size=8, iter_cost=0.48s, time_cost(epoch): 03:45/00:34, time_cost(all): 2:13:49/1:26:58, ade_TYPE_VEHICLE_layer_5=0.431, ade_TYPE_PEDESTRIAN_layer_5=0.137, ade_TYPE_CYCLIST_layer_5=-0.000, loss=23.864, lr=6.25e-06
2026-08-19 20:59:28,738   INFO  epoch: 29/50, acc_iter=16150, cur_iter=518/539, batch_size=8, iter_cost=0.48s, time_cost(epoch): 04:08/00:10, time_cost(all): 2:14:12/1:26:19, ade_TYPE_VEHICLE_layer_5=0.599, ade_TYPE_PEDESTRIAN_layer_5=0.247, ade_TYPE_CYCLIST_layer_5=0.884, loss=22.503, lr=6.25e-06
2026-08-19 20:59:37,502   INFO  epoch: 29/50, acc_iter=16170, cur_iter=538/539, batch_size=4, iter_cost=0.48s, time_cost(epoch): 04:17/00:00, time_cost(all): 2:14:21/1:25:53, ade_TYPE_VEHICLE_layer_5=0.638, ade_TYPE_PEDESTRIAN_layer_5=0.214, ade_TYPE_CYCLIST_layer_5=-0.000, loss=31.957, lr=6.25e-06
2026-08-19 20:59:39,059   INFO  ==> Eval with EMA weights (epoch 30)
2026-08-19 20:59:39,171   INFO  *************** EPOCH 30 EVALUATION *****************
2026-08-19 20:59:40,090   INFO  eval: epoch=30, batch_iter=0/79, batch_size=8, iter_cost=0.92s, time_cost: 00:00/01:12, 
2026-08-19 20:59:41,234   INFO  eval: epoch=30, batch_iter=10/79, batch_size=8, iter_cost=0.21s, time_cost: 00:02/00:14, 
2026-08-19 20:59:42,408   INFO  eval: epoch=30, batch_iter=20/79, batch_size=8, iter_cost=0.16s, time_cost: 00:03/00:09, 
2026-08-19 20:59:43,601   INFO  eval: epoch=30, batch_iter=30/79, batch_size=8, iter_cost=0.15s, time_cost: 00:04/00:07, 
2026-08-19 20:59:44,820   INFO  eval: epoch=30, batch_iter=40/79, batch_size=8, iter_cost=0.14s, time_cost: 00:05/00:05, 
2026-08-19 20:59:46,000   INFO  eval: epoch=30, batch_iter=50/79, batch_size=8, iter_cost=0.14s, time_cost: 00:06/00:03, 
2026-08-19 20:59:47,178   INFO  eval: epoch=30, batch_iter=60/79, batch_size=8, iter_cost=0.13s, time_cost: 00:08/00:02, 
2026-08-19 20:59:48,291   INFO  eval: epoch=30, batch_iter=70/79, batch_size=8, iter_cost=0.13s, time_cost: 00:09/00:01, 
2026-08-19 20:59:49,103   INFO  eval: epoch=30, batch_iter=78/79, batch_size=1, iter_cost=0.13s, time_cost: 00:09/00:00, 
eval:   0%|                                                                                                                                                                                               | 0/79 [00:10<?, ?it/s]
2026-08-19 20:59:49,199   INFO  Total number of samples before merging from multiple GPUs: 625
2026-08-19 20:59:49,913   INFO  Total number of samples after merging from multiple GPUs (removing duplicate): 5000
2026-08-19 20:59:49,917   INFO  *************** Performance of EPOCH 30 *****************
2026-08-19 20:59:49,918   INFO  Generate label finished(sec_per_example: 0.0021 second).
Total number for evaluation (intput): 5000
Total number for evaluation (after processed): 22520
Total number for evaluation (intput): 5000
Total number for evaluation (after processed): 22520
Total number for evaluation (intput): 5000
Total number for evaluation (after processed): 22520
2026-08-19 20:59:56,143   INFO  
========== Evaluation @ 3s ==========
minADE - VEHICLE: 0.4359 
minADE - PEDESTRIAN: 0.2180 
minADE - CYCLIST: 0.4208 
minFDE - VEHICLE: 0.8202 
minFDE - PEDESTRIAN: 0.4178 
minFDE - CYCLIST: 0.7902 
MissRate - VEHICLE: 0.2011 
MissRate - PEDESTRIAN: 0.1005 
MissRate - CYCLIST: 0.2573 
OverlapRate - VEHICLE: 0.0073 
OverlapRate - PEDESTRIAN: 0.0636 
OverlapRate - CYCLIST: 0.0289 
mAP - VEHICLE: 0.2755 
mAP - PEDESTRIAN: 0.5057 
mAP - CYCLIST: 0.3511 
minADE: 0.3582 
minFDE: 0.6761 
MissRate: 0.1863 
mAP: 0.3774 
       Waymo          mAP       minADE       minFDE     MissRate            
      VEHICLE      0.2755,      0.4359,      0.8202,      0.2011,            
   PEDESTRIAN      0.5057,      0.2180,      0.4178,      0.1005,            
      CYCLIST      0.3511,      0.4208,      0.7902,      0.2573,            
          Avg      0.3774,      0.3582,      0.6761,      0.1863,            
========== Evaluation @ 5s ==========
minADE - VEHICLE: 0.6652 
minADE - PEDESTRIAN: 0.3203 
minADE - CYCLIST: 0.6166 
minFDE - VEHICLE: 1.3011 
minFDE - PEDESTRIAN: 0.6391 
minFDE - CYCLIST: 1.2277 
MissRate - VEHICLE: 0.2303 
MissRate - PEDESTRIAN: 0.1094 
MissRate - CYCLIST: 0.2731 
OverlapRate - VEHICLE: 0.0164 
OverlapRate - PEDESTRIAN: 0.0721 
OverlapRate - CYCLIST: 0.0369 
mAP - VEHICLE: 0.2942 
mAP - PEDESTRIAN: 0.5101 
mAP - CYCLIST: 0.2416 
minADE: 0.5340 
minFDE: 1.0560 
MissRate: 0.2043 
mAP: 0.3486 
       Waymo          mAP       minADE       minFDE     MissRate            
      VEHICLE      0.2942,      0.6652,      1.3011,      0.2303,            
   PEDESTRIAN      0.5101,      0.3203,      0.6391,      0.1094,            
      CYCLIST      0.2416,      0.6166,      1.2277,      0.2731,            
          Avg      0.3486,      0.5340,      1.0560,      0.2043,            
========== Evaluation @ 8s ==========
minADE - VEHICLE: 0.9963 
minADE - PEDESTRIAN: 0.4557 
minADE - CYCLIST: 0.8834 
minFDE - VEHICLE: 2.0831 
minFDE - PEDESTRIAN: 0.9557 
minFDE - CYCLIST: 1.8393 
MissRate - VEHICLE: 0.2584 
MissRate - PEDESTRIAN: 0.1211 
MissRate - CYCLIST: 0.2860 
OverlapRate - VEHICLE: 0.0321 
OverlapRate - PEDESTRIAN: 0.0794 
OverlapRate - CYCLIST: 0.0507 
mAP - VEHICLE: 0.3092 
mAP - PEDESTRIAN: 0.3337 
mAP - CYCLIST: 0.2362 
minADE: 0.7785 
minFDE: 1.6260 
MissRate: 0.2218 
mAP: 0.2930 
       Waymo          mAP       minADE       minFDE     MissRate            
      VEHICLE      0.3092,      0.9963,      2.0831,      0.2584,            
   PEDESTRIAN      0.3337,      0.4557,      0.9557,      0.1211,            
      CYCLIST      0.2362,      0.8834,      1.8393,      0.2860,            
          Avg      0.2930,      0.7785,      1.6260,      0.2218,            
2026-08-19 20:59:56,144   INFO  Result is save to /root/wanqinghua/MTR/output/waymo/mtr_voyah_data/mtr_with_qcnet_v1/eval/eval_with_train
2026-08-19 20:59:56,145   INFO  ****************Evaluation done.*****************
epochs:  60%|█████████████████████████████████████████████████████████████████████████████████████████████████████████                                                                      | 30/50 [2:14:40<1:30:01, 270.08s/it]
2026-08-19 20:59:57,737   INFO  epoch: 30/50, acc_iter=16171, cur_iter=0/539, batch_size=8, iter_cost=1.01s, time_cost(epoch): 00:01/09:05, time_cost(all): 2:14:41/3:01:53, ade_TYPE_VEHICLE_layer_5=0.493, ade_TYPE_PEDESTRIAN_layer_5=0.251, ade_TYPE_CYCLIST_layer_5=0.530, loss=47.883, lr=6.25e-06
2026-08-19 21:00:11,942   INFO  epoch: 30/50, acc_iter=16200, cur_iter=29/539, batch_size=8, iter_cost=0.51s, time_cost(epoch): 00:15/04:18, time_cost(all): 2:14:55/1:30:53, ade_TYPE_VEHICLE_layer_5=0.362, ade_TYPE_PEDESTRIAN_layer_5=0.135, ade_TYPE_CYCLIST_layer_5=0.662, loss=22.378, lr=6.25e-06
2026-08-19 21:00:35,693   INFO  epoch: 30/50, acc_iter=16250, cur_iter=79/539, batch_size=8, iter_cost=0.49s, time_cost(epoch): 00:38/03:44, time_cost(all): 2:15:19/1:26:52, ade_TYPE_VEHICLE_layer_5=0.434, ade_TYPE_PEDESTRIAN_layer_5=0.129, ade_TYPE_CYCLIST_layer_5=0.289, loss=39.325, lr=6.25e-06
2026-08-19 21:00:59,125   INFO  epoch: 30/50, acc_iter=16300, cur_iter=129/539, batch_size=8, iter_cost=0.48s, time_cost(epoch): 01:02/03:16, time_cost(all): 2:15:42/1:25:12, ade_TYPE_VEHICLE_layer_5=0.544, ade_TYPE_PEDESTRIAN_layer_5=0.088, ade_TYPE_CYCLIST_layer_5=-0.000, loss=55.603, lr=6.25e-06
2026-08-19 21:01:22,722   INFO  epoch: 30/50, acc_iter=16350, cur_iter=179/539, batch_size=8, iter_cost=0.48s, time_cost(epoch): 01:25/02:51, time_cost(all): 2:16:06/1:24:24, ade_TYPE_VEHICLE_layer_5=0.385, ade_TYPE_PEDESTRIAN_layer_5=0.144, ade_TYPE_CYCLIST_layer_5=0.187, loss=-15.840, lr=6.25e-06
2026-08-19 21:01:46,626   INFO  epoch: 30/50, acc_iter=16400, cur_iter=229/539, batch_size=8, iter_cost=0.48s, time_cost(epoch): 01:49/02:28, time_cost(all): 2:16:30/1:24:01, ade_TYPE_VEHICLE_layer_5=0.420, ade_TYPE_PEDESTRIAN_layer_5=0.164, ade_TYPE_CYCLIST_layer_5=0.420, loss=61.217, lr=6.25e-06
2026-08-19 21:02:10,209   INFO  epoch: 30/50, acc_iter=16450, cur_iter=279/539, batch_size=8, iter_cost=0.48s, time_cost(epoch): 02:13/02:03, time_cost(all): 2:16:54/1:23:26, ade_TYPE_VEHICLE_layer_5=0.381, ade_TYPE_PEDESTRIAN_layer_5=0.215, ade_TYPE_CYCLIST_layer_5=0.076, loss=-13.383, lr=6.25e-06
2026-08-19 21:02:34,075   INFO  epoch: 30/50, acc_iter=16500, cur_iter=329/539, batch_size=8, iter_cost=0.48s, time_cost(epoch): 02:37/01:40, time_cost(all): 2:17:17/1:23:03, ade_TYPE_VEHICLE_layer_5=0.565, ade_TYPE_PEDESTRIAN_layer_5=0.130, ade_TYPE_CYCLIST_layer_5=-0.000, loss=149.289, lr=6.25e-06
2026-08-19 21:02:58,081   INFO  epoch: 30/50, acc_iter=16550, cur_iter=379/539, batch_size=8, iter_cost=0.48s, time_cost(epoch): 03:01/01:16, time_cost(all): 2:17:41/1:22:43, ade_TYPE_VEHICLE_layer_5=0.397, ade_TYPE_PEDESTRIAN_layer_5=0.142, ade_TYPE_CYCLIST_layer_5=0.257, loss=3.360, lr=6.25e-06
2026-08-19 21:03:21,962   INFO  epoch: 30/50, acc_iter=16600, cur_iter=429/539, batch_size=8, iter_cost=0.48s, time_cost(epoch): 03:25/00:52, time_cost(all): 2:18:05/1:22:20, ade_TYPE_VEHICLE_layer_5=0.583, ade_TYPE_PEDESTRIAN_layer_5=0.087, ade_TYPE_CYCLIST_layer_5=-0.000, loss=201.714, lr=6.25e-06
2026-08-19 21:03:45,845   INFO  epoch: 30/50, acc_iter=16650, cur_iter=479/539, batch_size=8, iter_cost=0.48s, time_cost(epoch): 03:49/00:28, time_cost(all): 2:18:29/1:21:57, ade_TYPE_VEHICLE_layer_5=0.402, ade_TYPE_PEDESTRIAN_layer_5=0.178, ade_TYPE_CYCLIST_layer_5=0.989, loss=-20.216, lr=6.25e-06
2026-08-19 21:04:09,757   INFO  epoch: 30/50, acc_iter=16700, cur_iter=529/539, batch_size=8, iter_cost=0.48s, time_cost(epoch): 04:13/00:04, time_cost(all): 2:18:53/1:21:34, ade_TYPE_VEHICLE_layer_5=0.447, ade_TYPE_PEDESTRIAN_layer_5=0.145, ade_TYPE_CYCLIST_layer_5=0.441, loss=2.287, lr=6.25e-06
2026-08-19 21:04:13,679   INFO  epoch: 30/50, acc_iter=16709, cur_iter=538/539, batch_size=4, iter_cost=0.48s, time_cost(epoch): 04:16/00:00, time_cost(all): 2:18:57/1:21:22, ade_TYPE_VEHICLE_layer_5=0.441, ade_TYPE_PEDESTRIAN_layer_5=0.360, ade_TYPE_CYCLIST_layer_5=0.420, loss=-26.922, lr=6.25e-06
epochs:  62%|████████████████████████████████████████████████████████████████████████████████████████████████████████████▌                                                                  | 31/50 [2:18:57<1:24:20, 266.35s/it]
2026-08-19 21:04:15,418   INFO  epoch: 31/50, acc_iter=16710, cur_iter=0/539, batch_size=8, iter_cost=0.92s, time_cost(epoch): 00:00/08:13, time_cost(all): 2:18:59/2:36:17, ade_TYPE_VEHICLE_layer_5=0.398, ade_TYPE_PEDESTRIAN_layer_5=0.094, ade_TYPE_CYCLIST_layer_5=0.222, loss=-15.719, lr=6.25e-06
2026-08-19 21:04:35,115   INFO  epoch: 31/50, acc_iter=16750, cur_iter=40/539, batch_size=8, iter_cost=0.50s, time_cost(epoch): 00:20/04:10, time_cost(all): 2:19:18/1:25:28, ade_TYPE_VEHICLE_layer_5=0.580, ade_TYPE_PEDESTRIAN_layer_5=0.297, ade_TYPE_CYCLIST_layer_5=0.451, loss=91.068, lr=6.25e-06
2026-08-19 21:04:59,202   INFO  epoch: 31/50, acc_iter=16800, cur_iter=90/539, batch_size=8, iter_cost=0.49s, time_cost(epoch): 00:44/03:40, time_cost(all): 2:19:43/1:23:06, ade_TYPE_VEHICLE_layer_5=0.457, ade_TYPE_PEDESTRIAN_layer_5=0.378, ade_TYPE_CYCLIST_layer_5=0.457, loss=5.013, lr=6.25e-06
2026-08-19 21:05:23,692   INFO  epoch: 31/50, acc_iter=16850, cur_iter=140/539, batch_size=8, iter_cost=0.49s, time_cost(epoch): 01:09/03:15, time_cost(all): 2:20:07/1:22:36, ade_TYPE_VEHICLE_layer_5=0.385, ade_TYPE_PEDESTRIAN_layer_5=0.231, ade_TYPE_CYCLIST_layer_5=-0.000, loss=21.620, lr=6.25e-06
2026-08-19 21:05:47,397   INFO  epoch: 31/50, acc_iter=16900, cur_iter=190/539, batch_size=8, iter_cost=0.49s, time_cost(epoch): 01:32/02:49, time_cost(all): 2:20:31/1:21:28, ade_TYPE_VEHICLE_layer_5=0.497, ade_TYPE_PEDESTRIAN_layer_5=0.129, ade_TYPE_CYCLIST_layer_5=0.353, loss=-16.893, lr=6.25e-06
2026-08-19 21:06:11,888   INFO  epoch: 31/50, acc_iter=16950, cur_iter=240/539, batch_size=8, iter_cost=0.49s, time_cost(epoch): 01:57/02:25, time_cost(all): 2:20:55/1:21:11, ade_TYPE_VEHICLE_layer_5=0.565, ade_TYPE_PEDESTRIAN_layer_5=0.189, ade_TYPE_CYCLIST_layer_5=-0.000, loss=129.662, lr=6.25e-06
2026-08-19 21:06:36,097   INFO  epoch: 31/50, acc_iter=17000, cur_iter=290/539, batch_size=8, iter_cost=0.49s, time_cost(epoch): 02:21/02:01, time_cost(all): 2:21:19/1:20:41, ade_TYPE_VEHICLE_layer_5=0.396, ade_TYPE_PEDESTRIAN_layer_5=0.178, ade_TYPE_CYCLIST_layer_5=-0.000, loss=-117.173, lr=6.25e-06
2026-08-19 21:06:59,612   INFO  epoch: 31/50, acc_iter=17050, cur_iter=340/539, batch_size=8, iter_cost=0.48s, time_cost(epoch): 02:45/01:36, time_cost(all): 2:21:43/1:19:54, ade_TYPE_VEHICLE_layer_5=0.392, ade_TYPE_PEDESTRIAN_layer_5=0.161, ade_TYPE_CYCLIST_layer_5=0.190, loss=44.345, lr=6.25e-06
2026-08-19 21:07:23,490   INFO  epoch: 31/50, acc_iter=17100, cur_iter=390/539, batch_size=8, iter_cost=0.48s, time_cost(epoch): 03:08/01:12, time_cost(all): 2:22:07/1:19:21, ade_TYPE_VEHICLE_layer_5=0.550, ade_TYPE_PEDESTRIAN_layer_5=0.144, ade_TYPE_CYCLIST_layer_5=-0.000, loss=15.971, lr=6.25e-06
2026-08-19 21:07:46,390   INFO  epoch: 31/50, acc_iter=17150, cur_iter=440/539, batch_size=8, iter_cost=0.48s, time_cost(epoch): 03:31/00:47, time_cost(all): 2:22:30/1:18:29, ade_TYPE_VEHICLE_layer_5=0.321, ade_TYPE_PEDESTRIAN_layer_5=0.083, ade_TYPE_CYCLIST_layer_5=0.257, loss=-53.998, lr=6.25e-06
2026-08-19 21:08:10,304   INFO  epoch: 31/50, acc_iter=17200, cur_iter=490/539, batch_size=8, iter_cost=0.48s, time_cost(epoch): 03:55/00:23, time_cost(all): 2:22:54/1:18:02, ade_TYPE_VEHICLE_layer_5=0.387, ade_TYPE_PEDESTRIAN_layer_5=0.108, ade_TYPE_CYCLIST_layer_5=0.117, loss=26.639, lr=6.25e-06
2026-08-19 21:08:32,641   INFO  epoch: 31/50, acc_iter=17248, cur_iter=538/539, batch_size=4, iter_cost=0.48s, time_cost(epoch): 04:18/00:00, time_cost(all): 2:23:16/1:17:26, ade_TYPE_VEHICLE_layer_5=0.604, ade_TYPE_PEDESTRIAN_layer_5=0.151, ade_TYPE_CYCLIST_layer_5=0.276, loss=44.388, lr=6.25e-06
2026-08-19 21:08:34,220   INFO  ==> Eval with EMA weights (epoch 32)
2026-08-19 21:08:34,343   INFO  *************** EPOCH 32 EVALUATION *****************
2026-08-19 21:08:35,262   INFO  eval: epoch=32, batch_iter=0/79, batch_size=8, iter_cost=0.92s, time_cost: 00:00/01:12, 
2026-08-19 21:08:36,411   INFO  eval: epoch=32, batch_iter=10/79, batch_size=8, iter_cost=0.21s, time_cost: 00:02/00:14, 
2026-08-19 21:08:37,584   INFO  eval: epoch=32, batch_iter=20/79, batch_size=8, iter_cost=0.16s, time_cost: 00:03/00:09, 
2026-08-19 21:08:38,767   INFO  eval: epoch=32, batch_iter=30/79, batch_size=8, iter_cost=0.15s, time_cost: 00:04/00:07, 
2026-08-19 21:08:39,972   INFO  eval: epoch=32, batch_iter=40/79, batch_size=8, iter_cost=0.14s, time_cost: 00:05/00:05, 
2026-08-19 21:08:41,143   INFO  eval: epoch=32, batch_iter=50/79, batch_size=8, iter_cost=0.14s, time_cost: 00:06/00:03, 
2026-08-19 21:08:42,311   INFO  eval: epoch=32, batch_iter=60/79, batch_size=8, iter_cost=0.13s, time_cost: 00:07/00:02, 
2026-08-19 21:08:43,414   INFO  eval: epoch=32, batch_iter=70/79, batch_size=8, iter_cost=0.13s, time_cost: 00:09/00:01, 
2026-08-19 21:08:44,218   INFO  eval: epoch=32, batch_iter=78/79, batch_size=1, iter_cost=0.13s, time_cost: 00:09/00:00, 
eval:   0%|                                                                                                                                                                                               | 0/79 [00:09<?, ?it/s]
2026-08-19 21:08:44,314   INFO  Total number of samples before merging from multiple GPUs: 625
2026-08-19 21:08:44,904   INFO  Total number of samples after merging from multiple GPUs (removing duplicate): 5000
2026-08-19 21:08:44,909   INFO  *************** Performance of EPOCH 32 *****************
2026-08-19 21:08:44,909   INFO  Generate label finished(sec_per_example: 0.0021 second).
Total number for evaluation (intput): 5000
Total number for evaluation (after processed): 22520
Total number for evaluation (intput): 5000
Total number for evaluation (after processed): 22520
Total number for evaluation (intput): 5000
Total number for evaluation (after processed): 22520
2026-08-19 21:08:51,055   INFO  
========== Evaluation @ 3s ==========
minADE - VEHICLE: 0.4462 
minADE - PEDESTRIAN: 0.2196 
minADE - CYCLIST: 0.4235 
minFDE - VEHICLE: 0.8481 
minFDE - PEDESTRIAN: 0.4214 
minFDE - CYCLIST: 0.7917 
MissRate - VEHICLE: 0.2137 
MissRate - PEDESTRIAN: 0.0918 
MissRate - CYCLIST: 0.2763 
OverlapRate - VEHICLE: 0.0075 
OverlapRate - PEDESTRIAN: 0.0636 
OverlapRate - CYCLIST: 0.0203 
mAP - VEHICLE: 0.2684 
mAP - PEDESTRIAN: 0.4655 
mAP - CYCLIST: 0.3561 
minADE: 0.3631 
minFDE: 0.6871 
MissRate: 0.1939 
mAP: 0.3634 
       Waymo          mAP       minADE       minFDE     MissRate            
      VEHICLE      0.2684,      0.4462,      0.8481,      0.2137,            
   PEDESTRIAN      0.4655,      0.2196,      0.4214,      0.0918,            
      CYCLIST      0.3561,      0.4235,      0.7917,      0.2763,            
          Avg      0.3634,      0.3631,      0.6871,      0.1939,            
========== Evaluation @ 5s ==========
minADE - VEHICLE: 0.6794 
minADE - PEDESTRIAN: 0.3205 
minADE - CYCLIST: 0.6149 
minFDE - VEHICLE: 1.3390 
minFDE - PEDESTRIAN: 0.6368 
minFDE - CYCLIST: 1.2151 
MissRate - VEHICLE: 0.2401 
MissRate - PEDESTRIAN: 0.1044 
MissRate - CYCLIST: 0.2826 
OverlapRate - VEHICLE: 0.0167 
OverlapRate - PEDESTRIAN: 0.0712 
OverlapRate - CYCLIST: 0.0311 
mAP - VEHICLE: 0.2914 
mAP - PEDESTRIAN: 0.5332 
mAP - CYCLIST: 0.2673 
minADE: 0.5383 
minFDE: 1.0636 
MissRate: 0.2090 
mAP: 0.3640 
       Waymo          mAP       minADE       minFDE     MissRate            
      VEHICLE      0.2914,      0.6794,      1.3390,      0.2401,            
   PEDESTRIAN      0.5332,      0.3205,      0.6368,      0.1044,            
      CYCLIST      0.2673,      0.6149,      1.2151,      0.2826,            
          Avg      0.3640,      0.5383,      1.0636,      0.2090,            
========== Evaluation @ 8s ==========
minADE - VEHICLE: 1.0132 
minADE - PEDESTRIAN: 0.4540 
minADE - CYCLIST: 0.8762 
minFDE - VEHICLE: 2.1262 
minFDE - PEDESTRIAN: 0.9469 
minFDE - CYCLIST: 1.8118 
MissRate - VEHICLE: 0.2660 
MissRate - PEDESTRIAN: 0.1179 
MissRate - CYCLIST: 0.2855 
OverlapRate - VEHICLE: 0.0322 
OverlapRate - PEDESTRIAN: 0.0786 
OverlapRate - CYCLIST: 0.0444 
mAP - VEHICLE: 0.3073 
mAP - PEDESTRIAN: 0.3511 
mAP - CYCLIST: 0.2644 
minADE: 0.7812 
minFDE: 1.6283 
MissRate: 0.2231 
mAP: 0.3076 
       Waymo          mAP       minADE       minFDE     MissRate            
      VEHICLE      0.3073,      1.0132,      2.1262,      0.2660,            
   PEDESTRIAN      0.3511,      0.4540,      0.9469,      0.1179,            
      CYCLIST      0.2644,      0.8762,      1.8118,      0.2855,            
          Avg      0.3076,      0.7812,      1.6283,      0.2231,            
2026-08-19 21:08:51,056   INFO  Result is save to /root/wanqinghua/MTR/output/waymo/mtr_voyah_data/mtr_with_qcnet_v1/eval/eval_with_train
2026-08-19 21:08:51,056   INFO  ****************Evaluation done.*****************
2026-08-19 21:08:52,148   INFO  Save best model to /root/wanqinghua/MTR/output/waymo/mtr_voyah_data/mtr_with_qcnet_v1/ckpt/best_model
2026-08-19 21:08:53,906   INFO  Save EMA best model to /root/wanqinghua/MTR/output/waymo/mtr_voyah_data/mtr_with_qcnet_v1/ckpt/best_model_ema
epochs:  64%|████████████████████████████████████████████████████████████████████████████████████████████████████████████████                                                               | 32/50 [2:23:37<1:21:08, 270.46s/it]
2026-08-19 21:08:55,393   INFO  epoch: 32/50, acc_iter=17249, cur_iter=0/539, batch_size=8, iter_cost=0.97s, time_cost(epoch): 00:00/08:43, time_cost(all): 2:23:39/2:36:57, ade_TYPE_VEHICLE_layer_5=0.458, ade_TYPE_PEDESTRIAN_layer_5=0.138, ade_TYPE_CYCLIST_layer_5=0.524, loss=56.420, lr=6.25e-06
2026-08-19 21:08:55,866   INFO  epoch: 32/50, acc_iter=17250, cur_iter=1/539, batch_size=8, iter_cost=0.72s, time_cost(epoch): 00:01/06:28, time_cost(all): 2:23:39/1:56:40, ade_TYPE_VEHICLE_layer_5=0.471, ade_TYPE_PEDESTRIAN_layer_5=0.170, ade_TYPE_CYCLIST_layer_5=0.318, loss=11.466, lr=6.25e-06
2026-08-19 21:09:20,079   INFO  epoch: 32/50, acc_iter=17300, cur_iter=51/539, batch_size=8, iter_cost=0.49s, time_cost(epoch): 00:25/04:00, time_cost(all): 2:24:03/1:19:21, ade_TYPE_VEHICLE_layer_5=0.441, ade_TYPE_PEDESTRIAN_layer_5=0.146, ade_TYPE_CYCLIST_layer_5=0.520, loss=8.481, lr=6.25e-06
2026-08-19 21:09:43,930   INFO  epoch: 32/50, acc_iter=17350, cur_iter=101/539, batch_size=8, iter_cost=0.49s, time_cost(epoch): 00:49/03:32, time_cost(all): 2:24:27/1:17:40, ade_TYPE_VEHICLE_layer_5=0.381, ade_TYPE_PEDESTRIAN_layer_5=0.101, ade_TYPE_CYCLIST_layer_5=-0.000, loss=45.109, lr=6.25e-06
2026-08-19 21:10:08,050   INFO  epoch: 32/50, acc_iter=17400, cur_iter=151/539, batch_size=8, iter_cost=0.48s, time_cost(epoch): 01:13/03:07, time_cost(all): 2:24:51/1:17:06, ade_TYPE_VEHICLE_layer_5=0.415, ade_TYPE_PEDESTRIAN_layer_5=0.285, ade_TYPE_CYCLIST_layer_5=0.409, loss=52.250, lr=6.25e-06
2026-08-19 21:10:31,787   INFO  epoch: 32/50, acc_iter=17450, cur_iter=201/539, batch_size=8, iter_cost=0.48s, time_cost(epoch): 01:37/02:42, time_cost(all): 2:25:15/1:16:19, ade_TYPE_VEHICLE_layer_5=0.588, ade_TYPE_PEDESTRIAN_layer_5=0.217, ade_TYPE_CYCLIST_layer_5=-0.000, loss=17.534, lr=6.25e-06
2026-08-19 21:10:55,318   INFO  epoch: 32/50, acc_iter=17500, cur_iter=251/539, batch_size=8, iter_cost=0.48s, time_cost(epoch): 02:00/02:18, time_cost(all): 2:25:39/1:15:34, ade_TYPE_VEHICLE_layer_5=0.394, ade_TYPE_PEDESTRIAN_layer_5=0.080, ade_TYPE_CYCLIST_layer_5=0.206, loss=34.936, lr=6.25e-06
2026-08-19 21:11:19,771   INFO  epoch: 32/50, acc_iter=17550, cur_iter=301/539, batch_size=8, iter_cost=0.48s, time_cost(epoch): 02:25/01:54, time_cost(all): 2:26:03/1:15:24, ade_TYPE_VEHICLE_layer_5=0.416, ade_TYPE_PEDESTRIAN_layer_5=0.323, ade_TYPE_CYCLIST_layer_5=-0.000, loss=95.870, lr=6.25e-06
2026-08-19 21:11:43,509   INFO  epoch: 32/50, acc_iter=17600, cur_iter=351/539, batch_size=8, iter_cost=0.48s, time_cost(epoch): 02:49/01:30, time_cost(all): 2:26:27/1:14:51, ade_TYPE_VEHICLE_layer_5=0.430, ade_TYPE_PEDESTRIAN_layer_5=0.193, ade_TYPE_CYCLIST_layer_5=0.525, loss=72.540, lr=6.25e-06
2026-08-19 21:12:07,569   INFO  epoch: 32/50, acc_iter=17650, cur_iter=401/539, batch_size=8, iter_cost=0.48s, time_cost(epoch): 03:13/01:06, time_cost(all): 2:26:51/1:14:28, ade_TYPE_VEHICLE_layer_5=0.390, ade_TYPE_PEDESTRIAN_layer_5=0.139, ade_TYPE_CYCLIST_layer_5=-0.000, loss=35.191, lr=6.25e-06
2026-08-19 21:12:30,900   INFO  epoch: 32/50, acc_iter=17700, cur_iter=451/539, batch_size=8, iter_cost=0.48s, time_cost(epoch): 03:36/00:42, time_cost(all): 2:27:14/1:13:50, ade_TYPE_VEHICLE_layer_5=0.389, ade_TYPE_PEDESTRIAN_layer_5=0.144, ade_TYPE_CYCLIST_layer_5=0.196, loss=-1.059, lr=6.25e-06
2026-08-19 21:12:54,416   INFO  epoch: 32/50, acc_iter=17750, cur_iter=501/539, batch_size=8, iter_cost=0.48s, time_cost(epoch): 03:59/00:18, time_cost(all): 2:27:38/1:13:18, ade_TYPE_VEHICLE_layer_5=0.530, ade_TYPE_PEDESTRIAN_layer_5=0.154, ade_TYPE_CYCLIST_layer_5=0.460, loss=142.622, lr=6.25e-06
2026-08-19 21:13:11,912   INFO  epoch: 32/50, acc_iter=17787, cur_iter=538/539, batch_size=4, iter_cost=0.48s, time_cost(epoch): 04:17/00:00, time_cost(all): 2:27:55/1:12:57, ade_TYPE_VEHICLE_layer_5=0.602, ade_TYPE_PEDESTRIAN_layer_5=0.151, ade_TYPE_CYCLIST_layer_5=0.383, loss=59.149, lr=6.25e-06
epochs:  66%|███████████████████████████████████████████████████████████████████████████████████████████████████████████████████▌                                                           | 33/50 [2:27:55<1:15:35, 266.78s/it]
2026-08-19 21:13:13,663   INFO  epoch: 33/50, acc_iter=17788, cur_iter=0/539, batch_size=8, iter_cost=0.94s, time_cost(epoch): 00:00/08:24, time_cost(all): 2:27:57/2:22:49, ade_TYPE_VEHICLE_layer_5=0.577, ade_TYPE_PEDESTRIAN_layer_5=0.114, ade_TYPE_CYCLIST_layer_5=0.375, loss=126.714, lr=6.25e-06
2026-08-19 21:13:19,352   INFO  epoch: 33/50, acc_iter=17800, cur_iter=12/539, batch_size=8, iter_cost=0.51s, time_cost(epoch): 00:06/04:28, time_cost(all): 2:28:03/1:17:43, ade_TYPE_VEHICLE_layer_5=0.441, ade_TYPE_PEDESTRIAN_layer_5=0.293, ade_TYPE_CYCLIST_layer_5=0.259, loss=36.788, lr=6.25e-06
2026-08-19 21:13:43,573   INFO  epoch: 33/50, acc_iter=17850, cur_iter=62/539, batch_size=8, iter_cost=0.49s, time_cost(epoch): 00:30/03:53, time_cost(all): 2:28:27/1:14:15, ade_TYPE_VEHICLE_layer_5=0.515, ade_TYPE_PEDESTRIAN_layer_5=0.216, ade_TYPE_CYCLIST_layer_5=0.462, loss=-8.799, lr=6.25e-06
2026-08-19 21:14:08,027   INFO  epoch: 33/50, acc_iter=17900, cur_iter=112/539, batch_size=8, iter_cost=0.49s, time_cost(epoch): 00:55/03:28, time_cost(all): 2:28:51/1:13:49, ade_TYPE_VEHICLE_layer_5=0.449, ade_TYPE_PEDESTRIAN_layer_5=0.115, ade_TYPE_CYCLIST_layer_5=0.442, loss=5.862, lr=6.25e-06
2026-08-19 21:14:31,745   INFO  epoch: 33/50, acc_iter=17950, cur_iter=162/539, batch_size=8, iter_cost=0.48s, time_cost(epoch): 01:19/03:02, time_cost(all): 2:29:15/1:12:43, ade_TYPE_VEHICLE_layer_5=0.456, ade_TYPE_PEDESTRIAN_layer_5=0.089, ade_TYPE_CYCLIST_layer_5=0.428, loss=7.611, lr=6.25e-06
2026-08-19 21:14:55,554   INFO  epoch: 33/50, acc_iter=18000, cur_iter=212/539, batch_size=8, iter_cost=0.48s, time_cost(epoch): 01:42/02:37, time_cost(all): 2:29:39/1:12:01, ade_TYPE_VEHICLE_layer_5=0.461, ade_TYPE_PEDESTRIAN_layer_5=0.084, ade_TYPE_CYCLIST_layer_5=0.217, loss=43.653, lr=6.25e-06
2026-08-19 21:15:19,309   INFO  epoch: 33/50, acc_iter=18050, cur_iter=262/539, batch_size=8, iter_cost=0.48s, time_cost(epoch): 02:06/02:13, time_cost(all): 2:30:03/1:11:24, ade_TYPE_VEHICLE_layer_5=0.487, ade_TYPE_PEDESTRIAN_layer_5=0.120, ade_TYPE_CYCLIST_layer_5=0.457, loss=45.158, lr=6.25e-06
2026-08-19 21:15:42,628   INFO  epoch: 33/50, acc_iter=18100, cur_iter=312/539, batch_size=8, iter_cost=0.48s, time_cost(epoch): 02:29/01:48, time_cost(all): 2:30:26/1:10:38, ade_TYPE_VEHICLE_layer_5=0.551, ade_TYPE_PEDESTRIAN_layer_5=0.080, ade_TYPE_CYCLIST_layer_5=0.195, loss=131.214, lr=6.25e-06
2026-08-19 21:16:06,884   INFO  epoch: 33/50, acc_iter=18150, cur_iter=362/539, batch_size=8, iter_cost=0.48s, time_cost(epoch): 02:54/01:24, time_cost(all): 2:30:50/1:10:22, ade_TYPE_VEHICLE_layer_5=0.494, ade_TYPE_PEDESTRIAN_layer_5=0.297, ade_TYPE_CYCLIST_layer_5=-0.000, loss=109.558, lr=6.25e-06
2026-08-19 21:16:30,491   INFO  epoch: 33/50, acc_iter=18200, cur_iter=412/539, batch_size=8, iter_cost=0.48s, time_cost(epoch): 03:17/01:00, time_cost(all): 2:31:14/1:09:50, ade_TYPE_VEHICLE_layer_5=0.449, ade_TYPE_PEDESTRIAN_layer_5=0.232, ade_TYPE_CYCLIST_layer_5=-0.000, loss=-16.888, lr=6.25e-06
2026-08-19 21:16:54,315   INFO  epoch: 33/50, acc_iter=18250, cur_iter=462/539, batch_size=8, iter_cost=0.48s, time_cost(epoch): 03:41/00:36, time_cost(all): 2:31:38/1:09:24, ade_TYPE_VEHICLE_layer_5=0.397, ade_TYPE_PEDESTRIAN_layer_5=0.164, ade_TYPE_CYCLIST_layer_5=0.270, loss=22.343, lr=6.25e-06
2026-08-19 21:17:18,019   INFO  epoch: 33/50, acc_iter=18300, cur_iter=512/539, batch_size=8, iter_cost=0.48s, time_cost(epoch): 04:05/00:12, time_cost(all): 2:32:01/1:08:56, ade_TYPE_VEHICLE_layer_5=0.370, ade_TYPE_PEDESTRIAN_layer_5=0.161, ade_TYPE_CYCLIST_layer_5=-0.000, loss=-2.239, lr=6.25e-06
2026-08-19 21:17:30,285   INFO  epoch: 33/50, acc_iter=18326, cur_iter=538/539, batch_size=4, iter_cost=0.48s, time_cost(epoch): 04:17/00:00, time_cost(all): 2:32:14/1:08:41, ade_TYPE_VEHICLE_layer_5=0.338, ade_TYPE_PEDESTRIAN_layer_5=-0.000, ade_TYPE_CYCLIST_layer_5=0.616, loss=94.963, lr=6.25e-06
2026-08-19 21:17:31,843   INFO  ==> Eval with EMA weights (epoch 34)
2026-08-19 21:17:31,953   INFO  *************** EPOCH 34 EVALUATION *****************
2026-08-19 21:17:32,894   INFO  eval: epoch=34, batch_iter=0/79, batch_size=8, iter_cost=0.94s, time_cost: 00:00/01:14, 
2026-08-19 21:17:34,081   INFO  eval: epoch=34, batch_iter=10/79, batch_size=8, iter_cost=0.21s, time_cost: 00:02/00:14, 
2026-08-19 21:17:35,247   INFO  eval: epoch=34, batch_iter=20/79, batch_size=8, iter_cost=0.16s, time_cost: 00:03/00:09, 
2026-08-19 21:17:36,422   INFO  eval: epoch=34, batch_iter=30/79, batch_size=8, iter_cost=0.15s, time_cost: 00:04/00:07, 
2026-08-19 21:17:37,622   INFO  eval: epoch=34, batch_iter=40/79, batch_size=8, iter_cost=0.14s, time_cost: 00:05/00:05, 
2026-08-19 21:17:38,788   INFO  eval: epoch=34, batch_iter=50/79, batch_size=8, iter_cost=0.14s, time_cost: 00:06/00:03, 
2026-08-19 21:17:39,952   INFO  eval: epoch=34, batch_iter=60/79, batch_size=8, iter_cost=0.13s, time_cost: 00:07/00:02, 
2026-08-19 21:17:41,058   INFO  eval: epoch=34, batch_iter=70/79, batch_size=8, iter_cost=0.13s, time_cost: 00:09/00:01, 
2026-08-19 21:17:41,867   INFO  eval: epoch=34, batch_iter=78/79, batch_size=1, iter_cost=0.13s, time_cost: 00:09/00:00, 
eval:   0%|                                                                                                                                                                                               | 0/79 [00:10<?, ?it/s]
2026-08-19 21:17:41,961   INFO  Total number of samples before merging from multiple GPUs: 625
2026-08-19 21:17:42,396   INFO  Total number of samples after merging from multiple GPUs (removing duplicate): 5000
2026-08-19 21:17:42,401   INFO  *************** Performance of EPOCH 34 *****************
2026-08-19 21:17:42,401   INFO  Generate label finished(sec_per_example: 0.0021 second).
Total number for evaluation (intput): 5000
Total number for evaluation (after processed): 22520
Total number for evaluation (intput): 5000
Total number for evaluation (after processed): 22520
Total number for evaluation (intput): 5000
Total number for evaluation (after processed): 22520
2026-08-19 21:17:48,619   INFO  
========== Evaluation @ 3s ==========
minADE - VEHICLE: 0.4426 
minADE - PEDESTRIAN: 0.2192 
minADE - CYCLIST: 0.4216 
minFDE - VEHICLE: 0.8344 
minFDE - PEDESTRIAN: 0.4182 
minFDE - CYCLIST: 0.7960 
MissRate - VEHICLE: 0.2071 
MissRate - PEDESTRIAN: 0.1013 
MissRate - CYCLIST: 0.2690 
OverlapRate - VEHICLE: 0.0074 
OverlapRate - PEDESTRIAN: 0.0644 
OverlapRate - CYCLIST: 0.0217 
mAP - VEHICLE: 0.2767 
mAP - PEDESTRIAN: 0.4460 
mAP - CYCLIST: 0.3754 
minADE: 0.3611 
minFDE: 0.6829 
MissRate: 0.1925 
mAP: 0.3660 
       Waymo          mAP       minADE       minFDE     MissRate            
      VEHICLE      0.2767,      0.4426,      0.8344,      0.2071,            
   PEDESTRIAN      0.4460,      0.2192,      0.4182,      0.1013,            
      CYCLIST      0.3754,      0.4216,      0.7960,      0.2690,            
          Avg      0.3660,      0.3611,      0.6829,      0.1925,            
========== Evaluation @ 5s ==========
minADE - VEHICLE: 0.6747 
minADE - PEDESTRIAN: 0.3204 
minADE - CYCLIST: 0.6185 
minFDE - VEHICLE: 1.3209 
minFDE - PEDESTRIAN: 0.6371 
minFDE - CYCLIST: 1.2305 
MissRate - VEHICLE: 0.2334 
MissRate - PEDESTRIAN: 0.1101 
MissRate - CYCLIST: 0.2789 
OverlapRate - VEHICLE: 0.0166 
OverlapRate - PEDESTRIAN: 0.0712 
OverlapRate - CYCLIST: 0.0268 
mAP - VEHICLE: 0.2985 
mAP - PEDESTRIAN: 0.5234 
mAP - CYCLIST: 0.2527 
minADE: 0.5379 
minFDE: 1.0628 
MissRate: 0.2075 
mAP: 0.3582 
       Waymo          mAP       minADE       minFDE     MissRate            
      VEHICLE      0.2985,      0.6747,      1.3209,      0.2334,            
   PEDESTRIAN      0.5234,      0.3204,      0.6371,      0.1101,            
      CYCLIST      0.2527,      0.6185,      1.2305,      0.2789,            
          Avg      0.3582,      0.5379,      1.0628,      0.2075,            
========== Evaluation @ 8s ==========
minADE - VEHICLE: 1.0091 
minADE - PEDESTRIAN: 0.4549 
minADE - CYCLIST: 0.8831 
minFDE - VEHICLE: 2.1077 
minFDE - PEDESTRIAN: 0.9502 
minFDE - CYCLIST: 1.8363 
MissRate - VEHICLE: 0.2601 
MissRate - PEDESTRIAN: 0.1230 
MissRate - CYCLIST: 0.2818 
OverlapRate - VEHICLE: 0.0326 
OverlapRate - PEDESTRIAN: 0.0788 
OverlapRate - CYCLIST: 0.0386 
mAP - VEHICLE: 0.3068 
mAP - PEDESTRIAN: 0.3425 
mAP - CYCLIST: 0.2596 
minADE: 0.7824 
minFDE: 1.6314 
MissRate: 0.2216 
mAP: 0.3030 
       Waymo          mAP       minADE       minFDE     MissRate            
      VEHICLE      0.3068,      1.0091,      2.1077,      0.2601,            
   PEDESTRIAN      0.3425,      0.4549,      0.9502,      0.1230,            
      CYCLIST      0.2596,      0.8831,      1.8363,      0.2818,            
          Avg      0.3030,      0.7824,      1.6314,      0.2216,            
2026-08-19 21:17:48,620   INFO  Result is save to /root/wanqinghua/MTR/output/waymo/mtr_voyah_data/mtr_with_qcnet_v1/eval/eval_with_train
2026-08-19 21:17:48,620   INFO  ****************Evaluation done.*****************
epochs:  68%|███████████████████████████████████████████████████████████████████████████████████████████████████████████████████████                                                        | 34/50 [2:32:32<1:11:55, 269.72s/it]
2026-08-19 21:17:50,192   INFO  epoch: 34/50, acc_iter=18327, cur_iter=0/539, batch_size=8, iter_cost=1.00s, time_cost(epoch): 00:00/08:57, time_cost(all): 2:32:33/2:23:14, ade_TYPE_VEHICLE_layer_5=0.307, ade_TYPE_PEDESTRIAN_layer_5=0.145, ade_TYPE_CYCLIST_layer_5=-0.000, loss=-92.195, lr=6.25e-06
2026-08-19 21:18:00,811   INFO  epoch: 34/50, acc_iter=18350, cur_iter=23/539, batch_size=8, iter_cost=0.48s, time_cost(epoch): 00:11/04:09, time_cost(all): 2:32:44/1:09:22, ade_TYPE_VEHICLE_layer_5=0.379, ade_TYPE_PEDESTRIAN_layer_5=0.142, ade_TYPE_CYCLIST_layer_5=-0.000, loss=-10.575, lr=6.25e-06
2026-08-19 21:18:24,983   INFO  epoch: 34/50, acc_iter=18400, cur_iter=73/539, batch_size=8, iter_cost=0.48s, time_cost(epoch): 00:35/03:45, time_cost(all): 2:33:08/1:08:55, ade_TYPE_VEHICLE_layer_5=0.449, ade_TYPE_PEDESTRIAN_layer_5=0.270, ade_TYPE_CYCLIST_layer_5=0.200, loss=69.463, lr=6.25e-06
2026-08-19 21:18:48,736   INFO  epoch: 34/50, acc_iter=18450, cur_iter=123/539, batch_size=8, iter_cost=0.48s, time_cost(epoch): 00:59/03:19, time_cost(all): 2:33:32/1:08:01, ade_TYPE_VEHICLE_layer_5=0.455, ade_TYPE_PEDESTRIAN_layer_5=0.070, ade_TYPE_CYCLIST_layer_5=0.947, loss=41.930, lr=6.25e-06
2026-08-19 21:19:13,109   INFO  epoch: 34/50, acc_iter=18500, cur_iter=173/539, batch_size=8, iter_cost=0.48s, time_cost(epoch): 01:23/02:56, time_cost(all): 2:33:56/1:07:55, ade_TYPE_VEHICLE_layer_5=0.373, ade_TYPE_PEDESTRIAN_layer_5=0.121, ade_TYPE_CYCLIST_layer_5=0.316, loss=10.716, lr=6.25e-06
2026-08-19 21:19:37,127   INFO  epoch: 34/50, acc_iter=18550, cur_iter=223/539, batch_size=8, iter_cost=0.48s, time_cost(epoch): 01:47/02:32, time_cost(all): 2:34:20/1:07:27, ade_TYPE_VEHICLE_layer_5=0.448, ade_TYPE_PEDESTRIAN_layer_5=0.131, ade_TYPE_CYCLIST_layer_5=-0.000, loss=74.694, lr=6.25e-06
2026-08-19 21:20:00,958   INFO  epoch: 34/50, acc_iter=18600, cur_iter=273/539, batch_size=8, iter_cost=0.48s, time_cost(epoch): 02:11/02:07, time_cost(all): 2:34:44/1:06:55, ade_TYPE_VEHICLE_layer_5=0.338, ade_TYPE_PEDESTRIAN_layer_5=0.140, ade_TYPE_CYCLIST_layer_5=0.380, loss=73.156, lr=6.25e-06
2026-08-19 21:20:25,070   INFO  epoch: 34/50, acc_iter=18650, cur_iter=323/539, batch_size=8, iter_cost=0.48s, time_cost(epoch): 02:35/01:43, time_cost(all): 2:35:08/1:06:33, ade_TYPE_VEHICLE_layer_5=0.444, ade_TYPE_PEDESTRIAN_layer_5=0.246, ade_TYPE_CYCLIST_layer_5=-0.000, loss=0.083, lr=6.25e-06
2026-08-19 21:20:49,449   INFO  epoch: 34/50, acc_iter=18700, cur_iter=373/539, batch_size=8, iter_cost=0.48s, time_cost(epoch): 03:00/01:20, time_cost(all): 2:35:33/1:06:16, ade_TYPE_VEHICLE_layer_5=0.453, ade_TYPE_PEDESTRIAN_layer_5=0.169, ade_TYPE_CYCLIST_layer_5=0.520, loss=167.164, lr=6.25e-06
2026-08-19 21:21:14,320   INFO  epoch: 34/50, acc_iter=18750, cur_iter=423/539, batch_size=8, iter_cost=0.48s, time_cost(epoch): 03:25/00:56, time_cost(all): 2:35:58/1:06:07, ade_TYPE_VEHICLE_layer_5=0.537, ade_TYPE_PEDESTRIAN_layer_5=0.486, ade_TYPE_CYCLIST_layer_5=0.534, loss=81.127, lr=6.25e-06
2026-08-19 21:21:37,717   INFO  epoch: 34/50, acc_iter=18800, cur_iter=473/539, batch_size=8, iter_cost=0.48s, time_cost(epoch): 03:48/00:31, time_cost(all): 2:36:21/1:05:29, ade_TYPE_VEHICLE_layer_5=0.454, ade_TYPE_PEDESTRIAN_layer_5=0.129, ade_TYPE_CYCLIST_layer_5=-0.000, loss=155.361, lr=6.25e-06
2026-08-19 21:22:01,966   INFO  epoch: 34/50, acc_iter=18850, cur_iter=523/539, batch_size=8, iter_cost=0.48s, time_cost(epoch): 04:12/00:07, time_cost(all): 2:36:45/1:05:07, ade_TYPE_VEHICLE_layer_5=0.398, ade_TYPE_PEDESTRIAN_layer_5=0.306, ade_TYPE_CYCLIST_layer_5=0.394, loss=29.050, lr=6.25e-06
2026-08-19 21:22:08,749   INFO  epoch: 34/50, acc_iter=18865, cur_iter=538/539, batch_size=4, iter_cost=0.48s, time_cost(epoch): 04:19/00:00, time_cost(all): 2:36:52/1:04:53, ade_TYPE_VEHICLE_layer_5=0.281, ade_TYPE_PEDESTRIAN_layer_5=0.211, ade_TYPE_CYCLIST_layer_5=0.311, loss=-73.329, lr=6.25e-06
epochs:  70%|██████████████████████████████████████████████████████████████████████████████████████████████████████████████████████████▍                                                    | 35/50 [2:36:52<1:06:43, 266.88s/it]
2026-08-19 21:22:10,648   INFO  epoch: 35/50, acc_iter=18866, cur_iter=0/539, batch_size=8, iter_cost=1.09s, time_cost(epoch): 00:01/09:49, time_cost(all): 2:36:54/2:27:22, ade_TYPE_VEHICLE_layer_5=0.414, ade_TYPE_PEDESTRIAN_layer_5=0.162, ade_TYPE_CYCLIST_layer_5=0.196, loss=67.080, lr=6.25e-06
2026-08-19 21:22:27,433   INFO  epoch: 35/50, acc_iter=18900, cur_iter=34/539, batch_size=8, iter_cost=0.51s, time_cost(epoch): 00:17/04:17, time_cost(all): 2:37:11/1:08:32, ade_TYPE_VEHICLE_layer_5=0.513, ade_TYPE_PEDESTRIAN_layer_5=0.130, ade_TYPE_CYCLIST_layer_5=-0.000, loss=-15.630, lr=6.25e-06
2026-08-19 21:22:52,115   INFO  epoch: 35/50, acc_iter=18950, cur_iter=84/539, batch_size=8, iter_cost=0.50s, time_cost(epoch): 00:42/03:47, time_cost(all): 2:37:35/1:06:46, ade_TYPE_VEHICLE_layer_5=0.461, ade_TYPE_PEDESTRIAN_layer_5=0.188, ade_TYPE_CYCLIST_layer_5=0.351, loss=38.097, lr=6.25e-06
2026-08-19 21:23:16,258   INFO  epoch: 35/50, acc_iter=19000, cur_iter=134/539, batch_size=8, iter_cost=0.49s, time_cost(epoch): 01:06/03:20, time_cost(all): 2:38:00/1:05:28, ade_TYPE_VEHICLE_layer_5=0.540, ade_TYPE_PEDESTRIAN_layer_5=0.171, ade_TYPE_CYCLIST_layer_5=-0.000, loss=16.360, lr=6.25e-06
2026-08-19 21:23:39,428   INFO  epoch: 35/50, acc_iter=19050, cur_iter=184/539, batch_size=8, iter_cost=0.49s, time_cost(epoch): 01:29/02:52, time_cost(all): 2:38:23/1:03:58, ade_TYPE_VEHICLE_layer_5=0.371, ade_TYPE_PEDESTRIAN_layer_5=0.108, ade_TYPE_CYCLIST_layer_5=0.332, loss=28.738, lr=6.25e-06
2026-08-19 21:24:03,246   INFO  epoch: 35/50, acc_iter=19100, cur_iter=234/539, batch_size=8, iter_cost=0.48s, time_cost(epoch): 01:53/02:27, time_cost(all): 2:38:47/1:03:18, ade_TYPE_VEHICLE_layer_5=0.363, ade_TYPE_PEDESTRIAN_layer_5=0.184, ade_TYPE_CYCLIST_layer_5=0.194, loss=-46.863, lr=6.25e-06
2026-08-19 21:24:26,685   INFO  epoch: 35/50, acc_iter=19150, cur_iter=284/539, batch_size=8, iter_cost=0.48s, time_cost(epoch): 02:17/02:02, time_cost(all): 2:39:10/1:02:33, ade_TYPE_VEHICLE_layer_5=0.454, ade_TYPE_PEDESTRIAN_layer_5=0.270, ade_TYPE_CYCLIST_layer_5=1.092, loss=34.495, lr=6.25e-06
2026-08-19 21:24:50,401   INFO  epoch: 35/50, acc_iter=19200, cur_iter=334/539, batch_size=8, iter_cost=0.48s, time_cost(epoch): 02:40/01:38, time_cost(all): 2:39:34/1:02:01, ade_TYPE_VEHICLE_layer_5=0.453, ade_TYPE_PEDESTRIAN_layer_5=0.199, ade_TYPE_CYCLIST_layer_5=-0.000, loss=134.087, lr=6.25e-06
2026-08-19 21:25:13,987   INFO  epoch: 35/50, acc_iter=19250, cur_iter=384/539, batch_size=8, iter_cost=0.48s, time_cost(epoch): 03:04/01:14, time_cost(all): 2:39:57/1:01:29, ade_TYPE_VEHICLE_layer_5=0.355, ade_TYPE_PEDESTRIAN_layer_5=0.177, ade_TYPE_CYCLIST_layer_5=0.326, loss=-1.470, lr=6.25e-06
2026-08-19 21:25:38,007   INFO  epoch: 35/50, acc_iter=19300, cur_iter=434/539, batch_size=8, iter_cost=0.48s, time_cost(epoch): 03:28/00:50, time_cost(all): 2:40:21/1:01:06, ade_TYPE_VEHICLE_layer_5=0.410, ade_TYPE_PEDESTRIAN_layer_5=0.453, ade_TYPE_CYCLIST_layer_5=-0.000, loss=87.358, lr=6.25e-06
2026-08-19 21:26:02,135   INFO  epoch: 35/50, acc_iter=19350, cur_iter=484/539, batch_size=8, iter_cost=0.48s, time_cost(epoch): 03:52/00:26, time_cost(all): 2:40:45/1:00:45, ade_TYPE_VEHICLE_layer_5=0.464, ade_TYPE_PEDESTRIAN_layer_5=0.256, ade_TYPE_CYCLIST_layer_5=0.266, loss=116.365, lr=6.25e-06
2026-08-19 21:26:25,339   INFO  epoch: 35/50, acc_iter=19400, cur_iter=534/539, batch_size=8, iter_cost=0.48s, time_cost(epoch): 04:15/00:02, time_cost(all): 2:41:09/1:00:10, ade_TYPE_VEHICLE_layer_5=0.459, ade_TYPE_PEDESTRIAN_layer_5=0.188, ade_TYPE_CYCLIST_layer_5=0.479, loss=69.423, lr=6.25e-06
2026-08-19 21:26:27,013   INFO  epoch: 35/50, acc_iter=19404, cur_iter=538/539, batch_size=4, iter_cost=0.48s, time_cost(epoch): 04:17/00:00, time_cost(all): 2:41:10/1:00:04, ade_TYPE_VEHICLE_layer_5=0.387, ade_TYPE_PEDESTRIAN_layer_5=0.082, ade_TYPE_CYCLIST_layer_5=-0.000, loss=-25.803, lr=6.25e-06
2026-08-19 21:26:28,595   INFO  ==> Eval with EMA weights (epoch 36)
2026-08-19 21:26:28,708   INFO  *************** EPOCH 36 EVALUATION *****************
2026-08-19 21:26:29,564   INFO  eval: epoch=36, batch_iter=0/79, batch_size=8, iter_cost=0.85s, time_cost: 00:00/01:07, 
2026-08-19 21:26:30,703   INFO  eval: epoch=36, batch_iter=10/79, batch_size=8, iter_cost=0.20s, time_cost: 00:01/00:13, 
2026-08-19 21:26:31,866   INFO  eval: epoch=36, batch_iter=20/79, batch_size=8, iter_cost=0.16s, time_cost: 00:03/00:09, 
2026-08-19 21:26:33,047   INFO  eval: epoch=36, batch_iter=30/79, batch_size=8, iter_cost=0.14s, time_cost: 00:04/00:07, 
2026-08-19 21:26:34,249   INFO  eval: epoch=36, batch_iter=40/79, batch_size=8, iter_cost=0.14s, time_cost: 00:05/00:05, 
2026-08-19 21:26:35,413   INFO  eval: epoch=36, batch_iter=50/79, batch_size=8, iter_cost=0.13s, time_cost: 00:06/00:03, 
2026-08-19 21:26:36,579   INFO  eval: epoch=36, batch_iter=60/79, batch_size=8, iter_cost=0.13s, time_cost: 00:07/00:02, 
2026-08-19 21:26:37,681   INFO  eval: epoch=36, batch_iter=70/79, batch_size=8, iter_cost=0.13s, time_cost: 00:08/00:01, 
2026-08-19 21:26:38,485   INFO  eval: epoch=36, batch_iter=78/79, batch_size=1, iter_cost=0.13s, time_cost: 00:09/00:00, 
eval:   0%|                                                                                                                                                                                               | 0/79 [00:09<?, ?it/s]
2026-08-19 21:26:38,583   INFO  Total number of samples before merging from multiple GPUs: 625
2026-08-19 21:26:39,207   INFO  Total number of samples after merging from multiple GPUs (removing duplicate): 5000
2026-08-19 21:26:39,211   INFO  *************** Performance of EPOCH 36 *****************
2026-08-19 21:26:39,212   INFO  Generate label finished(sec_per_example: 0.0021 second).
Total number for evaluation (intput): 5000
Total number for evaluation (after processed): 22520
Total number for evaluation (intput): 5000
Total number for evaluation (after processed): 22520
Total number for evaluation (intput): 5000
Total number for evaluation (after processed): 22520
2026-08-19 21:26:45,679   INFO  
========== Evaluation @ 3s ==========
minADE - VEHICLE: 0.4351 
minADE - PEDESTRIAN: 0.2206 
minADE - CYCLIST: 0.4174 
minFDE - VEHICLE: 0.8231 
minFDE - PEDESTRIAN: 0.4240 
minFDE - CYCLIST: 0.7809 
MissRate - VEHICLE: 0.2049 
MissRate - PEDESTRIAN: 0.0979 
MissRate - CYCLIST: 0.2675 
OverlapRate - VEHICLE: 0.0073 
OverlapRate - PEDESTRIAN: 0.0648 
OverlapRate - CYCLIST: 0.0232 
mAP - VEHICLE: 0.2809 
mAP - PEDESTRIAN: 0.5151 
mAP - CYCLIST: 0.3507 
minADE: 0.3577 
minFDE: 0.6760 
MissRate: 0.1901 
mAP: 0.3822 
       Waymo          mAP       minADE       minFDE     MissRate            
      VEHICLE      0.2809,      0.4351,      0.8231,      0.2049,            
   PEDESTRIAN      0.5151,      0.2206,      0.4240,      0.0979,            
      CYCLIST      0.3507,      0.4174,      0.7809,      0.2675,            
          Avg      0.3822,      0.3577,      0.6760,      0.1901,            
========== Evaluation @ 5s ==========
minADE - VEHICLE: 0.6655 
minADE - PEDESTRIAN: 0.3226 
minADE - CYCLIST: 0.6100 
minFDE - VEHICLE: 1.3061 
minFDE - PEDESTRIAN: 0.6403 
minFDE - CYCLIST: 1.2116 
MissRate - VEHICLE: 0.2305 
MissRate - PEDESTRIAN: 0.1077 
MissRate - CYCLIST: 0.2790 
OverlapRate - VEHICLE: 0.0164 
OverlapRate - PEDESTRIAN: 0.0710 
OverlapRate - CYCLIST: 0.0326 
mAP - VEHICLE: 0.2939 
mAP - PEDESTRIAN: 0.5322 
mAP - CYCLIST: 0.2520 
minADE: 0.5327 
minFDE: 1.0527 
MissRate: 0.2057 
mAP: 0.3594 
       Waymo          mAP       minADE       minFDE     MissRate            
      VEHICLE      0.2939,      0.6655,      1.3061,      0.2305,            
   PEDESTRIAN      0.5322,      0.3226,      0.6403,      0.1077,            
      CYCLIST      0.2520,      0.6100,      1.2116,      0.2790,            
          Avg      0.3594,      0.5327,      1.0527,      0.2057,            
========== Evaluation @ 8s ==========
minADE - VEHICLE: 0.9971 
minADE - PEDESTRIAN: 0.4559 
minADE - CYCLIST: 0.8727 
minFDE - VEHICLE: 2.0904 
minFDE - PEDESTRIAN: 0.9478 
minFDE - CYCLIST: 1.8166 
MissRate - VEHICLE: 0.2567 
MissRate - PEDESTRIAN: 0.1201 
MissRate - CYCLIST: 0.2824 
OverlapRate - VEHICLE: 0.0323 
OverlapRate - PEDESTRIAN: 0.0782 
OverlapRate - CYCLIST: 0.0482 
mAP - VEHICLE: 0.3027 
mAP - PEDESTRIAN: 0.3423 
mAP - CYCLIST: 0.2500 
minADE: 0.7752 
minFDE: 1.6183 
MissRate: 0.2198 
mAP: 0.2983 
       Waymo          mAP       minADE       minFDE     MissRate            
      VEHICLE      0.3027,      0.9971,      2.0904,      0.2567,            
   PEDESTRIAN      0.3423,      0.4559,      0.9478,      0.1201,            
      CYCLIST      0.2500,      0.8727,      1.8166,      0.2824,            
          Avg      0.2983,      0.7752,      1.6183,      0.2198,            
2026-08-19 21:26:45,680   INFO  Result is save to /root/wanqinghua/MTR/output/waymo/mtr_voyah_data/mtr_with_qcnet_v1/eval/eval_with_train
2026-08-19 21:26:45,681   INFO  ****************Evaluation done.*****************
epochs:  72%|██████████████████████████████████████████████████████████████████████████████████████████████████████████████████████████████                                                 | 36/50 [2:41:29<1:02:58, 269.86s/it]
2026-08-19 21:26:47,119   INFO  epoch: 36/50, acc_iter=19405, cur_iter=0/539, batch_size=8, iter_cost=0.85s, time_cost(epoch): 00:00/07:40, time_cost(all): 2:41:30/1:47:24, ade_TYPE_VEHICLE_layer_5=0.549, ade_TYPE_PEDESTRIAN_layer_5=0.107, ade_TYPE_CYCLIST_layer_5=0.882, loss=119.122, lr=6.25e-06
2026-08-19 21:27:08,674   INFO  epoch: 36/50, acc_iter=19450, cur_iter=45/539, batch_size=8, iter_cost=0.49s, time_cost(epoch): 00:22/04:00, time_cost(all): 2:41:52/1:00:54, ade_TYPE_VEHICLE_layer_5=0.447, ade_TYPE_PEDESTRIAN_layer_5=0.150, ade_TYPE_CYCLIST_layer_5=-0.000, loss=-22.377, lr=6.25e-06
2026-08-19 21:27:32,828   INFO  epoch: 36/50, acc_iter=19500, cur_iter=95/539, batch_size=8, iter_cost=0.49s, time_cost(epoch): 00:46/03:35, time_cost(all): 2:42:16/1:00:13, ade_TYPE_VEHICLE_layer_5=0.401, ade_TYPE_PEDESTRIAN_layer_5=0.157, ade_TYPE_CYCLIST_layer_5=-0.000, loss=35.364, lr=6.25e-06
2026-08-19 21:27:56,733   INFO  epoch: 36/50, acc_iter=19550, cur_iter=145/539, batch_size=8, iter_cost=0.48s, time_cost(epoch): 01:10/03:10, time_cost(all): 2:42:40/59:32, ade_TYPE_VEHICLE_layer_5=0.498, ade_TYPE_PEDESTRIAN_layer_5=0.277, ade_TYPE_CYCLIST_layer_5=-0.000, loss=50.773, lr=6.25e-06
2026-08-19 21:28:20,440   INFO  epoch: 36/50, acc_iter=19600, cur_iter=195/539, batch_size=8, iter_cost=0.48s, time_cost(epoch): 01:34/02:45, time_cost(all): 2:43:04/58:52, ade_TYPE_VEHICLE_layer_5=0.398, ade_TYPE_PEDESTRIAN_layer_5=0.202, ade_TYPE_CYCLIST_layer_5=-0.000, loss=8.017, lr=6.25e-06
2026-08-19 21:28:44,614   INFO  epoch: 36/50, acc_iter=19650, cur_iter=245/539, batch_size=8, iter_cost=0.48s, time_cost(epoch): 01:58/02:21, time_cost(all): 2:43:28/58:32, ade_TYPE_VEHICLE_layer_5=0.424, ade_TYPE_PEDESTRIAN_layer_5=0.085, ade_TYPE_CYCLIST_layer_5=0.466, loss=-24.929, lr=6.25e-06
2026-08-19 21:29:08,488   INFO  epoch: 36/50, acc_iter=19700, cur_iter=295/539, batch_size=8, iter_cost=0.48s, time_cost(epoch): 02:22/01:57, time_cost(all): 2:43:52/58:03, ade_TYPE_VEHICLE_layer_5=0.483, ade_TYPE_PEDESTRIAN_layer_5=0.352, ade_TYPE_CYCLIST_layer_5=0.260, loss=56.267, lr=6.25e-06
2026-08-19 21:29:32,777   INFO  epoch: 36/50, acc_iter=19750, cur_iter=345/539, batch_size=8, iter_cost=0.48s, time_cost(epoch): 02:46/01:33, time_cost(all): 2:44:16/57:45, ade_TYPE_VEHICLE_layer_5=0.348, ade_TYPE_PEDESTRIAN_layer_5=0.288, ade_TYPE_CYCLIST_layer_5=0.929, loss=-17.685, lr=6.25e-06
2026-08-19 21:29:56,955   INFO  epoch: 36/50, acc_iter=19800, cur_iter=395/539, batch_size=8, iter_cost=0.48s, time_cost(epoch): 03:10/01:09, time_cost(all): 2:44:40/57:23, ade_TYPE_VEHICLE_layer_5=0.432, ade_TYPE_PEDESTRIAN_layer_5=0.470, ade_TYPE_CYCLIST_layer_5=1.421, loss=117.589, lr=6.25e-06
2026-08-19 21:30:21,089   INFO  epoch: 36/50, acc_iter=19850, cur_iter=445/539, batch_size=8, iter_cost=0.48s, time_cost(epoch): 03:34/00:45, time_cost(all): 2:45:04/57:00, ade_TYPE_VEHICLE_layer_5=0.467, ade_TYPE_PEDESTRIAN_layer_5=0.134, ade_TYPE_CYCLIST_layer_5=0.204, loss=97.376, lr=6.25e-06
2026-08-19 21:30:45,565   INFO  epoch: 36/50, acc_iter=19900, cur_iter=495/539, batch_size=8, iter_cost=0.48s, time_cost(epoch): 03:59/00:21, time_cost(all): 2:45:29/56:41, ade_TYPE_VEHICLE_layer_5=0.427, ade_TYPE_PEDESTRIAN_layer_5=0.172, ade_TYPE_CYCLIST_layer_5=0.186, loss=41.033, lr=6.25e-06
2026-08-19 21:31:05,125   INFO  epoch: 36/50, acc_iter=19943, cur_iter=538/539, batch_size=4, iter_cost=0.48s, time_cost(epoch): 04:18/00:00, time_cost(all): 2:45:48/56:05, ade_TYPE_VEHICLE_layer_5=0.660, ade_TYPE_PEDESTRIAN_layer_5=-0.000, ade_TYPE_CYCLIST_layer_5=-0.000, loss=123.108, lr=6.25e-06
epochs:  74%|██████████████████████████████████████████████████████████████████████████████████████████████████████████████████████████████████▉                                              | 37/50 [2:45:49<57:47, 266.76s/it]
2026-08-19 21:31:06,816   INFO  epoch: 37/50, acc_iter=19944, cur_iter=0/539, batch_size=8, iter_cost=0.88s, time_cost(epoch): 00:00/07:53, time_cost(all): 2:45:50/1:42:33, ade_TYPE_VEHICLE_layer_5=0.394, ade_TYPE_PEDESTRIAN_layer_5=0.170, ade_TYPE_CYCLIST_layer_5=0.478, loss=3.834, lr=6.25e-06
2026-08-19 21:31:09,575   INFO  epoch: 37/50, acc_iter=19950, cur_iter=6/539, batch_size=8, iter_cost=0.52s, time_cost(epoch): 00:03/04:36, time_cost(all): 2:45:53/1:00:37, ade_TYPE_VEHICLE_layer_5=0.490, ade_TYPE_PEDESTRIAN_layer_5=0.322, ade_TYPE_CYCLIST_layer_5=-0.000, loss=35.816, lr=6.25e-06
2026-08-19 21:31:34,216   INFO  epoch: 37/50, acc_iter=20000, cur_iter=56/539, batch_size=8, iter_cost=0.50s, time_cost(epoch): 00:28/03:59, time_cost(all): 2:46:18/57:28, ade_TYPE_VEHICLE_layer_5=0.382, ade_TYPE_PEDESTRIAN_layer_5=0.102, ade_TYPE_CYCLIST_layer_5=0.716, loss=89.367, lr=6.25e-06
2026-08-19 21:31:58,170   INFO  epoch: 37/50, acc_iter=20050, cur_iter=106/539, batch_size=8, iter_cost=0.49s, time_cost(epoch): 00:52/03:31, time_cost(all): 2:46:41/56:08, ade_TYPE_VEHICLE_layer_5=0.416, ade_TYPE_PEDESTRIAN_layer_5=0.847, ade_TYPE_CYCLIST_layer_5=2.109, loss=49.761, lr=6.25e-06
2026-08-19 21:32:21,807   INFO  epoch: 37/50, acc_iter=20100, cur_iter=156/539, batch_size=8, iter_cost=0.48s, time_cost(epoch): 01:15/03:05, time_cost(all): 2:47:05/55:10, ade_TYPE_VEHICLE_layer_5=0.416, ade_TYPE_PEDESTRIAN_layer_5=0.254, ade_TYPE_CYCLIST_layer_5=0.245, loss=67.163, lr=6.25e-06
2026-08-19 21:32:45,465   INFO  epoch: 37/50, acc_iter=20150, cur_iter=206/539, batch_size=8, iter_cost=0.48s, time_cost(epoch): 01:39/02:40, time_cost(all): 2:47:29/54:29, ade_TYPE_VEHICLE_layer_5=0.354, ade_TYPE_PEDESTRIAN_layer_5=0.250, ade_TYPE_CYCLIST_layer_5=-0.000, loss=-10.503, lr=6.25e-06
2026-08-19 21:33:09,159   INFO  epoch: 37/50, acc_iter=20200, cur_iter=256/539, batch_size=8, iter_cost=0.48s, time_cost(epoch): 02:03/02:15, time_cost(all): 2:47:52/53:56, ade_TYPE_VEHICLE_layer_5=0.418, ade_TYPE_PEDESTRIAN_layer_5=0.135, ade_TYPE_CYCLIST_layer_5=-0.000, loss=7.694, lr=6.25e-06
2026-08-19 21:33:33,471   INFO  epoch: 37/50, acc_iter=20250, cur_iter=306/539, batch_size=8, iter_cost=0.48s, time_cost(epoch): 02:27/01:51, time_cost(all): 2:48:17/53:40, ade_TYPE_VEHICLE_layer_5=0.395, ade_TYPE_PEDESTRIAN_layer_5=0.133, ade_TYPE_CYCLIST_layer_5=0.290, loss=-9.902, lr=6.25e-06
2026-08-19 21:33:57,004   INFO  epoch: 37/50, acc_iter=20300, cur_iter=356/539, batch_size=8, iter_cost=0.48s, time_cost(epoch): 02:51/01:27, time_cost(all): 2:48:40/53:07, ade_TYPE_VEHICLE_layer_5=0.362, ade_TYPE_PEDESTRIAN_layer_5=0.125, ade_TYPE_CYCLIST_layer_5=0.164, loss=30.510, lr=6.25e-06
2026-08-19 21:34:21,236   INFO  epoch: 37/50, acc_iter=20350, cur_iter=406/539, batch_size=8, iter_cost=0.48s, time_cost(epoch): 03:15/01:03, time_cost(all): 2:49:05/52:47, ade_TYPE_VEHICLE_layer_5=0.354, ade_TYPE_PEDESTRIAN_layer_5=0.118, ade_TYPE_CYCLIST_layer_5=0.524, loss=10.632, lr=6.25e-06
2026-08-19 21:34:45,615   INFO  epoch: 37/50, acc_iter=20400, cur_iter=456/539, batch_size=8, iter_cost=0.48s, time_cost(epoch): 03:39/00:39, time_cost(all): 2:49:29/52:29, ade_TYPE_VEHICLE_layer_5=0.368, ade_TYPE_PEDESTRIAN_layer_5=0.329, ade_TYPE_CYCLIST_layer_5=0.160, loss=20.890, lr=6.25e-06
2026-08-19 21:35:09,611   INFO  epoch: 37/50, acc_iter=20450, cur_iter=506/539, batch_size=8, iter_cost=0.48s, time_cost(epoch): 04:03/00:15, time_cost(all): 2:49:53/52:04, ade_TYPE_VEHICLE_layer_5=0.575, ade_TYPE_PEDESTRIAN_layer_5=0.046, ade_TYPE_CYCLIST_layer_5=-0.000, loss=51.818, lr=6.25e-06
2026-08-19 21:35:24,318   INFO  epoch: 37/50, acc_iter=20482, cur_iter=538/539, batch_size=4, iter_cost=0.48s, time_cost(epoch): 04:18/00:00, time_cost(all): 2:50:08/51:41, ade_TYPE_VEHICLE_layer_5=1.103, ade_TYPE_PEDESTRIAN_layer_5=-0.000, ade_TYPE_CYCLIST_layer_5=0.261, loss=221.384, lr=6.25e-06
2026-08-19 21:35:25,910   INFO  ==> Eval with EMA weights (epoch 38)
2026-08-19 21:35:26,020   INFO  *************** EPOCH 38 EVALUATION *****************
2026-08-19 21:35:26,887   INFO  eval: epoch=38, batch_iter=0/79, batch_size=8, iter_cost=0.86s, time_cost: 00:00/01:08, 
2026-08-19 21:35:28,030   INFO  eval: epoch=38, batch_iter=10/79, batch_size=8, iter_cost=0.20s, time_cost: 00:02/00:13, 
2026-08-19 21:35:29,214   INFO  eval: epoch=38, batch_iter=20/79, batch_size=8, iter_cost=0.16s, time_cost: 00:03/00:09, 
2026-08-19 21:35:30,395   INFO  eval: epoch=38, batch_iter=30/79, batch_size=8, iter_cost=0.15s, time_cost: 00:04/00:07, 
2026-08-19 21:35:31,598   INFO  eval: epoch=38, batch_iter=40/79, batch_size=8, iter_cost=0.14s, time_cost: 00:05/00:05, 
2026-08-19 21:35:32,770   INFO  eval: epoch=38, batch_iter=50/79, batch_size=8, iter_cost=0.13s, time_cost: 00:06/00:03, 
2026-08-19 21:35:33,945   INFO  eval: epoch=38, batch_iter=60/79, batch_size=8, iter_cost=0.13s, time_cost: 00:07/00:02, 
2026-08-19 21:35:35,046   INFO  eval: epoch=38, batch_iter=70/79, batch_size=8, iter_cost=0.13s, time_cost: 00:09/00:01, 
2026-08-19 21:35:35,851   INFO  eval: epoch=38, batch_iter=78/79, batch_size=1, iter_cost=0.13s, time_cost: 00:09/00:00, 
eval:   0%|                                                                                                                                                                                               | 0/79 [00:09<?, ?it/s]
2026-08-19 21:35:35,946   INFO  Total number of samples before merging from multiple GPUs: 625
2026-08-19 21:35:36,383   INFO  Total number of samples after merging from multiple GPUs (removing duplicate): 5000
2026-08-19 21:35:36,387   INFO  *************** Performance of EPOCH 38 *****************
2026-08-19 21:35:36,388   INFO  Generate label finished(sec_per_example: 0.0021 second).
Total number for evaluation (intput): 5000
Total number for evaluation (after processed): 22520
Total number for evaluation (intput): 5000
Total number for evaluation (after processed): 22520
Total number for evaluation (intput): 5000
Total number for evaluation (after processed): 22520
2026-08-19 21:35:42,528   INFO  
========== Evaluation @ 3s ==========
minADE - VEHICLE: 0.4424 
minADE - PEDESTRIAN: 0.2238 
minADE - CYCLIST: 0.4163 
minFDE - VEHICLE: 0.8406 
minFDE - PEDESTRIAN: 0.4295 
minFDE - CYCLIST: 0.7870 
MissRate - VEHICLE: 0.2093 
MissRate - PEDESTRIAN: 0.1000 
MissRate - CYCLIST: 0.2734 
OverlapRate - VEHICLE: 0.0073 
OverlapRate - PEDESTRIAN: 0.0627 
OverlapRate - CYCLIST: 0.0246 
mAP - VEHICLE: 0.2596 
mAP - PEDESTRIAN: 0.4698 
mAP - CYCLIST: 0.3665 
minADE: 0.3608 
minFDE: 0.6857 
MissRate: 0.1943 
mAP: 0.3653 
       Waymo          mAP       minADE       minFDE     MissRate            
      VEHICLE      0.2596,      0.4424,      0.8406,      0.2093,            
   PEDESTRIAN      0.4698,      0.2238,      0.4295,      0.1000,            
      CYCLIST      0.3665,      0.4163,      0.7870,      0.2734,            
          Avg      0.3653,      0.3608,      0.6857,      0.1943,            
========== Evaluation @ 5s ==========
minADE - VEHICLE: 0.6739 
minADE - PEDESTRIAN: 0.3265 
minADE - CYCLIST: 0.6126 
minFDE - VEHICLE: 1.3224 
minFDE - PEDESTRIAN: 0.6475 
minFDE - CYCLIST: 1.2256 
MissRate - VEHICLE: 0.2375 
MissRate - PEDESTRIAN: 0.1097 
MissRate - CYCLIST: 0.2819 
OverlapRate - VEHICLE: 0.0165 
OverlapRate - PEDESTRIAN: 0.0698 
OverlapRate - CYCLIST: 0.0318 
mAP - VEHICLE: 0.2774 
mAP - PEDESTRIAN: 0.5246 
mAP - CYCLIST: 0.2672 
minADE: 0.5377 
minFDE: 1.0652 
MissRate: 0.2097 
mAP: 0.3564 
       Waymo          mAP       minADE       minFDE     MissRate            
      VEHICLE      0.2774,      0.6739,      1.3224,      0.2375,            
   PEDESTRIAN      0.5246,      0.3265,      0.6475,      0.1097,            
      CYCLIST      0.2672,      0.6126,      1.2256,      0.2819,            
          Avg      0.3564,      0.5377,      1.0652,      0.2097,            
========== Evaluation @ 8s ==========
minADE - VEHICLE: 1.0047 
minADE - PEDESTRIAN: 0.4609 
minADE - CYCLIST: 0.8756 
minFDE - VEHICLE: 2.0953 
minFDE - PEDESTRIAN: 0.9598 
minFDE - CYCLIST: 1.8226 
MissRate - VEHICLE: 0.2636 
MissRate - PEDESTRIAN: 0.1214 
MissRate - CYCLIST: 0.2832 
OverlapRate - VEHICLE: 0.0319 
OverlapRate - PEDESTRIAN: 0.0768 
OverlapRate - CYCLIST: 0.0458 
mAP - VEHICLE: 0.2993 
mAP - PEDESTRIAN: 0.3377 
mAP - CYCLIST: 0.2511 
minADE: 0.7804 
minFDE: 1.6259 
MissRate: 0.2227 
mAP: 0.2960 
       Waymo          mAP       minADE       minFDE     MissRate            
      VEHICLE      0.2993,      1.0047,      2.0953,      0.2636,            
   PEDESTRIAN      0.3377,      0.4609,      0.9598,      0.1214,            
      CYCLIST      0.2511,      0.8756,      1.8226,      0.2832,            
          Avg      0.2960,      0.7804,      1.6259,      0.2227,            
2026-08-19 21:35:42,529   INFO  Result is save to /root/wanqinghua/MTR/output/waymo/mtr_voyah_data/mtr_with_qcnet_v1/eval/eval_with_train
2026-08-19 21:35:42,529   INFO  ****************Evaluation done.*****************
epochs:  76%|██████████████████████████████████████████████████████████████████████████████████████████████████████████████████████████████████████▌                                          | 38/50 [2:50:26<53:59, 269.93s/it]
2026-08-19 21:35:44,108   INFO  epoch: 38/50, acc_iter=20483, cur_iter=0/539, batch_size=8, iter_cost=1.01s, time_cost(epoch): 00:01/09:03, time_cost(all): 2:50:27/1:48:42, ade_TYPE_VEHICLE_layer_5=0.450, ade_TYPE_PEDESTRIAN_layer_5=0.219, ade_TYPE_CYCLIST_layer_5=-0.000, loss=121.680, lr=6.25e-06
2026-08-19 21:35:52,203   INFO  epoch: 38/50, acc_iter=20500, cur_iter=17/539, batch_size=8, iter_cost=0.51s, time_cost(epoch): 00:09/04:24, time_cost(all): 2:50:36/54:22, ade_TYPE_VEHICLE_layer_5=0.456, ade_TYPE_PEDESTRIAN_layer_5=-0.000, ade_TYPE_CYCLIST_layer_5=-0.000, loss=78.141, lr=6.25e-06
2026-08-19 21:36:16,210   INFO  epoch: 38/50, acc_iter=20550, cur_iter=67/539, batch_size=8, iter_cost=0.49s, time_cost(epoch): 00:33/03:49, time_cost(all): 2:51:00/51:56, ade_TYPE_VEHICLE_layer_5=0.408, ade_TYPE_PEDESTRIAN_layer_5=0.179, ade_TYPE_CYCLIST_layer_5=-0.000, loss=57.906, lr=6.25e-06
2026-08-19 21:36:40,196   INFO  epoch: 38/50, acc_iter=20600, cur_iter=117/539, batch_size=8, iter_cost=0.48s, time_cost(epoch): 00:57/03:24, time_cost(all): 2:51:23/51:13, ade_TYPE_VEHICLE_layer_5=0.392, ade_TYPE_PEDESTRIAN_layer_5=0.140, ade_TYPE_CYCLIST_layer_5=0.403, loss=-18.571, lr=6.25e-06
2026-08-19 21:37:04,389   INFO  epoch: 38/50, acc_iter=20650, cur_iter=167/539, batch_size=8, iter_cost=0.48s, time_cost(epoch): 01:21/02:59, time_cost(all): 2:51:48/50:48, ade_TYPE_VEHICLE_layer_5=0.471, ade_TYPE_PEDESTRIAN_layer_5=0.169, ade_TYPE_CYCLIST_layer_5=0.610, loss=41.559, lr=6.25e-06
2026-08-19 21:37:28,227   INFO  epoch: 38/50, acc_iter=20700, cur_iter=217/539, batch_size=8, iter_cost=0.48s, time_cost(epoch): 01:45/02:35, time_cost(all): 2:52:12/50:14, ade_TYPE_VEHICLE_layer_5=0.444, ade_TYPE_PEDESTRIAN_layer_5=0.158, ade_TYPE_CYCLIST_layer_5=0.181, loss=-51.158, lr=6.25e-06
2026-08-19 21:37:52,677   INFO  epoch: 38/50, acc_iter=20750, cur_iter=267/539, batch_size=8, iter_cost=0.48s, time_cost(epoch): 02:09/02:11, time_cost(all): 2:52:36/49:58, ade_TYPE_VEHICLE_layer_5=0.430, ade_TYPE_PEDESTRIAN_layer_5=0.224, ade_TYPE_CYCLIST_layer_5=0.267, loss=-17.942, lr=6.25e-06
2026-08-19 21:38:16,744   INFO  epoch: 38/50, acc_iter=20800, cur_iter=317/539, batch_size=8, iter_cost=0.48s, time_cost(epoch): 02:33/01:47, time_cost(all): 2:53:00/49:31, ade_TYPE_VEHICLE_layer_5=0.440, ade_TYPE_PEDESTRIAN_layer_5=0.283, ade_TYPE_CYCLIST_layer_5=0.183, loss=34.711, lr=6.25e-06
2026-08-19 21:38:41,776   INFO  epoch: 38/50, acc_iter=20850, cur_iter=367/539, batch_size=8, iter_cost=0.49s, time_cost(epoch): 02:58/01:23, time_cost(all): 2:53:25/49:22, ade_TYPE_VEHICLE_layer_5=0.365, ade_TYPE_PEDESTRIAN_layer_5=0.106, ade_TYPE_CYCLIST_layer_5=0.344, loss=20.074, lr=6.25e-06
2026-08-19 21:39:06,142   INFO  epoch: 38/50, acc_iter=20900, cur_iter=417/539, batch_size=8, iter_cost=0.49s, time_cost(epoch): 03:23/00:59, time_cost(all): 2:53:49/48:59, ade_TYPE_VEHICLE_layer_5=0.407, ade_TYPE_PEDESTRIAN_layer_5=0.156, ade_TYPE_CYCLIST_layer_5=0.419, loss=4.244, lr=6.25e-06
2026-08-19 21:39:30,106   INFO  epoch: 38/50, acc_iter=20950, cur_iter=467/539, batch_size=8, iter_cost=0.49s, time_cost(epoch): 03:47/00:34, time_cost(all): 2:54:13/48:30, ade_TYPE_VEHICLE_layer_5=0.333, ade_TYPE_PEDESTRIAN_layer_5=0.225, ade_TYPE_CYCLIST_layer_5=-0.000, loss=40.811, lr=6.25e-06
2026-08-19 21:39:54,112   INFO  epoch: 38/50, acc_iter=21000, cur_iter=517/539, batch_size=8, iter_cost=0.48s, time_cost(epoch): 04:11/00:10, time_cost(all): 2:54:37/48:03, ade_TYPE_VEHICLE_layer_5=0.440, ade_TYPE_PEDESTRIAN_layer_5=0.106, ade_TYPE_CYCLIST_layer_5=-0.000, loss=29.559, lr=6.25e-06
2026-08-19 21:40:03,890   INFO  epoch: 38/50, acc_iter=21021, cur_iter=538/539, batch_size=4, iter_cost=0.48s, time_cost(epoch): 04:20/00:00, time_cost(all): 2:54:47/47:49, ade_TYPE_VEHICLE_layer_5=0.459, ade_TYPE_PEDESTRIAN_layer_5=0.265, ade_TYPE_CYCLIST_layer_5=0.385, loss=99.836, lr=6.25e-06
epochs:  78%|██████████████████████████████████████████████████████████████████████████████████████████████████████████████████████████████████████████                                       | 39/50 [2:54:47<49:01, 267.39s/it]
2026-08-19 21:40:05,628   INFO  epoch: 39/50, acc_iter=21022, cur_iter=0/539, batch_size=8, iter_cost=0.93s, time_cost(epoch): 00:00/08:19, time_cost(all): 2:54:49/1:31:34, ade_TYPE_VEHICLE_layer_5=0.453, ade_TYPE_PEDESTRIAN_layer_5=0.161, ade_TYPE_CYCLIST_layer_5=-0.000, loss=20.550, lr=6.25e-06
2026-08-19 21:40:18,438   INFO  epoch: 39/50, acc_iter=21050, cur_iter=28/539, batch_size=8, iter_cost=0.47s, time_cost(epoch): 00:13/04:02, time_cost(all): 2:55:02/46:35, ade_TYPE_VEHICLE_layer_5=0.397, ade_TYPE_PEDESTRIAN_layer_5=0.112, ade_TYPE_CYCLIST_layer_5=0.351, loss=-2.081, lr=6.25e-06
2026-08-19 21:40:42,800   INFO  epoch: 39/50, acc_iter=21100, cur_iter=78/539, batch_size=8, iter_cost=0.48s, time_cost(epoch): 00:38/03:42, time_cost(all): 2:55:26/47:01, ade_TYPE_VEHICLE_layer_5=0.414, ade_TYPE_PEDESTRIAN_layer_5=0.143, ade_TYPE_CYCLIST_layer_5=-0.000, loss=70.642, lr=6.25e-06
2026-08-19 21:41:05,837   INFO  epoch: 39/50, acc_iter=21150, cur_iter=128/539, batch_size=8, iter_cost=0.47s, time_cost(epoch): 01:01/03:14, time_cost(all): 2:55:49/45:49, ade_TYPE_VEHICLE_layer_5=0.443, ade_TYPE_PEDESTRIAN_layer_5=0.358, ade_TYPE_CYCLIST_layer_5=0.632, loss=91.235, lr=6.25e-06
2026-08-19 21:41:30,013   INFO  epoch: 39/50, acc_iter=21200, cur_iter=178/539, batch_size=8, iter_cost=0.48s, time_cost(epoch): 01:25/02:52, time_cost(all): 2:56:13/45:40, ade_TYPE_VEHICLE_layer_5=0.364, ade_TYPE_PEDESTRIAN_layer_5=0.179, ade_TYPE_CYCLIST_layer_5=0.219, loss=13.442, lr=6.25e-06
2026-08-19 21:41:53,548   INFO  epoch: 39/50, acc_iter=21250, cur_iter=228/539, batch_size=8, iter_cost=0.48s, time_cost(epoch): 01:48/02:27, time_cost(all): 2:56:37/45:09, ade_TYPE_VEHICLE_layer_5=0.407, ade_TYPE_PEDESTRIAN_layer_5=0.173, ade_TYPE_CYCLIST_layer_5=-0.000, loss=12.257, lr=6.25e-06
2026-08-19 21:42:17,355   INFO  epoch: 39/50, acc_iter=21300, cur_iter=278/539, batch_size=8, iter_cost=0.48s, time_cost(epoch): 02:12/02:04, time_cost(all): 2:57:01/44:46, ade_TYPE_VEHICLE_layer_5=0.385, ade_TYPE_PEDESTRIAN_layer_5=0.410, ade_TYPE_CYCLIST_layer_5=0.300, loss=32.268, lr=6.25e-06
2026-08-19 21:42:41,340   INFO  epoch: 39/50, acc_iter=21350, cur_iter=328/539, batch_size=8, iter_cost=0.48s, time_cost(epoch): 02:36/01:40, time_cost(all): 2:57:25/44:26, ade_TYPE_VEHICLE_layer_5=0.391, ade_TYPE_PEDESTRIAN_layer_5=0.308, ade_TYPE_CYCLIST_layer_5=0.237, loss=-8.769, lr=6.25e-06
2026-08-19 21:43:04,712   INFO  epoch: 39/50, acc_iter=21400, cur_iter=378/539, batch_size=8, iter_cost=0.47s, time_cost(epoch): 03:00/01:16, time_cost(all): 2:57:48/43:56, ade_TYPE_VEHICLE_layer_5=0.429, ade_TYPE_PEDESTRIAN_layer_5=0.323, ade_TYPE_CYCLIST_layer_5=-0.000, loss=26.926, lr=6.25e-06
2026-08-19 21:43:29,259   INFO  epoch: 39/50, acc_iter=21450, cur_iter=428/539, batch_size=8, iter_cost=0.48s, time_cost(epoch): 03:24/00:52, time_cost(all): 2:58:13/43:43, ade_TYPE_VEHICLE_layer_5=0.394, ade_TYPE_PEDESTRIAN_layer_5=0.131, ade_TYPE_CYCLIST_layer_5=0.179, loss=8.981, lr=6.25e-06
2026-08-19 21:43:52,588   INFO  epoch: 39/50, acc_iter=21500, cur_iter=478/539, batch_size=8, iter_cost=0.48s, time_cost(epoch): 03:47/00:29, time_cost(all): 2:58:36/43:13, ade_TYPE_VEHICLE_layer_5=0.347, ade_TYPE_PEDESTRIAN_layer_5=0.433, ade_TYPE_CYCLIST_layer_5=-0.000, loss=-28.399, lr=6.25e-06
2026-08-19 21:44:16,899   INFO  epoch: 39/50, acc_iter=21550, cur_iter=528/539, batch_size=8, iter_cost=0.48s, time_cost(epoch): 04:12/00:05, time_cost(all): 2:59:00/42:54, ade_TYPE_VEHICLE_layer_5=0.368, ade_TYPE_PEDESTRIAN_layer_5=0.113, ade_TYPE_CYCLIST_layer_5=0.302, loss=-31.757, lr=6.25e-06
2026-08-19 21:44:21,397   INFO  epoch: 39/50, acc_iter=21560, cur_iter=538/539, batch_size=4, iter_cost=0.48s, time_cost(epoch): 04:16/00:00, time_cost(all): 2:59:05/42:47, ade_TYPE_VEHICLE_layer_5=0.372, ade_TYPE_PEDESTRIAN_layer_5=-0.000, ade_TYPE_CYCLIST_layer_5=-0.000, loss=75.856, lr=6.25e-06
2026-08-19 21:44:22,957   INFO  ==> Eval with EMA weights (epoch 40)
2026-08-19 21:44:23,078   INFO  *************** EPOCH 40 EVALUATION *****************
2026-08-19 21:44:24,035   INFO  eval: epoch=40, batch_iter=0/79, batch_size=8, iter_cost=0.95s, time_cost: 00:00/01:15, 
2026-08-19 21:44:25,171   INFO  eval: epoch=40, batch_iter=10/79, batch_size=8, iter_cost=0.21s, time_cost: 00:02/00:14, 
2026-08-19 21:44:26,338   INFO  eval: epoch=40, batch_iter=20/79, batch_size=8, iter_cost=0.16s, time_cost: 00:03/00:09, 
2026-08-19 21:44:27,518   INFO  eval: epoch=40, batch_iter=30/79, batch_size=8, iter_cost=0.15s, time_cost: 00:04/00:07, 
2026-08-19 21:44:28,717   INFO  eval: epoch=40, batch_iter=40/79, batch_size=8, iter_cost=0.14s, time_cost: 00:05/00:05, 
2026-08-19 21:44:29,883   INFO  eval: epoch=40, batch_iter=50/79, batch_size=8, iter_cost=0.14s, time_cost: 00:06/00:03, 
2026-08-19 21:44:31,059   INFO  eval: epoch=40, batch_iter=60/79, batch_size=8, iter_cost=0.13s, time_cost: 00:07/00:02, 
2026-08-19 21:44:32,172   INFO  eval: epoch=40, batch_iter=70/79, batch_size=8, iter_cost=0.13s, time_cost: 00:09/00:01, 
2026-08-19 21:44:32,980   INFO  eval: epoch=40, batch_iter=78/79, batch_size=1, iter_cost=0.13s, time_cost: 00:09/00:00, 
eval:   0%|                                                                                                                                                                                               | 0/79 [00:09<?, ?it/s]
2026-08-19 21:44:33,081   INFO  Total number of samples before merging from multiple GPUs: 625
2026-08-19 21:44:33,722   INFO  Total number of samples after merging from multiple GPUs (removing duplicate): 5000
2026-08-19 21:44:33,727   INFO  *************** Performance of EPOCH 40 *****************
2026-08-19 21:44:33,727   INFO  Generate label finished(sec_per_example: 0.0021 second).
Total number for evaluation (intput): 5000
Total number for evaluation (after processed): 22520
Total number for evaluation (intput): 5000
Total number for evaluation (after processed): 22520
Total number for evaluation (intput): 5000
Total number for evaluation (after processed): 22520
2026-08-19 21:44:39,956   INFO  
========== Evaluation @ 3s ==========
minADE - VEHICLE: 0.4473 
minADE - PEDESTRIAN: 0.2169 
minADE - CYCLIST: 0.4180 
minFDE - VEHICLE: 0.8444 
minFDE - PEDESTRIAN: 0.4133 
minFDE - CYCLIST: 0.7810 
MissRate - VEHICLE: 0.2111 
MissRate - PEDESTRIAN: 0.0948 
MissRate - CYCLIST: 0.2573 
OverlapRate - VEHICLE: 0.0079 
OverlapRate - PEDESTRIAN: 0.0636 
OverlapRate - CYCLIST: 0.0246 
mAP - VEHICLE: 0.2643 
mAP - PEDESTRIAN: 0.4323 
mAP - CYCLIST: 0.3695 
minADE: 0.3607 
minFDE: 0.6795 
MissRate: 0.1878 
mAP: 0.3554 
       Waymo          mAP       minADE       minFDE     MissRate            
      VEHICLE      0.2643,      0.4473,      0.8444,      0.2111,            
   PEDESTRIAN      0.4323,      0.2169,      0.4133,      0.0948,            
      CYCLIST      0.3695,      0.4180,      0.7810,      0.2573,            
          Avg      0.3554,      0.3607,      0.6795,      0.1878,            
========== Evaluation @ 5s ==========
minADE - VEHICLE: 0.6820 
minADE - PEDESTRIAN: 0.3164 
minADE - CYCLIST: 0.6086 
minFDE - VEHICLE: 1.3344 
minFDE - PEDESTRIAN: 0.6282 
minFDE - CYCLIST: 1.1995 
MissRate - VEHICLE: 0.2377 
MissRate - PEDESTRIAN: 0.1026 
MissRate - CYCLIST: 0.2694 
OverlapRate - VEHICLE: 0.0171 
OverlapRate - PEDESTRIAN: 0.0702 
OverlapRate - CYCLIST: 0.0326 
mAP - VEHICLE: 0.2849 
mAP - PEDESTRIAN: 0.5250 
mAP - CYCLIST: 0.2644 
minADE: 0.5356 
minFDE: 1.0541 
MissRate: 0.2033 
mAP: 0.3581 
       Waymo          mAP       minADE       minFDE     MissRate            
      VEHICLE      0.2849,      0.6820,      1.3344,      0.2377,            
   PEDESTRIAN      0.5250,      0.3164,      0.6282,      0.1026,            
      CYCLIST      0.2644,      0.6086,      1.1995,      0.2694,            
          Avg      0.3581,      0.5356,      1.0541,      0.2033,            
========== Evaluation @ 8s ==========
minADE - VEHICLE: 1.0186 
minADE - PEDESTRIAN: 0.4493 
minADE - CYCLIST: 0.8656 
minFDE - VEHICLE: 2.1284 
minFDE - PEDESTRIAN: 0.9374 
minFDE - CYCLIST: 1.7846 
MissRate - VEHICLE: 0.2637 
MissRate - PEDESTRIAN: 0.1167 
MissRate - CYCLIST: 0.2742 
OverlapRate - VEHICLE: 0.0329 
OverlapRate - PEDESTRIAN: 0.0775 
OverlapRate - CYCLIST: 0.0449 
mAP - VEHICLE: 0.2978 
mAP - PEDESTRIAN: 0.3374 
mAP - CYCLIST: 0.2677 
minADE: 0.7778 
minFDE: 1.6168 
MissRate: 0.2182 
mAP: 0.3009 
       Waymo          mAP       minADE       minFDE     MissRate            
      VEHICLE      0.2978,      1.0186,      2.1284,      0.2637,            
   PEDESTRIAN      0.3374,      0.4493,      0.9374,      0.1167,            
      CYCLIST      0.2677,      0.8656,      1.7846,      0.2742,            
          Avg      0.3009,      0.7778,      1.6168,      0.2182,            
2026-08-19 21:44:39,957   INFO  Result is save to /root/wanqinghua/MTR/output/waymo/mtr_voyah_data/mtr_with_qcnet_v1/eval/eval_with_train
2026-08-19 21:44:39,957   INFO  ****************Evaluation done.*****************
epochs:  80%|█████████████████████████████████████████████████████████████████████████████████████████████████████████████████████████████████████████████▌                                   | 40/50 [2:59:23<44:59, 269.96s/it]
2026-08-19 21:44:41,398   INFO  epoch: 40/50, acc_iter=21561, cur_iter=0/539, batch_size=8, iter_cost=0.87s, time_cost(epoch): 00:00/07:51, time_cost(all): 2:59:25/1:18:33, ade_TYPE_VEHICLE_layer_5=0.362, ade_TYPE_PEDESTRIAN_layer_5=0.100, ade_TYPE_CYCLIST_layer_5=0.364, loss=27.985, lr=6.25e-06
2026-08-19 21:44:59,740   INFO  epoch: 40/50, acc_iter=21600, cur_iter=39/539, batch_size=8, iter_cost=0.48s, time_cost(epoch): 00:19/04:00, time_cost(all): 2:59:43/42:50, ade_TYPE_VEHICLE_layer_5=0.432, ade_TYPE_PEDESTRIAN_layer_5=0.240, ade_TYPE_CYCLIST_layer_5=0.297, loss=51.297, lr=6.25e-06
2026-08-19 21:45:23,412   INFO  epoch: 40/50, acc_iter=21650, cur_iter=89/539, batch_size=8, iter_cost=0.48s, time_cost(epoch): 00:42/03:34, time_cost(all): 3:00:07/42:06, ade_TYPE_VEHICLE_layer_5=0.425, ade_TYPE_PEDESTRIAN_layer_5=0.217, ade_TYPE_CYCLIST_layer_5=-0.000, loss=60.748, lr=6.25e-06
2026-08-19 21:45:47,146   INFO  epoch: 40/50, acc_iter=21700, cur_iter=139/539, batch_size=8, iter_cost=0.48s, time_cost(epoch): 01:06/03:10, time_cost(all): 3:00:30/41:38, ade_TYPE_VEHICLE_layer_5=0.409, ade_TYPE_PEDESTRIAN_layer_5=0.209, ade_TYPE_CYCLIST_layer_5=-0.000, loss=-16.442, lr=6.25e-06
2026-08-19 21:46:11,541   INFO  epoch: 40/50, acc_iter=21750, cur_iter=189/539, batch_size=8, iter_cost=0.48s, time_cost(epoch): 01:31/02:47, time_cost(all): 3:00:55/41:31, ade_TYPE_VEHICLE_layer_5=0.427, ade_TYPE_PEDESTRIAN_layer_5=0.172, ade_TYPE_CYCLIST_layer_5=-0.000, loss=18.822, lr=6.25e-06
2026-08-19 21:46:35,683   INFO  epoch: 40/50, acc_iter=21800, cur_iter=239/539, batch_size=8, iter_cost=0.48s, time_cost(epoch): 01:55/02:23, time_cost(all): 3:01:19/41:11, ade_TYPE_VEHICLE_layer_5=0.369, ade_TYPE_PEDESTRIAN_layer_5=0.314, ade_TYPE_CYCLIST_layer_5=0.240, loss=-6.164, lr=6.25e-06
2026-08-19 21:46:59,949   INFO  epoch: 40/50, acc_iter=21850, cur_iter=289/539, batch_size=8, iter_cost=0.48s, time_cost(epoch): 02:19/02:00, time_cost(all): 3:01:43/40:52, ade_TYPE_VEHICLE_layer_5=0.373, ade_TYPE_PEDESTRIAN_layer_5=0.241, ade_TYPE_CYCLIST_layer_5=0.271, loss=57.896, lr=6.25e-06
2026-08-19 21:47:23,923   INFO  epoch: 40/50, acc_iter=21900, cur_iter=339/539, batch_size=8, iter_cost=0.48s, time_cost(epoch): 02:43/01:36, time_cost(all): 3:02:07/40:27, ade_TYPE_VEHICLE_layer_5=0.364, ade_TYPE_PEDESTRIAN_layer_5=0.071, ade_TYPE_CYCLIST_layer_5=0.204, loss=54.492, lr=6.25e-06
2026-08-19 21:47:48,403   INFO  epoch: 40/50, acc_iter=21950, cur_iter=389/539, batch_size=8, iter_cost=0.48s, time_cost(epoch): 03:07/01:12, time_cost(all): 3:02:32/40:09, ade_TYPE_VEHICLE_layer_5=0.419, ade_TYPE_PEDESTRIAN_layer_5=0.088, ade_TYPE_CYCLIST_layer_5=0.864, loss=78.039, lr=6.25e-06
2026-08-19 21:48:12,634   INFO  epoch: 40/50, acc_iter=22000, cur_iter=439/539, batch_size=8, iter_cost=0.48s, time_cost(epoch): 03:32/00:48, time_cost(all): 3:02:56/39:46, ade_TYPE_VEHICLE_layer_5=0.434, ade_TYPE_PEDESTRIAN_layer_5=0.110, ade_TYPE_CYCLIST_layer_5=-0.000, loss=-31.328, lr=6.25e-06
2026-08-19 21:48:36,183   INFO  epoch: 40/50, acc_iter=22050, cur_iter=489/539, batch_size=8, iter_cost=0.48s, time_cost(epoch): 03:55/00:24, time_cost(all): 3:03:19/39:17, ade_TYPE_VEHICLE_layer_5=0.395, ade_TYPE_PEDESTRIAN_layer_5=0.165, ade_TYPE_CYCLIST_layer_5=-0.000, loss=132.237, lr=6.25e-06
2026-08-19 21:48:58,997   INFO  epoch: 40/50, acc_iter=22099, cur_iter=538/539, batch_size=4, iter_cost=0.48s, time_cost(epoch): 04:18/00:00, time_cost(all): 3:03:42/38:46, ade_TYPE_VEHICLE_layer_5=0.303, ade_TYPE_PEDESTRIAN_layer_5=0.139, ade_TYPE_CYCLIST_layer_5=-0.000, loss=-138.438, lr=6.25e-06
2026-08-19 21:49:00,575   INFO  ==> Eval with EMA weights (epoch 41)
2026-08-19 21:49:00,692   INFO  *************** EPOCH 41 EVALUATION *****************
2026-08-19 21:49:01,561   INFO  eval: epoch=41, batch_iter=0/79, batch_size=8, iter_cost=0.87s, time_cost: 00:00/01:08, 
2026-08-19 21:49:02,742   INFO  eval: epoch=41, batch_iter=10/79, batch_size=8, iter_cost=0.20s, time_cost: 00:02/00:14, 
2026-08-19 21:49:03,922   INFO  eval: epoch=41, batch_iter=20/79, batch_size=8, iter_cost=0.16s, time_cost: 00:03/00:09, 
2026-08-19 21:49:05,096   INFO  eval: epoch=41, batch_iter=30/79, batch_size=8, iter_cost=0.15s, time_cost: 00:04/00:07, 
2026-08-19 21:49:06,297   INFO  eval: epoch=41, batch_iter=40/79, batch_size=8, iter_cost=0.14s, time_cost: 00:05/00:05, 
2026-08-19 21:49:07,476   INFO  eval: epoch=41, batch_iter=50/79, batch_size=8, iter_cost=0.14s, time_cost: 00:06/00:03, 
2026-08-19 21:49:08,662   INFO  eval: epoch=41, batch_iter=60/79, batch_size=8, iter_cost=0.13s, time_cost: 00:07/00:02, 
2026-08-19 21:49:09,774   INFO  eval: epoch=41, batch_iter=70/79, batch_size=8, iter_cost=0.13s, time_cost: 00:09/00:01, 
2026-08-19 21:49:10,586   INFO  eval: epoch=41, batch_iter=78/79, batch_size=1, iter_cost=0.13s, time_cost: 00:09/00:00, 
eval:   0%|                                                                                                                                                                                               | 0/79 [00:09<?, ?it/s]
2026-08-19 21:49:10,681   INFO  Total number of samples before merging from multiple GPUs: 625
2026-08-19 21:49:11,277   INFO  Total number of samples after merging from multiple GPUs (removing duplicate): 5000
2026-08-19 21:49:11,281   INFO  *************** Performance of EPOCH 41 *****************
2026-08-19 21:49:11,282   INFO  Generate label finished(sec_per_example: 0.0021 second).
Total number for evaluation (intput): 5000
Total number for evaluation (after processed): 22520
Total number for evaluation (intput): 5000
Total number for evaluation (after processed): 22520
Total number for evaluation (intput): 5000
Total number for evaluation (after processed): 22520
2026-08-19 21:49:17,453   INFO  
========== Evaluation @ 3s ==========
minADE - VEHICLE: 0.4376 
minADE - PEDESTRIAN: 0.2199 
minADE - CYCLIST: 0.4174 
minFDE - VEHICLE: 0.8302 
minFDE - PEDESTRIAN: 0.4208 
minFDE - CYCLIST: 0.7865 
MissRate - VEHICLE: 0.2028 
MissRate - PEDESTRIAN: 0.0944 
MissRate - CYCLIST: 0.2675 
OverlapRate - VEHICLE: 0.0067 
OverlapRate - PEDESTRIAN: 0.0631 
OverlapRate - CYCLIST: 0.0203 
mAP - VEHICLE: 0.2784 
mAP - PEDESTRIAN: 0.4310 
mAP - CYCLIST: 0.3811 
minADE: 0.3583 
minFDE: 0.6792 
MissRate: 0.1883 
mAP: 0.3635 
       Waymo          mAP       minADE       minFDE     MissRate            
      VEHICLE      0.2784,      0.4376,      0.8302,      0.2028,            
   PEDESTRIAN      0.4310,      0.2199,      0.4208,      0.0944,            
      CYCLIST      0.3811,      0.4174,      0.7865,      0.2675,            
          Avg      0.3635,      0.3583,      0.6792,      0.1883,            
========== Evaluation @ 5s ==========
minADE - VEHICLE: 0.6692 
minADE - PEDESTRIAN: 0.3214 
minADE - CYCLIST: 0.6102 
minFDE - VEHICLE: 1.3187 
minFDE - PEDESTRIAN: 0.6396 
minFDE - CYCLIST: 1.2041 
MissRate - VEHICLE: 0.2314 
MissRate - PEDESTRIAN: 0.1069 
MissRate - CYCLIST: 0.2767 
OverlapRate - VEHICLE: 0.0162 
OverlapRate - PEDESTRIAN: 0.0702 
OverlapRate - CYCLIST: 0.0282 
mAP - VEHICLE: 0.2973 
mAP - PEDESTRIAN: 0.5192 
mAP - CYCLIST: 0.2602 
minADE: 0.5336 
minFDE: 1.0541 
MissRate: 0.2050 
mAP: 0.3589 
       Waymo          mAP       minADE       minFDE     MissRate            
      VEHICLE      0.2973,      0.6692,      1.3187,      0.2314,            
   PEDESTRIAN      0.5192,      0.3214,      0.6396,      0.1069,            
      CYCLIST      0.2602,      0.6102,      1.2041,      0.2767,            
          Avg      0.3589,      0.5336,      1.0541,      0.2050,            
========== Evaluation @ 8s ==========
minADE - VEHICLE: 1.0046 
minADE - PEDESTRIAN: 0.4558 
minADE - CYCLIST: 0.8705 
minFDE - VEHICLE: 2.1151 
minFDE - PEDESTRIAN: 0.9524 
minFDE - CYCLIST: 1.8233 
MissRate - VEHICLE: 0.2593 
MissRate - PEDESTRIAN: 0.1215 
MissRate - CYCLIST: 0.2810 
OverlapRate - VEHICLE: 0.0320 
OverlapRate - PEDESTRIAN: 0.0771 
OverlapRate - CYCLIST: 0.0425 
mAP - VEHICLE: 0.3081 
mAP - PEDESTRIAN: 0.3377 
mAP - CYCLIST: 0.2505 
minADE: 0.7770 
minFDE: 1.6303 
MissRate: 0.2206 
mAP: 0.2988 
       Waymo          mAP       minADE       minFDE     MissRate            
      VEHICLE      0.3081,      1.0046,      2.1151,      0.2593,            
   PEDESTRIAN      0.3377,      0.4558,      0.9524,      0.1215,            
      CYCLIST      0.2505,      0.8705,      1.8233,      0.2810,            
          Avg      0.2988,      0.7770,      1.6303,      0.2206,            
2026-08-19 21:49:17,454   INFO  Result is save to /root/wanqinghua/MTR/output/waymo/mtr_voyah_data/mtr_with_qcnet_v1/eval/eval_with_train
2026-08-19 21:49:17,454   INFO  ****************Evaluation done.*****************
epochs:  82%|█████████████████████████████████████████████████████████████████████████████████████████████████████████████████████████████████████████████████▏                               | 41/50 [3:04:01<40:49, 272.22s/it]
2026-08-19 21:49:18,980   INFO  epoch: 41/50, acc_iter=22100, cur_iter=0/539, batch_size=8, iter_cost=0.94s, time_cost(epoch): 00:00/08:27, time_cost(all): 3:04:02/1:16:11, ade_TYPE_VEHICLE_layer_5=0.338, ade_TYPE_PEDESTRIAN_layer_5=0.148, ade_TYPE_CYCLIST_layer_5=0.355, loss=-50.431, lr=6.25e-06
2026-08-19 21:49:43,005   INFO  epoch: 41/50, acc_iter=22150, cur_iter=50/539, batch_size=8, iter_cost=0.49s, time_cost(epoch): 00:24/03:59, time_cost(all): 3:04:26/39:10, ade_TYPE_VEHICLE_layer_5=0.605, ade_TYPE_PEDESTRIAN_layer_5=0.169, ade_TYPE_CYCLIST_layer_5=0.380, loss=85.764, lr=6.25e-06
2026-08-19 21:50:07,102   INFO  epoch: 41/50, acc_iter=22200, cur_iter=100/539, batch_size=8, iter_cost=0.49s, time_cost(epoch): 00:49/03:33, time_cost(all): 3:04:50/38:27, ade_TYPE_VEHICLE_layer_5=0.403, ade_TYPE_PEDESTRIAN_layer_5=0.163, ade_TYPE_CYCLIST_layer_5=-0.000, loss=-18.388, lr=6.25e-06
2026-08-19 21:50:31,050   INFO  epoch: 41/50, acc_iter=22250, cur_iter=150/539, batch_size=8, iter_cost=0.48s, time_cost(epoch): 01:13/03:08, time_cost(all): 3:05:14/37:53, ade_TYPE_VEHICLE_layer_5=0.501, ade_TYPE_PEDESTRIAN_layer_5=0.209, ade_TYPE_CYCLIST_layer_5=-0.000, loss=78.769, lr=6.25e-06
2026-08-19 21:50:55,437   INFO  epoch: 41/50, acc_iter=22300, cur_iter=200/539, batch_size=8, iter_cost=0.48s, time_cost(epoch): 01:37/02:44, time_cost(all): 3:05:39/37:33, ade_TYPE_VEHICLE_layer_5=0.529, ade_TYPE_PEDESTRIAN_layer_5=-0.000, ade_TYPE_CYCLIST_layer_5=0.261, loss=119.722, lr=6.25e-06
2026-08-19 21:51:19,159   INFO  epoch: 41/50, acc_iter=22350, cur_iter=250/539, batch_size=8, iter_cost=0.48s, time_cost(epoch): 02:01/02:19, time_cost(all): 3:06:02/37:00, ade_TYPE_VEHICLE_layer_5=0.516, ade_TYPE_PEDESTRIAN_layer_5=0.352, ade_TYPE_CYCLIST_layer_5=0.437, loss=125.923, lr=6.25e-06
2026-08-19 21:51:43,338   INFO  epoch: 41/50, acc_iter=22400, cur_iter=300/539, batch_size=8, iter_cost=0.48s, time_cost(epoch): 02:25/01:55, time_cost(all): 3:06:27/36:36, ade_TYPE_VEHICLE_layer_5=0.359, ade_TYPE_PEDESTRIAN_layer_5=0.314, ade_TYPE_CYCLIST_layer_5=0.159, loss=13.965, lr=6.25e-06
2026-08-19 21:52:06,946   INFO  epoch: 41/50, acc_iter=22450, cur_iter=350/539, batch_size=8, iter_cost=0.48s, time_cost(epoch): 02:48/01:30, time_cost(all): 3:06:50/36:05, ade_TYPE_VEHICLE_layer_5=0.458, ade_TYPE_PEDESTRIAN_layer_5=0.199, ade_TYPE_CYCLIST_layer_5=1.001, loss=60.494, lr=6.25e-06
2026-08-19 21:52:30,746   INFO  epoch: 41/50, acc_iter=22500, cur_iter=400/539, batch_size=8, iter_cost=0.48s, time_cost(epoch): 03:12/01:06, time_cost(all): 3:07:14/35:39, ade_TYPE_VEHICLE_layer_5=0.425, ade_TYPE_PEDESTRIAN_layer_5=0.072, ade_TYPE_CYCLIST_layer_5=0.521, loss=74.953, lr=6.25e-06
2026-08-19 21:52:54,619   INFO  epoch: 41/50, acc_iter=22550, cur_iter=450/539, batch_size=8, iter_cost=0.48s, time_cost(epoch): 03:36/00:42, time_cost(all): 3:07:38/35:13, ade_TYPE_VEHICLE_layer_5=0.414, ade_TYPE_PEDESTRIAN_layer_5=0.248, ade_TYPE_CYCLIST_layer_5=0.375, loss=-26.486, lr=6.25e-06
2026-08-19 21:53:18,660   INFO  epoch: 41/50, acc_iter=22600, cur_iter=500/539, batch_size=8, iter_cost=0.48s, time_cost(epoch): 04:00/00:18, time_cost(all): 3:08:02/34:49, ade_TYPE_VEHICLE_layer_5=0.363, ade_TYPE_PEDESTRIAN_layer_5=0.352, ade_TYPE_CYCLIST_layer_5=0.347, loss=-2.333, lr=6.25e-06
2026-08-19 21:53:36,666   INFO  epoch: 41/50, acc_iter=22638, cur_iter=538/539, batch_size=4, iter_cost=0.48s, time_cost(epoch): 04:18/00:00, time_cost(all): 3:08:20/34:29, ade_TYPE_VEHICLE_layer_5=0.380, ade_TYPE_PEDESTRIAN_layer_5=0.184, ade_TYPE_CYCLIST_layer_5=-0.000, loss=-22.949, lr=6.25e-06
2026-08-19 21:53:38,247   INFO  ==> Eval with EMA weights (epoch 42)
2026-08-19 21:53:38,359   INFO  *************** EPOCH 42 EVALUATION *****************
2026-08-19 21:53:39,292   INFO  eval: epoch=42, batch_iter=0/79, batch_size=8, iter_cost=0.93s, time_cost: 00:00/01:13, 
2026-08-19 21:53:40,483   INFO  eval: epoch=42, batch_iter=10/79, batch_size=8, iter_cost=0.21s, time_cost: 00:02/00:14, 
2026-08-19 21:53:41,657   INFO  eval: epoch=42, batch_iter=20/79, batch_size=8, iter_cost=0.16s, time_cost: 00:03/00:09, 
2026-08-19 21:53:42,854   INFO  eval: epoch=42, batch_iter=30/79, batch_size=8, iter_cost=0.15s, time_cost: 00:04/00:07, 
2026-08-19 21:53:44,060   INFO  eval: epoch=42, batch_iter=40/79, batch_size=8, iter_cost=0.14s, time_cost: 00:05/00:05, 
2026-08-19 21:53:45,232   INFO  eval: epoch=42, batch_iter=50/79, batch_size=8, iter_cost=0.14s, time_cost: 00:06/00:03, 
2026-08-19 21:53:46,406   INFO  eval: epoch=42, batch_iter=60/79, batch_size=8, iter_cost=0.13s, time_cost: 00:08/00:02, 
2026-08-19 21:53:47,515   INFO  eval: epoch=42, batch_iter=70/79, batch_size=8, iter_cost=0.13s, time_cost: 00:09/00:01, 
2026-08-19 21:53:48,325   INFO  eval: epoch=42, batch_iter=78/79, batch_size=1, iter_cost=0.13s, time_cost: 00:09/00:00, 
eval:   0%|                                                                                                                                                                                               | 0/79 [00:10<?, ?it/s]
2026-08-19 21:53:48,421   INFO  Total number of samples before merging from multiple GPUs: 625
2026-08-19 21:53:48,947   INFO  Total number of samples after merging from multiple GPUs (removing duplicate): 5000
2026-08-19 21:53:48,952   INFO  *************** Performance of EPOCH 42 *****************
2026-08-19 21:53:48,952   INFO  Generate label finished(sec_per_example: 0.0021 second).
Total number for evaluation (intput): 5000
Total number for evaluation (after processed): 22520
Total number for evaluation (intput): 5000
Total number for evaluation (after processed): 22520
Total number for evaluation (intput): 5000
Total number for evaluation (after processed): 22520
2026-08-19 21:53:55,160   INFO  
========== Evaluation @ 3s ==========
minADE - VEHICLE: 0.4428 
minADE - PEDESTRIAN: 0.2209 
minADE - CYCLIST: 0.4268 
minFDE - VEHICLE: 0.8280 
minFDE - PEDESTRIAN: 0.4240 
minFDE - CYCLIST: 0.8013 
MissRate - VEHICLE: 0.2023 
MissRate - PEDESTRIAN: 0.0987 
MissRate - CYCLIST: 0.2646 
OverlapRate - VEHICLE: 0.0077 
OverlapRate - PEDESTRIAN: 0.0648 
OverlapRate - CYCLIST: 0.0246 
mAP - VEHICLE: 0.2898 
mAP - PEDESTRIAN: 0.5046 
mAP - CYCLIST: 0.3614 
minADE: 0.3635 
minFDE: 0.6844 
MissRate: 0.1885 
mAP: 0.3853 
       Waymo          mAP       minADE       minFDE     MissRate            
      VEHICLE      0.2898,      0.4428,      0.8280,      0.2023,            
   PEDESTRIAN      0.5046,      0.2209,      0.4240,      0.0987,            
      CYCLIST      0.3614,      0.4268,      0.8013,      0.2646,            
          Avg      0.3853,      0.3635,      0.6844,      0.1885,            
========== Evaluation @ 5s ==========
minADE - VEHICLE: 0.6734 
minADE - PEDESTRIAN: 0.3230 
minADE - CYCLIST: 0.6222 
minFDE - VEHICLE: 1.3075 
minFDE - PEDESTRIAN: 0.6434 
minFDE - CYCLIST: 1.2318 
MissRate - VEHICLE: 0.2273 
MissRate - PEDESTRIAN: 0.1068 
MissRate - CYCLIST: 0.2790 
OverlapRate - VEHICLE: 0.0164 
OverlapRate - PEDESTRIAN: 0.0719 
OverlapRate - CYCLIST: 0.0318 
mAP - VEHICLE: 0.3052 
mAP - PEDESTRIAN: 0.5254 
mAP - CYCLIST: 0.2434 
minADE: 0.5395 
minFDE: 1.0609 
MissRate: 0.2043 
mAP: 0.3580 
       Waymo          mAP       minADE       minFDE     MissRate            
      VEHICLE      0.3052,      0.6734,      1.3075,      0.2273,            
   PEDESTRIAN      0.5254,      0.3230,      0.6434,      0.1068,            
      CYCLIST      0.2434,      0.6222,      1.2318,      0.2790,            
          Avg      0.3580,      0.5395,      1.0609,      0.2043,            
========== Evaluation @ 8s ==========
minADE - VEHICLE: 1.0046 
minADE - PEDESTRIAN: 0.4580 
minADE - CYCLIST: 0.8881 
minFDE - VEHICLE: 2.0896 
minFDE - PEDESTRIAN: 0.9536 
minFDE - CYCLIST: 1.8474 
MissRate - VEHICLE: 0.2520 
MissRate - PEDESTRIAN: 0.1188 
MissRate - CYCLIST: 0.2825 
OverlapRate - VEHICLE: 0.0318 
OverlapRate - PEDESTRIAN: 0.0788 
OverlapRate - CYCLIST: 0.0463 
mAP - VEHICLE: 0.3158 
mAP - PEDESTRIAN: 0.3397 
mAP - CYCLIST: 0.2571 
minADE: 0.7835 
minFDE: 1.6302 
MissRate: 0.2177 
mAP: 0.3042 
       Waymo          mAP       minADE       minFDE     MissRate            
      VEHICLE      0.3158,      1.0046,      2.0896,      0.2520,            
   PEDESTRIAN      0.3397,      0.4580,      0.9536,      0.1188,            
      CYCLIST      0.2571,      0.8881,      1.8474,      0.2825,            
          Avg      0.3042,      0.7835,      1.6302,      0.2177,            
2026-08-19 21:53:55,162   INFO  Result is save to /root/wanqinghua/MTR/output/waymo/mtr_voyah_data/mtr_with_qcnet_v1/eval/eval_with_train
2026-08-19 21:53:55,162   INFO  ****************Evaluation done.*****************
epochs:  84%|████████████████████████████████████████████████████████████████████████████████████████████████████████████████████████████████████████████████████▋                            | 42/50 [3:08:39<36:30, 273.87s/it]
2026-08-19 21:53:56,686   INFO  epoch: 42/50, acc_iter=22639, cur_iter=0/539, batch_size=8, iter_cost=0.92s, time_cost(epoch): 00:00/08:17, time_cost(all): 3:08:40/1:06:18, ade_TYPE_VEHICLE_layer_5=0.492, ade_TYPE_PEDESTRIAN_layer_5=0.241, ade_TYPE_CYCLIST_layer_5=-0.000, loss=97.981, lr=6.25e-06
2026-08-19 21:54:01,786   INFO  epoch: 42/50, acc_iter=22650, cur_iter=11/539, batch_size=8, iter_cost=0.50s, time_cost(epoch): 00:06/04:25, time_cost(all): 3:08:45/35:58, ade_TYPE_VEHICLE_layer_5=0.448, ade_TYPE_PEDESTRIAN_layer_5=0.148, ade_TYPE_CYCLIST_layer_5=0.401, loss=24.677, lr=6.25e-06
2026-08-19 21:54:26,402   INFO  epoch: 42/50, acc_iter=22700, cur_iter=61/539, batch_size=8, iter_cost=0.49s, time_cost(epoch): 00:30/03:56, time_cost(all): 3:09:10/35:00, ade_TYPE_VEHICLE_layer_5=0.353, ade_TYPE_PEDESTRIAN_layer_5=0.164, ade_TYPE_CYCLIST_layer_5=0.307, loss=-31.239, lr=6.25e-06
2026-08-19 21:54:50,165   INFO  epoch: 42/50, acc_iter=22750, cur_iter=111/539, batch_size=8, iter_cost=0.49s, time_cost(epoch): 00:54/03:27, time_cost(all): 3:09:33/34:00, ade_TYPE_VEHICLE_layer_5=0.500, ade_TYPE_PEDESTRIAN_layer_5=0.139, ade_TYPE_CYCLIST_layer_5=-0.000, loss=96.149, lr=6.25e-06
2026-08-19 21:55:14,944   INFO  epoch: 42/50, acc_iter=22800, cur_iter=161/539, batch_size=8, iter_cost=0.49s, time_cost(epoch): 01:19/03:04, time_cost(all): 3:09:58/33:48, ade_TYPE_VEHICLE_layer_5=0.504, ade_TYPE_PEDESTRIAN_layer_5=0.205, ade_TYPE_CYCLIST_layer_5=0.465, loss=85.132, lr=6.25e-06
2026-08-19 21:55:39,026   INFO  epoch: 42/50, acc_iter=22850, cur_iter=211/539, batch_size=8, iter_cost=0.49s, time_cost(epoch): 01:43/02:39, time_cost(all): 3:10:22/33:17, ade_TYPE_VEHICLE_layer_5=0.458, ade_TYPE_PEDESTRIAN_layer_5=0.062, ade_TYPE_CYCLIST_layer_5=-0.000, loss=74.544, lr=6.25e-06
2026-08-19 21:56:02,709   INFO  epoch: 42/50, acc_iter=22900, cur_iter=261/539, batch_size=8, iter_cost=0.48s, time_cost(epoch): 02:06/02:14, time_cost(all): 3:10:46/32:42, ade_TYPE_VEHICLE_layer_5=0.458, ade_TYPE_PEDESTRIAN_layer_5=0.161, ade_TYPE_CYCLIST_layer_5=0.230, loss=8.524, lr=6.25e-06
2026-08-19 21:56:27,019   INFO  epoch: 42/50, acc_iter=22950, cur_iter=311/539, batch_size=8, iter_cost=0.48s, time_cost(epoch): 02:31/01:50, time_cost(all): 3:11:10/32:19, ade_TYPE_VEHICLE_layer_5=0.465, ade_TYPE_PEDESTRIAN_layer_5=0.133, ade_TYPE_CYCLIST_layer_5=0.705, loss=80.805, lr=6.25e-06
2026-08-19 21:56:51,042   INFO  epoch: 42/50, acc_iter=23000, cur_iter=361/539, batch_size=8, iter_cost=0.48s, time_cost(epoch): 02:55/01:26, time_cost(all): 3:11:34/31:53, ade_TYPE_VEHICLE_layer_5=0.370, ade_TYPE_PEDESTRIAN_layer_5=0.159, ade_TYPE_CYCLIST_layer_5=0.167, loss=-47.663, lr=6.25e-06
2026-08-19 21:57:15,093   INFO  epoch: 42/50, acc_iter=23050, cur_iter=411/539, batch_size=8, iter_cost=0.48s, time_cost(epoch): 03:19/01:01, time_cost(all): 3:11:58/31:27, ade_TYPE_VEHICLE_layer_5=0.381, ade_TYPE_PEDESTRIAN_layer_5=0.206, ade_TYPE_CYCLIST_layer_5=-0.000, loss=-0.803, lr=6.25e-06
2026-08-19 21:57:38,606   INFO  epoch: 42/50, acc_iter=23100, cur_iter=461/539, batch_size=8, iter_cost=0.48s, time_cost(epoch): 03:42/00:37, time_cost(all): 3:12:22/30:57, ade_TYPE_VEHICLE_layer_5=0.376, ade_TYPE_PEDESTRIAN_layer_5=2.596, ade_TYPE_CYCLIST_layer_5=-0.000, loss=56.216, lr=6.25e-06
2026-08-19 21:58:02,772   INFO  epoch: 42/50, acc_iter=23150, cur_iter=511/539, batch_size=8, iter_cost=0.48s, time_cost(epoch): 04:07/00:13, time_cost(all): 3:12:46/30:33, ade_TYPE_VEHICLE_layer_5=0.362, ade_TYPE_PEDESTRIAN_layer_5=0.134, ade_TYPE_CYCLIST_layer_5=0.399, loss=-54.821, lr=6.25e-06
2026-08-19 21:58:15,095   INFO  epoch: 42/50, acc_iter=23177, cur_iter=538/539, batch_size=4, iter_cost=0.48s, time_cost(epoch): 04:19/00:00, time_cost(all): 3:12:58/30:15, ade_TYPE_VEHICLE_layer_5=0.279, ade_TYPE_PEDESTRIAN_layer_5=-0.000, ade_TYPE_CYCLIST_layer_5=0.668, loss=-23.812, lr=6.25e-06
2026-08-19 21:58:16,714   INFO  ==> Eval with EMA weights (epoch 43)
2026-08-19 21:58:16,832   INFO  *************** EPOCH 43 EVALUATION *****************
2026-08-19 21:58:17,750   INFO  eval: epoch=43, batch_iter=0/79, batch_size=8, iter_cost=0.92s, time_cost: 00:00/01:12, 
2026-08-19 21:58:18,895   INFO  eval: epoch=43, batch_iter=10/79, batch_size=8, iter_cost=0.21s, time_cost: 00:02/00:14, 
2026-08-19 21:58:20,070   INFO  eval: epoch=43, batch_iter=20/79, batch_size=8, iter_cost=0.16s, time_cost: 00:03/00:09, 
2026-08-19 21:58:21,263   INFO  eval: epoch=43, batch_iter=30/79, batch_size=8, iter_cost=0.15s, time_cost: 00:04/00:07, 
2026-08-19 21:58:22,465   INFO  eval: epoch=43, batch_iter=40/79, batch_size=8, iter_cost=0.14s, time_cost: 00:05/00:05, 
2026-08-19 21:58:23,640   INFO  eval: epoch=43, batch_iter=50/79, batch_size=8, iter_cost=0.14s, time_cost: 00:06/00:03, 
2026-08-19 21:58:24,813   INFO  eval: epoch=43, batch_iter=60/79, batch_size=8, iter_cost=0.13s, time_cost: 00:07/00:02, 
2026-08-19 21:58:25,939   INFO  eval: epoch=43, batch_iter=70/79, batch_size=8, iter_cost=0.13s, time_cost: 00:09/00:01, 
2026-08-19 21:58:26,751   INFO  eval: epoch=43, batch_iter=78/79, batch_size=1, iter_cost=0.13s, time_cost: 00:09/00:00, 
eval:   0%|                                                                                                                                                                                               | 0/79 [00:10<?, ?it/s]
2026-08-19 21:58:26,846   INFO  Total number of samples before merging from multiple GPUs: 625
2026-08-19 21:58:27,284   INFO  Total number of samples after merging from multiple GPUs (removing duplicate): 5000
2026-08-19 21:58:27,289   INFO  *************** Performance of EPOCH 43 *****************
2026-08-19 21:58:27,290   INFO  Generate label finished(sec_per_example: 0.0021 second).
Total number for evaluation (intput): 5000
Total number for evaluation (after processed): 22520
Total number for evaluation (intput): 5000
Total number for evaluation (after processed): 22520
Total number for evaluation (intput): 5000
Total number for evaluation (after processed): 22520
2026-08-19 21:58:33,443   INFO  
========== Evaluation @ 3s ==========
minADE - VEHICLE: 0.4462 
minADE - PEDESTRIAN: 0.2221 
minADE - CYCLIST: 0.4190 
minFDE - VEHICLE: 0.8395 
minFDE - PEDESTRIAN: 0.4253 
minFDE - CYCLIST: 0.7878 
MissRate - VEHICLE: 0.2079 
MissRate - PEDESTRIAN: 0.0992 
MissRate - CYCLIST: 0.2632 
OverlapRate - VEHICLE: 0.0070 
OverlapRate - PEDESTRIAN: 0.0644 
OverlapRate - CYCLIST: 0.0260 
mAP - VEHICLE: 0.2730 
mAP - PEDESTRIAN: 0.5016 
mAP - CYCLIST: 0.3414 
minADE: 0.3624 
minFDE: 0.6842 
MissRate: 0.1901 
mAP: 0.3720 
       Waymo          mAP       minADE       minFDE     MissRate            
      VEHICLE      0.2730,      0.4462,      0.8395,      0.2079,            
   PEDESTRIAN      0.5016,      0.2221,      0.4253,      0.0992,            
      CYCLIST      0.3414,      0.4190,      0.7878,      0.2632,            
          Avg      0.3720,      0.3624,      0.6842,      0.1901,            
========== Evaluation @ 5s ==========
minADE - VEHICLE: 0.6767 
minADE - PEDESTRIAN: 0.3243 
minADE - CYCLIST: 0.6135 
minFDE - VEHICLE: 1.3193 
minFDE - PEDESTRIAN: 0.6428 
minFDE - CYCLIST: 1.2153 
MissRate - VEHICLE: 0.2327 
MissRate - PEDESTRIAN: 0.1115 
MissRate - CYCLIST: 0.2716 
OverlapRate - VEHICLE: 0.0163 
OverlapRate - PEDESTRIAN: 0.0717 
OverlapRate - CYCLIST: 0.0333 
mAP - VEHICLE: 0.2915 
mAP - PEDESTRIAN: 0.5258 
mAP - CYCLIST: 0.2501 
minADE: 0.5382 
minFDE: 1.0591 
MissRate: 0.2052 
mAP: 0.3558 
       Waymo          mAP       minADE       minFDE     MissRate            
      VEHICLE      0.2915,      0.6767,      1.3193,      0.2327,            
   PEDESTRIAN      0.5258,      0.3243,      0.6428,      0.1115,            
      CYCLIST      0.2501,      0.6135,      1.2153,      0.2716,            
          Avg      0.3558,      0.5382,      1.0591,      0.2052,            
========== Evaluation @ 8s ==========
minADE - VEHICLE: 1.0093 
minADE - PEDESTRIAN: 0.4580 
minADE - CYCLIST: 0.8754 
minFDE - VEHICLE: 2.1071 
minFDE - PEDESTRIAN: 0.9522 
minFDE - CYCLIST: 1.8256 
MissRate - VEHICLE: 0.2588 
MissRate - PEDESTRIAN: 0.1235 
MissRate - CYCLIST: 0.2800 
OverlapRate - VEHICLE: 0.0322 
OverlapRate - PEDESTRIAN: 0.0788 
OverlapRate - CYCLIST: 0.0473 
mAP - VEHICLE: 0.3062 
mAP - PEDESTRIAN: 0.3448 
mAP - CYCLIST: 0.2417 
minADE: 0.7809 
minFDE: 1.6283 
MissRate: 0.2208 
mAP: 0.2976 
       Waymo          mAP       minADE       minFDE     MissRate            
      VEHICLE      0.3062,      1.0093,      2.1071,      0.2588,            
   PEDESTRIAN      0.3448,      0.4580,      0.9522,      0.1235,            
      CYCLIST      0.2417,      0.8754,      1.8256,      0.2800,            
          Avg      0.2976,      0.7809,      1.6283,      0.2208,            
2026-08-19 21:58:33,444   INFO  Result is save to /root/wanqinghua/MTR/output/waymo/mtr_voyah_data/mtr_with_qcnet_v1/eval/eval_with_train
2026-08-19 21:58:33,445   INFO  ****************Evaluation done.*****************
epochs:  86%|████████████████████████████████████████████████████████████████████████████████████████████████████████████████████████████████████████████████████████▏                        | 43/50 [3:13:17<32:06, 275.19s/it]
2026-08-19 21:58:35,067   INFO  epoch: 43/50, acc_iter=23178, cur_iter=0/539, batch_size=8, iter_cost=1.03s, time_cost(epoch): 00:01/09:17, time_cost(all): 3:13:18/1:05:03, ade_TYPE_VEHICLE_layer_5=0.351, ade_TYPE_PEDESTRIAN_layer_5=0.189, ade_TYPE_CYCLIST_layer_5=-0.000, loss=2.275, lr=6.25e-06
2026-08-19 21:58:45,932   INFO  epoch: 43/50, acc_iter=23200, cur_iter=22/539, batch_size=8, iter_cost=0.52s, time_cost(epoch): 00:11/04:27, time_cost(all): 3:13:29/32:20, ade_TYPE_VEHICLE_layer_5=0.481, ade_TYPE_PEDESTRIAN_layer_5=0.251, ade_TYPE_CYCLIST_layer_5=0.085, loss=-27.409, lr=6.25e-06
2026-08-19 21:59:09,734   INFO  epoch: 43/50, acc_iter=23250, cur_iter=72/539, batch_size=8, iter_cost=0.49s, time_cost(epoch): 00:35/03:48, time_cost(all): 3:13:53/30:10, ade_TYPE_VEHICLE_layer_5=0.322, ade_TYPE_PEDESTRIAN_layer_5=0.097, ade_TYPE_CYCLIST_layer_5=-0.000, loss=22.592, lr=6.25e-06
2026-08-19 21:59:33,191   INFO  epoch: 43/50, acc_iter=23300, cur_iter=122/539, batch_size=8, iter_cost=0.48s, time_cost(epoch): 00:59/03:20, time_cost(all): 3:14:16/29:16, ade_TYPE_VEHICLE_layer_5=0.331, ade_TYPE_PEDESTRIAN_layer_5=0.254, ade_TYPE_CYCLIST_layer_5=0.254, loss=-11.586, lr=6.25e-06
2026-08-19 21:59:57,312   INFO  epoch: 43/50, acc_iter=23350, cur_iter=172/539, batch_size=8, iter_cost=0.48s, time_cost(epoch): 01:23/02:56, time_cost(all): 3:14:41/28:53, ade_TYPE_VEHICLE_layer_5=0.411, ade_TYPE_PEDESTRIAN_layer_5=0.168, ade_TYPE_CYCLIST_layer_5=0.696, loss=-6.001, lr=6.25e-06
2026-08-19 22:00:21,215   INFO  epoch: 43/50, acc_iter=23400, cur_iter=222/539, batch_size=8, iter_cost=0.48s, time_cost(epoch): 01:47/02:32, time_cost(all): 3:15:05/28:26, ade_TYPE_VEHICLE_layer_5=0.429, ade_TYPE_PEDESTRIAN_layer_5=0.118, ade_TYPE_CYCLIST_layer_5=0.346, loss=16.286, lr=6.25e-06
2026-08-19 22:00:45,255   INFO  epoch: 43/50, acc_iter=23450, cur_iter=272/539, batch_size=8, iter_cost=0.48s, time_cost(epoch): 02:11/02:08, time_cost(all): 3:15:29/28:02, ade_TYPE_VEHICLE_layer_5=0.351, ade_TYPE_PEDESTRIAN_layer_5=0.152, ade_TYPE_CYCLIST_layer_5=0.151, loss=-1.163, lr=6.25e-06
2026-08-19 22:01:09,113   INFO  epoch: 43/50, acc_iter=23500, cur_iter=322/539, batch_size=8, iter_cost=0.48s, time_cost(epoch): 02:35/01:44, time_cost(all): 3:15:52/27:36, ade_TYPE_VEHICLE_layer_5=0.490, ade_TYPE_PEDESTRIAN_layer_5=0.244, ade_TYPE_CYCLIST_layer_5=-0.000, loss=58.490, lr=6.25e-06
2026-08-19 22:01:33,562   INFO  epoch: 43/50, acc_iter=23550, cur_iter=372/539, batch_size=8, iter_cost=0.48s, time_cost(epoch): 02:59/01:20, time_cost(all): 3:16:17/27:16, ade_TYPE_VEHICLE_layer_5=0.390, ade_TYPE_PEDESTRIAN_layer_5=0.086, ade_TYPE_CYCLIST_layer_5=0.351, loss=-28.812, lr=6.25e-06
2026-08-19 22:01:57,287   INFO  epoch: 43/50, acc_iter=23600, cur_iter=422/539, batch_size=8, iter_cost=0.48s, time_cost(epoch): 03:23/00:56, time_cost(all): 3:16:41/26:50, ade_TYPE_VEHICLE_layer_5=0.342, ade_TYPE_PEDESTRIAN_layer_5=0.134, ade_TYPE_CYCLIST_layer_5=-0.000, loss=26.548, lr=6.25e-06
2026-08-19 22:02:21,145   INFO  epoch: 43/50, acc_iter=23650, cur_iter=472/539, batch_size=8, iter_cost=0.48s, time_cost(epoch): 03:47/00:32, time_cost(all): 3:17:04/26:24, ade_TYPE_VEHICLE_layer_5=0.460, ade_TYPE_PEDESTRIAN_layer_5=0.230, ade_TYPE_CYCLIST_layer_5=-0.000, loss=71.808, lr=6.25e-06
2026-08-19 22:02:45,648   INFO  epoch: 43/50, acc_iter=23700, cur_iter=522/539, batch_size=8, iter_cost=0.48s, time_cost(epoch): 04:11/00:08, time_cost(all): 3:17:29/26:04, ade_TYPE_VEHICLE_layer_5=0.457, ade_TYPE_PEDESTRIAN_layer_5=0.119, ade_TYPE_CYCLIST_layer_5=0.452, loss=-43.351, lr=6.25e-06
2026-08-19 22:02:52,936   INFO  epoch: 43/50, acc_iter=23716, cur_iter=538/539, batch_size=4, iter_cost=0.48s, time_cost(epoch): 04:18/00:00, time_cost(all): 3:17:36/25:53, ade_TYPE_VEHICLE_layer_5=0.370, ade_TYPE_PEDESTRIAN_layer_5=0.224, ade_TYPE_CYCLIST_layer_5=-0.000, loss=-12.808, lr=6.25e-06
2026-08-19 22:02:54,533   INFO  ==> Eval with EMA weights (epoch 44)
2026-08-19 22:02:54,645   INFO  *************** EPOCH 44 EVALUATION *****************
2026-08-19 22:02:55,549   INFO  eval: epoch=44, batch_iter=0/79, batch_size=8, iter_cost=0.90s, time_cost: 00:00/01:11, 
2026-08-19 22:02:56,682   INFO  eval: epoch=44, batch_iter=10/79, batch_size=8, iter_cost=0.20s, time_cost: 00:02/00:14, 
2026-08-19 22:02:57,850   INFO  eval: epoch=44, batch_iter=20/79, batch_size=8, iter_cost=0.16s, time_cost: 00:03/00:09, 
2026-08-19 22:02:59,022   INFO  eval: epoch=44, batch_iter=30/79, batch_size=8, iter_cost=0.15s, time_cost: 00:04/00:07, 
2026-08-19 22:03:00,224   INFO  eval: epoch=44, batch_iter=40/79, batch_size=8, iter_cost=0.14s, time_cost: 00:05/00:05, 
2026-08-19 22:03:01,395   INFO  eval: epoch=44, batch_iter=50/79, batch_size=8, iter_cost=0.13s, time_cost: 00:06/00:03, 
2026-08-19 22:03:02,575   INFO  eval: epoch=44, batch_iter=60/79, batch_size=8, iter_cost=0.13s, time_cost: 00:07/00:02, 
2026-08-19 22:03:03,687   INFO  eval: epoch=44, batch_iter=70/79, batch_size=8, iter_cost=0.13s, time_cost: 00:09/00:01, 
2026-08-19 22:03:04,493   INFO  eval: epoch=44, batch_iter=78/79, batch_size=1, iter_cost=0.13s, time_cost: 00:09/00:00, 
eval:   0%|                                                                                                                                                                                               | 0/79 [00:09<?, ?it/s]
2026-08-19 22:03:04,593   INFO  Total number of samples before merging from multiple GPUs: 625
2026-08-19 22:03:05,211   INFO  Total number of samples after merging from multiple GPUs (removing duplicate): 5000
2026-08-19 22:03:05,215   INFO  *************** Performance of EPOCH 44 *****************
2026-08-19 22:03:05,216   INFO  Generate label finished(sec_per_example: 0.0021 second).
Total number for evaluation (intput): 5000
Total number for evaluation (after processed): 22520
Total number for evaluation (intput): 5000
Total number for evaluation (after processed): 22520
Total number for evaluation (intput): 5000
Total number for evaluation (after processed): 22520
2026-08-19 22:03:11,375   INFO  
========== Evaluation @ 3s ==========
minADE - VEHICLE: 0.4453 
minADE - PEDESTRIAN: 0.2178 
minADE - CYCLIST: 0.4195 
minFDE - VEHICLE: 0.8356 
minFDE - PEDESTRIAN: 0.4163 
minFDE - CYCLIST: 0.7814 
MissRate - VEHICLE: 0.2046 
MissRate - PEDESTRIAN: 0.0935 
MissRate - CYCLIST: 0.2632 
OverlapRate - VEHICLE: 0.0072 
OverlapRate - PEDESTRIAN: 0.0627 
OverlapRate - CYCLIST: 0.0232 
mAP - VEHICLE: 0.2846 
mAP - PEDESTRIAN: 0.5023 
mAP - CYCLIST: 0.3580 
minADE: 0.3609 
minFDE: 0.6778 
MissRate: 0.1871 
mAP: 0.3816 
       Waymo          mAP       minADE       minFDE     MissRate            
      VEHICLE      0.2846,      0.4453,      0.8356,      0.2046,            
   PEDESTRIAN      0.5023,      0.2178,      0.4163,      0.0935,            
      CYCLIST      0.3580,      0.4195,      0.7814,      0.2632,            
          Avg      0.3816,      0.3609,      0.6778,      0.1871,            
========== Evaluation @ 5s ==========
minADE - VEHICLE: 0.6756 
minADE - PEDESTRIAN: 0.3181 
minADE - CYCLIST: 0.6099 
minFDE - VEHICLE: 1.3132 
minFDE - PEDESTRIAN: 0.6313 
minFDE - CYCLIST: 1.1990 
MissRate - VEHICLE: 0.2300 
MissRate - PEDESTRIAN: 0.1055 
MissRate - CYCLIST: 0.2753 
OverlapRate - VEHICLE: 0.0161 
OverlapRate - PEDESTRIAN: 0.0706 
OverlapRate - CYCLIST: 0.0304 
mAP - VEHICLE: 0.3001 
mAP - PEDESTRIAN: 0.5188 
mAP - CYCLIST: 0.2575 
minADE: 0.5346 
minFDE: 1.0478 
MissRate: 0.2036 
mAP: 0.3588 
       Waymo          mAP       minADE       minFDE     MissRate            
      VEHICLE      0.3001,      0.6756,      1.3132,      0.2300,            
   PEDESTRIAN      0.5188,      0.3181,      0.6313,      0.1055,            
      CYCLIST      0.2575,      0.6099,      1.1990,      0.2753,            
          Avg      0.3588,      0.5346,      1.0478,      0.2036,            
========== Evaluation @ 8s ==========
minADE - VEHICLE: 1.0058 
minADE - PEDESTRIAN: 0.4504 
minADE - CYCLIST: 0.8690 
minFDE - VEHICLE: 2.0845 
minFDE - PEDESTRIAN: 0.9381 
minFDE - CYCLIST: 1.8073 
MissRate - VEHICLE: 0.2558 
MissRate - PEDESTRIAN: 0.1188 
MissRate - CYCLIST: 0.2825 
OverlapRate - VEHICLE: 0.0314 
OverlapRate - PEDESTRIAN: 0.0775 
OverlapRate - CYCLIST: 0.0429 
mAP - VEHICLE: 0.3104 
mAP - PEDESTRIAN: 0.3314 
mAP - CYCLIST: 0.2521 
minADE: 0.7751 
minFDE: 1.6100 
MissRate: 0.2190 
mAP: 0.2979 
       Waymo          mAP       minADE       minFDE     MissRate            
      VEHICLE      0.3104,      1.0058,      2.0845,      0.2558,            
   PEDESTRIAN      0.3314,      0.4504,      0.9381,      0.1188,            
      CYCLIST      0.2521,      0.8690,      1.8073,      0.2825,            
          Avg      0.2979,      0.7751,      1.6100,      0.2190,            
2026-08-19 22:03:11,377   INFO  Result is save to /root/wanqinghua/MTR/output/waymo/mtr_voyah_data/mtr_with_qcnet_v1/eval/eval_with_train
2026-08-19 22:03:11,377   INFO  ****************Evaluation done.*****************
epochs:  88%|███████████████████████████████████████████████████████████████████████████████████████████████████████████████████████████████████████████████████████████▊                     | 44/50 [3:17:55<27:36, 276.01s/it]
2026-08-19 22:03:13,051   INFO  epoch: 44/50, acc_iter=23717, cur_iter=0/539, batch_size=8, iter_cost=1.08s, time_cost(epoch): 00:01/09:43, time_cost(all): 3:17:56/58:20, ade_TYPE_VEHICLE_layer_5=0.444, ade_TYPE_PEDESTRIAN_layer_5=0.249, ade_TYPE_CYCLIST_layer_5=0.277, loss=38.628, lr=6.25e-06
2026-08-19 22:03:29,622   INFO  epoch: 44/50, acc_iter=23750, cur_iter=33/539, batch_size=8, iter_cost=0.52s, time_cost(epoch): 00:17/04:22, time_cost(all): 3:18:13/27:42, ade_TYPE_VEHICLE_layer_5=0.384, ade_TYPE_PEDESTRIAN_layer_5=0.414, ade_TYPE_CYCLIST_layer_5=0.180, loss=110.911, lr=6.25e-06
2026-08-19 22:03:53,635   INFO  epoch: 44/50, acc_iter=23800, cur_iter=83/539, batch_size=8, iter_cost=0.50s, time_cost(epoch): 00:41/03:46, time_cost(all): 3:18:37/26:02, ade_TYPE_VEHICLE_layer_5=0.467, ade_TYPE_PEDESTRIAN_layer_5=-0.000, ade_TYPE_CYCLIST_layer_5=0.202, loss=133.986, lr=6.25e-06
2026-08-19 22:04:18,157   INFO  epoch: 44/50, acc_iter=23850, cur_iter=133/539, batch_size=8, iter_cost=0.49s, time_cost(epoch): 01:06/03:20, time_cost(all): 3:19:01/25:31, ade_TYPE_VEHICLE_layer_5=0.407, ade_TYPE_PEDESTRIAN_layer_5=-0.000, ade_TYPE_CYCLIST_layer_5=0.447, loss=59.256, lr=6.25e-06
2026-08-19 22:04:42,387   INFO  epoch: 44/50, acc_iter=23900, cur_iter=183/539, batch_size=8, iter_cost=0.49s, time_cost(epoch): 01:30/02:54, time_cost(all): 3:19:26/24:59, ade_TYPE_VEHICLE_layer_5=0.421, ade_TYPE_PEDESTRIAN_layer_5=0.311, ade_TYPE_CYCLIST_layer_5=-0.000, loss=67.460, lr=6.25e-06
2026-08-19 22:05:06,117   INFO  epoch: 44/50, acc_iter=23950, cur_iter=233/539, batch_size=8, iter_cost=0.49s, time_cost(epoch): 01:54/02:29, time_cost(all): 3:19:49/24:23, ade_TYPE_VEHICLE_layer_5=0.362, ade_TYPE_PEDESTRIAN_layer_5=0.268, ade_TYPE_CYCLIST_layer_5=-0.000, loss=76.685, lr=6.25e-06
2026-08-19 22:05:30,957   INFO  epoch: 44/50, acc_iter=24000, cur_iter=283/539, batch_size=8, iter_cost=0.49s, time_cost(epoch): 02:18/02:05, time_cost(all): 3:20:14/24:04, ade_TYPE_VEHICLE_layer_5=0.363, ade_TYPE_PEDESTRIAN_layer_5=-0.000, ade_TYPE_CYCLIST_layer_5=-0.000, loss=76.404, lr=6.25e-06
2026-08-19 22:05:53,942   INFO  epoch: 44/50, acc_iter=24050, cur_iter=333/539, batch_size=8, iter_cost=0.48s, time_cost(epoch): 02:41/01:39, time_cost(all): 3:20:37/23:26, ade_TYPE_VEHICLE_layer_5=0.436, ade_TYPE_PEDESTRIAN_layer_5=0.049, ade_TYPE_CYCLIST_layer_5=-0.000, loss=40.940, lr=6.25e-06
2026-08-19 22:06:17,235   INFO  epoch: 44/50, acc_iter=24100, cur_iter=383/539, batch_size=8, iter_cost=0.48s, time_cost(epoch): 03:05/01:15, time_cost(all): 3:21:01/22:55, ade_TYPE_VEHICLE_layer_5=0.365, ade_TYPE_PEDESTRIAN_layer_5=0.103, ade_TYPE_CYCLIST_layer_5=0.610, loss=-57.232, lr=6.25e-06
2026-08-19 22:06:40,723   INFO  epoch: 44/50, acc_iter=24150, cur_iter=433/539, batch_size=8, iter_cost=0.48s, time_cost(epoch): 03:28/00:50, time_cost(all): 3:21:24/22:27, ade_TYPE_VEHICLE_layer_5=0.439, ade_TYPE_PEDESTRIAN_layer_5=0.138, ade_TYPE_CYCLIST_layer_5=-0.000, loss=-28.669, lr=6.25e-06
2026-08-19 22:07:04,653   INFO  epoch: 44/50, acc_iter=24200, cur_iter=483/539, batch_size=8, iter_cost=0.48s, time_cost(epoch): 03:52/00:26, time_cost(all): 3:21:48/22:02, ade_TYPE_VEHICLE_layer_5=0.427, ade_TYPE_PEDESTRIAN_layer_5=0.147, ade_TYPE_CYCLIST_layer_5=0.420, loss=76.134, lr=6.25e-06
2026-08-19 22:07:28,590   INFO  epoch: 44/50, acc_iter=24250, cur_iter=533/539, batch_size=8, iter_cost=0.48s, time_cost(epoch): 04:16/00:02, time_cost(all): 3:22:12/21:38, ade_TYPE_VEHICLE_layer_5=0.549, ade_TYPE_PEDESTRIAN_layer_5=-0.000, ade_TYPE_CYCLIST_layer_5=0.256, loss=112.134, lr=6.25e-06
2026-08-19 22:07:30,692   INFO  epoch: 44/50, acc_iter=24255, cur_iter=538/539, batch_size=4, iter_cost=0.48s, time_cost(epoch): 04:18/00:00, time_cost(all): 3:22:14/21:34, ade_TYPE_VEHICLE_layer_5=0.312, ade_TYPE_PEDESTRIAN_layer_5=0.109, ade_TYPE_CYCLIST_layer_5=-0.000, loss=-34.530, lr=6.25e-06
2026-08-19 22:07:32,278   INFO  ==> Eval with EMA weights (epoch 45)
2026-08-19 22:07:32,394   INFO  *************** EPOCH 45 EVALUATION *****************
2026-08-19 22:07:33,269   INFO  eval: epoch=45, batch_iter=0/79, batch_size=8, iter_cost=0.87s, time_cost: 00:00/01:09, 
2026-08-19 22:07:34,498   INFO  eval: epoch=45, batch_iter=10/79, batch_size=8, iter_cost=0.21s, time_cost: 00:02/00:14, 
2026-08-19 22:07:35,758   INFO  eval: epoch=45, batch_iter=20/79, batch_size=8, iter_cost=0.17s, time_cost: 00:03/00:09, 
2026-08-19 22:07:36,984   INFO  eval: epoch=45, batch_iter=30/79, batch_size=8, iter_cost=0.15s, time_cost: 00:04/00:07, 
2026-08-19 22:07:38,192   INFO  eval: epoch=45, batch_iter=40/79, batch_size=8, iter_cost=0.14s, time_cost: 00:05/00:05, 
2026-08-19 22:07:39,361   INFO  eval: epoch=45, batch_iter=50/79, batch_size=8, iter_cost=0.14s, time_cost: 00:06/00:04, 
2026-08-19 22:07:40,529   INFO  eval: epoch=45, batch_iter=60/79, batch_size=8, iter_cost=0.14s, time_cost: 00:08/00:02, 
2026-08-19 22:07:41,634   INFO  eval: epoch=45, batch_iter=70/79, batch_size=8, iter_cost=0.13s, time_cost: 00:09/00:01, 
2026-08-19 22:07:42,443   INFO  eval: epoch=45, batch_iter=78/79, batch_size=1, iter_cost=0.13s, time_cost: 00:10/00:00, 
eval:   0%|                                                                                                                                                                                               | 0/79 [00:10<?, ?it/s]
2026-08-19 22:07:42,541   INFO  Total number of samples before merging from multiple GPUs: 625
2026-08-19 22:07:42,982   INFO  Total number of samples after merging from multiple GPUs (removing duplicate): 5000
2026-08-19 22:07:42,987   INFO  *************** Performance of EPOCH 45 *****************
2026-08-19 22:07:42,988   INFO  Generate label finished(sec_per_example: 0.0021 second).
Total number for evaluation (intput): 5000
Total number for evaluation (after processed): 22520
Total number for evaluation (intput): 5000
Total number for evaluation (after processed): 22520
Total number for evaluation (intput): 5000
Total number for evaluation (after processed): 22520
2026-08-19 22:07:49,187   INFO  
========== Evaluation @ 3s ==========
minADE - VEHICLE: 0.4412 
minADE - PEDESTRIAN: 0.2182 
minADE - CYCLIST: 0.4305 
minFDE - VEHICLE: 0.8390 
minFDE - PEDESTRIAN: 0.4225 
minFDE - CYCLIST: 0.8078 
MissRate - VEHICLE: 0.2018 
MissRate - PEDESTRIAN: 0.0983 
MissRate - CYCLIST: 0.2646 
OverlapRate - VEHICLE: 0.0073 
OverlapRate - PEDESTRIAN: 0.0640 
OverlapRate - CYCLIST: 0.0217 
mAP - VEHICLE: 0.2839 
mAP - PEDESTRIAN: 0.4773 
mAP - CYCLIST: 0.3775 
minADE: 0.3633 
minFDE: 0.6897 
MissRate: 0.1883 
mAP: 0.3796 
       Waymo          mAP       minADE       minFDE     MissRate            
      VEHICLE      0.2839,      0.4412,      0.8390,      0.2018,            
   PEDESTRIAN      0.4773,      0.2182,      0.4225,      0.0983,            
      CYCLIST      0.3775,      0.4305,      0.8078,      0.2646,            
          Avg      0.3796,      0.3633,      0.6897,      0.1883,            
========== Evaluation @ 5s ==========
minADE - VEHICLE: 0.6746 
minADE - PEDESTRIAN: 0.3205 
minADE - CYCLIST: 0.6262 
minFDE - VEHICLE: 1.3289 
minFDE - PEDESTRIAN: 0.6404 
minFDE - CYCLIST: 1.2434 
MissRate - VEHICLE: 0.2298 
MissRate - PEDESTRIAN: 0.1077 
MissRate - CYCLIST: 0.2819 
OverlapRate - VEHICLE: 0.0165 
OverlapRate - PEDESTRIAN: 0.0702 
OverlapRate - CYCLIST: 0.0311 
mAP - VEHICLE: 0.2994 
mAP - PEDESTRIAN: 0.5238 
mAP - CYCLIST: 0.2648 
minADE: 0.5404 
minFDE: 1.0709 
MissRate: 0.2065 
mAP: 0.3626 
       Waymo          mAP       minADE       minFDE     MissRate            
      VEHICLE      0.2994,      0.6746,      1.3289,      0.2298,            
   PEDESTRIAN      0.5238,      0.3205,      0.6404,      0.1077,            
      CYCLIST      0.2648,      0.6262,      1.2434,      0.2819,            
          Avg      0.3626,      0.5404,      1.0709,      0.2065,            
========== Evaluation @ 8s ==========
minADE - VEHICLE: 1.0090 
minADE - PEDESTRIAN: 0.4555 
minADE - CYCLIST: 0.8902 
minFDE - VEHICLE: 2.1174 
minFDE - PEDESTRIAN: 0.9550 
minFDE - CYCLIST: 1.8495 
MissRate - VEHICLE: 0.2568 
MissRate - PEDESTRIAN: 0.1181 
MissRate - CYCLIST: 0.2875 
OverlapRate - VEHICLE: 0.0329 
OverlapRate - PEDESTRIAN: 0.0775 
OverlapRate - CYCLIST: 0.0453 
mAP - VEHICLE: 0.3093 
mAP - PEDESTRIAN: 0.3506 
mAP - CYCLIST: 0.2661 
minADE: 0.7849 
minFDE: 1.6406 
MissRate: 0.2208 
mAP: 0.3087 
       Waymo          mAP       minADE       minFDE     MissRate            
      VEHICLE      0.3093,      1.0090,      2.1174,      0.2568,            
   PEDESTRIAN      0.3506,      0.4555,      0.9550,      0.1181,            
      CYCLIST      0.2661,      0.8902,      1.8495,      0.2875,            
          Avg      0.3087,      0.7849,      1.6406,      0.2208,            
2026-08-19 22:07:49,189   INFO  Result is save to /root/wanqinghua/MTR/output/waymo/mtr_voyah_data/mtr_with_qcnet_v1/eval/eval_with_train
2026-08-19 22:07:49,189   INFO  ****************Evaluation done.*****************
2026-08-19 22:07:50,278   INFO  Save best model to /root/wanqinghua/MTR/output/waymo/mtr_voyah_data/mtr_with_qcnet_v1/ckpt/best_model
2026-08-19 22:07:52,040   INFO  Save EMA best model to /root/wanqinghua/MTR/output/waymo/mtr_voyah_data/mtr_with_qcnet_v1/ckpt/best_model_ema
epochs:  90%|███████████████████████████████████████████████████████████████████████████████████████████████████████████████████████████████████████████████████████████████▎                 | 45/50 [3:22:35<23:06, 277.39s/it]
2026-08-19 22:07:53,415   INFO  epoch: 45/50, acc_iter=24256, cur_iter=0/539, batch_size=8, iter_cost=0.86s, time_cost(epoch): 00:00/07:42, time_cost(all): 3:22:37/38:31, ade_TYPE_VEHICLE_layer_5=0.573, ade_TYPE_PEDESTRIAN_layer_5=0.071, ade_TYPE_CYCLIST_layer_5=-0.000, loss=33.051, lr=6.25e-06
2026-08-19 22:08:14,860   INFO  epoch: 45/50, acc_iter=24300, cur_iter=44/539, batch_size=8, iter_cost=0.50s, time_cost(epoch): 00:22/04:05, time_cost(all): 3:22:58/21:53, ade_TYPE_VEHICLE_layer_5=0.351, ade_TYPE_PEDESTRIAN_layer_5=0.424, ade_TYPE_CYCLIST_layer_5=0.674, loss=28.903, lr=6.25e-06
2026-08-19 22:08:38,795   INFO  epoch: 45/50, acc_iter=24350, cur_iter=94/539, batch_size=8, iter_cost=0.49s, time_cost(epoch): 00:46/03:36, time_cost(all): 3:23:22/21:05, ade_TYPE_VEHICLE_layer_5=0.388, ade_TYPE_PEDESTRIAN_layer_5=0.159, ade_TYPE_CYCLIST_layer_5=-0.000, loss=2.145, lr=6.25e-06
2026-08-19 22:09:02,806   INFO  epoch: 45/50, acc_iter=24400, cur_iter=144/539, batch_size=8, iter_cost=0.48s, time_cost(epoch): 01:10/03:11, time_cost(all): 3:23:46/20:35, ade_TYPE_VEHICLE_layer_5=0.352, ade_TYPE_PEDESTRIAN_layer_5=0.381, ade_TYPE_CYCLIST_layer_5=0.237, loss=-7.763, lr=6.25e-06
2026-08-19 22:09:26,684   INFO  epoch: 45/50, acc_iter=24450, cur_iter=194/539, batch_size=8, iter_cost=0.48s, time_cost(epoch): 01:34/02:46, time_cost(all): 3:24:10/20:07, ade_TYPE_VEHICLE_layer_5=0.474, ade_TYPE_PEDESTRIAN_layer_5=0.097, ade_TYPE_CYCLIST_layer_5=0.530, loss=27.793, lr=6.25e-06
2026-08-19 22:09:50,799   INFO  epoch: 45/50, acc_iter=24500, cur_iter=244/539, batch_size=8, iter_cost=0.48s, time_cost(epoch): 01:58/02:22, time_cost(all): 3:24:34/19:42, ade_TYPE_VEHICLE_layer_5=0.421, ade_TYPE_PEDESTRIAN_layer_5=0.119, ade_TYPE_CYCLIST_layer_5=0.172, loss=20.052, lr=6.25e-06
2026-08-19 22:10:14,692   INFO  epoch: 45/50, acc_iter=24550, cur_iter=294/539, batch_size=8, iter_cost=0.48s, time_cost(epoch): 02:22/01:58, time_cost(all): 3:24:58/19:16, ade_TYPE_VEHICLE_layer_5=0.348, ade_TYPE_PEDESTRIAN_layer_5=0.237, ade_TYPE_CYCLIST_layer_5=0.405, loss=62.538, lr=6.25e-06
2026-08-19 22:10:39,040   INFO  epoch: 45/50, acc_iter=24600, cur_iter=344/539, batch_size=8, iter_cost=0.48s, time_cost(epoch): 02:46/01:34, time_cost(all): 3:25:22/18:54, ade_TYPE_VEHICLE_layer_5=0.471, ade_TYPE_PEDESTRIAN_layer_5=0.199, ade_TYPE_CYCLIST_layer_5=0.243, loss=96.509, lr=6.25e-06
2026-08-19 22:11:02,883   INFO  epoch: 45/50, acc_iter=24650, cur_iter=394/539, batch_size=8, iter_cost=0.48s, time_cost(epoch): 03:10/01:09, time_cost(all): 3:25:46/18:28, ade_TYPE_VEHICLE_layer_5=0.327, ade_TYPE_PEDESTRIAN_layer_5=0.189, ade_TYPE_CYCLIST_layer_5=0.280, loss=-28.012, lr=6.25e-06
2026-08-19 22:11:26,850   INFO  epoch: 45/50, acc_iter=24700, cur_iter=444/539, batch_size=8, iter_cost=0.48s, time_cost(epoch): 03:34/00:45, time_cost(all): 3:26:10/18:03, ade_TYPE_VEHICLE_layer_5=0.342, ade_TYPE_PEDESTRIAN_layer_5=0.078, ade_TYPE_CYCLIST_layer_5=0.509, loss=14.441, lr=6.25e-06
2026-08-19 22:11:51,389   INFO  epoch: 45/50, acc_iter=24750, cur_iter=494/539, batch_size=8, iter_cost=0.48s, time_cost(epoch): 03:58/00:21, time_cost(all): 3:26:35/17:41, ade_TYPE_VEHICLE_layer_5=0.427, ade_TYPE_PEDESTRIAN_layer_5=0.153, ade_TYPE_CYCLIST_layer_5=-0.000, loss=-40.591, lr=6.25e-06
2026-08-19 22:12:11,947   INFO  epoch: 45/50, acc_iter=24794, cur_iter=538/539, batch_size=4, iter_cost=0.48s, time_cost(epoch): 04:19/00:00, time_cost(all): 3:26:55/17:18, ade_TYPE_VEHICLE_layer_5=0.354, ade_TYPE_PEDESTRIAN_layer_5=0.239, ade_TYPE_CYCLIST_layer_5=0.137, loss=-54.503, lr=6.25e-06
2026-08-19 22:12:13,528   INFO  ==> Eval with EMA weights (epoch 46)
2026-08-19 22:12:13,650   INFO  *************** EPOCH 46 EVALUATION *****************
2026-08-19 22:12:14,562   INFO  eval: epoch=46, batch_iter=0/79, batch_size=8, iter_cost=0.91s, time_cost: 00:00/01:11, 
2026-08-19 22:12:15,709   INFO  eval: epoch=46, batch_iter=10/79, batch_size=8, iter_cost=0.21s, time_cost: 00:02/00:14, 
2026-08-19 22:12:16,876   INFO  eval: epoch=46, batch_iter=20/79, batch_size=8, iter_cost=0.16s, time_cost: 00:03/00:09, 
2026-08-19 22:12:18,065   INFO  eval: epoch=46, batch_iter=30/79, batch_size=8, iter_cost=0.15s, time_cost: 00:04/00:07, 
2026-08-19 22:12:19,274   INFO  eval: epoch=46, batch_iter=40/79, batch_size=8, iter_cost=0.14s, time_cost: 00:05/00:05, 
2026-08-19 22:12:20,444   INFO  eval: epoch=46, batch_iter=50/79, batch_size=8, iter_cost=0.14s, time_cost: 00:06/00:03, 
2026-08-19 22:12:21,617   INFO  eval: epoch=46, batch_iter=60/79, batch_size=8, iter_cost=0.13s, time_cost: 00:07/00:02, 
2026-08-19 22:12:22,725   INFO  eval: epoch=46, batch_iter=70/79, batch_size=8, iter_cost=0.13s, time_cost: 00:09/00:01, 
2026-08-19 22:12:23,529   INFO  eval: epoch=46, batch_iter=78/79, batch_size=1, iter_cost=0.13s, time_cost: 00:09/00:00, 
eval:   0%|                                                                                                                                                                                               | 0/79 [00:09<?, ?it/s]
2026-08-19 22:12:23,633   INFO  Total number of samples before merging from multiple GPUs: 625
2026-08-19 22:12:24,504   INFO  Total number of samples after merging from multiple GPUs (removing duplicate): 5000
2026-08-19 22:12:24,508   INFO  *************** Performance of EPOCH 46 *****************
2026-08-19 22:12:24,508   INFO  Generate label finished(sec_per_example: 0.0022 second).
Total number for evaluation (intput): 5000
Total number for evaluation (after processed): 22520
Total number for evaluation (intput): 5000
Total number for evaluation (after processed): 22520
Total number for evaluation (intput): 5000
Total number for evaluation (after processed): 22520
2026-08-19 22:12:32,757   INFO  
========== Evaluation @ 3s ==========
minADE - VEHICLE: 0.4428 
minADE - PEDESTRIAN: 0.2318 
minADE - CYCLIST: 0.4252 
minFDE - VEHICLE: 0.8366 
minFDE - PEDESTRIAN: 0.4467 
minFDE - CYCLIST: 0.7913 
MissRate - VEHICLE: 0.2052 
MissRate - PEDESTRIAN: 0.1018 
MissRate - CYCLIST: 0.2690 
OverlapRate - VEHICLE: 0.0076 
OverlapRate - PEDESTRIAN: 0.0640 
OverlapRate - CYCLIST: 0.0217 
mAP - VEHICLE: 0.2764 
mAP - PEDESTRIAN: 0.4827 
mAP - CYCLIST: 0.3600 
minADE: 0.3666 
minFDE: 0.6915 
MissRate: 0.1920 
mAP: 0.3730 
       Waymo          mAP       minADE       minFDE     MissRate            
      VEHICLE      0.2764,      0.4428,      0.8366,      0.2052,            
   PEDESTRIAN      0.4827,      0.2318,      0.4467,      0.1018,            
      CYCLIST      0.3600,      0.4252,      0.7913,      0.2690,            
          Avg      0.3730,      0.3666,      0.6915,      0.1920,            
========== Evaluation @ 5s ==========
minADE - VEHICLE: 0.6726 
minADE - PEDESTRIAN: 0.3375 
minADE - CYCLIST: 0.6177 
minFDE - VEHICLE: 1.3146 
minFDE - PEDESTRIAN: 0.6711 
minFDE - CYCLIST: 1.2191 
MissRate - VEHICLE: 0.2318 
MissRate - PEDESTRIAN: 0.1130 
MissRate - CYCLIST: 0.2789 
OverlapRate - VEHICLE: 0.0166 
OverlapRate - PEDESTRIAN: 0.0708 
OverlapRate - CYCLIST: 0.0333 
mAP - VEHICLE: 0.3015 
mAP - PEDESTRIAN: 0.5410 
mAP - CYCLIST: 0.2568 
minADE: 0.5426 
minFDE: 1.0683 
MissRate: 0.2079 
mAP: 0.3665 
       Waymo          mAP       minADE       minFDE     MissRate            
      VEHICLE      0.3015,      0.6726,      1.3146,      0.2318,            
   PEDESTRIAN      0.5410,      0.3375,      0.6711,      0.1130,            
      CYCLIST      0.2568,      0.6177,      1.2191,      0.2789,            
          Avg      0.3665,      0.5426,      1.0683,      0.2079,            
========== Evaluation @ 8s ==========
minADE - VEHICLE: 1.0045 
minADE - PEDESTRIAN: 0.4764 
minADE - CYCLIST: 0.8808 
minFDE - VEHICLE: 2.0965 
minFDE - PEDESTRIAN: 0.9934 
minFDE - CYCLIST: 1.8379 
MissRate - VEHICLE: 0.2585 
MissRate - PEDESTRIAN: 0.1267 
MissRate - CYCLIST: 0.2862 
OverlapRate - VEHICLE: 0.0321 
OverlapRate - PEDESTRIAN: 0.0781 
OverlapRate - CYCLIST: 0.0473 
mAP - VEHICLE: 0.3120 
mAP - PEDESTRIAN: 0.3350 
mAP - CYCLIST: 0.2563 
minADE: 0.7872 
minFDE: 1.6426 
MissRate: 0.2238 
mAP: 0.3011 
       Waymo          mAP       minADE       minFDE     MissRate            
      VEHICLE      0.3120,      1.0045,      2.0965,      0.2585,            
   PEDESTRIAN      0.3350,      0.4764,      0.9934,      0.1267,            
      CYCLIST      0.2563,      0.8808,      1.8379,      0.2862,            
          Avg      0.3011,      0.7872,      1.6426,      0.2238,            
2026-08-19 22:12:32,759   INFO  Result is save to /root/wanqinghua/MTR/output/waymo/mtr_voyah_data/mtr_with_qcnet_v1/eval/eval_with_train
2026-08-19 22:12:32,759   INFO  ****************Evaluation done.*****************
epochs:  92%|██████████████████████████████████████████████████████████████████████████████████████████████████████████████████████████████████████████████████████████████████▊              | 46/50 [3:27:16<18:33, 278.41s/it]
2026-08-19 22:12:34,328   INFO  epoch: 46/50, acc_iter=24795, cur_iter=0/539, batch_size=8, iter_cost=0.97s, time_cost(epoch): 00:00/08:44, time_cost(all): 3:27:18/34:56, ade_TYPE_VEHICLE_layer_5=0.441, ade_TYPE_PEDESTRIAN_layer_5=0.144, ade_TYPE_CYCLIST_layer_5=0.410, loss=11.883, lr=6.25e-06
2026-08-19 22:12:36,812   INFO  epoch: 46/50, acc_iter=24800, cur_iter=5/539, batch_size=8, iter_cost=0.58s, time_cost(epoch): 00:03/05:07, time_cost(all): 3:27:20/20:39, ade_TYPE_VEHICLE_layer_5=0.377, ade_TYPE_PEDESTRIAN_layer_5=0.191, ade_TYPE_CYCLIST_layer_5=-0.000, loss=-40.884, lr=6.25e-06
2026-08-19 22:13:01,223   INFO  epoch: 46/50, acc_iter=24850, cur_iter=55/539, batch_size=8, iter_cost=0.50s, time_cost(epoch): 00:27/04:00, time_cost(all): 3:27:45/17:25, ade_TYPE_VEHICLE_layer_5=0.447, ade_TYPE_PEDESTRIAN_layer_5=0.217, ade_TYPE_CYCLIST_layer_5=-0.000, loss=7.141, lr=6.25e-06
2026-08-19 22:13:25,227   INFO  epoch: 46/50, acc_iter=24900, cur_iter=105/539, batch_size=8, iter_cost=0.49s, time_cost(epoch): 00:51/03:32, time_cost(all): 3:28:09/16:43, ade_TYPE_VEHICLE_layer_5=0.660, ade_TYPE_PEDESTRIAN_layer_5=0.131, ade_TYPE_CYCLIST_layer_5=0.469, loss=276.695, lr=6.25e-06
2026-08-19 22:13:49,009   INFO  epoch: 46/50, acc_iter=24950, cur_iter=155/539, batch_size=8, iter_cost=0.48s, time_cost(epoch): 01:15/03:06, time_cost(all): 3:28:32/16:10, ade_TYPE_VEHICLE_layer_5=0.480, ade_TYPE_PEDESTRIAN_layer_5=0.155, ade_TYPE_CYCLIST_layer_5=-0.000, loss=36.748, lr=6.25e-06
2026-08-19 22:14:13,386   INFO  epoch: 46/50, acc_iter=25000, cur_iter=205/539, batch_size=8, iter_cost=0.49s, time_cost(epoch): 01:40/02:42, time_cost(all): 3:28:57/15:47, ade_TYPE_VEHICLE_layer_5=0.443, ade_TYPE_PEDESTRIAN_layer_5=0.198, ade_TYPE_CYCLIST_layer_5=-0.000, loss=37.339, lr=6.25e-06
2026-08-19 22:14:36,951   INFO  epoch: 46/50, acc_iter=25050, cur_iter=255/539, batch_size=8, iter_cost=0.48s, time_cost(epoch): 02:03/02:17, time_cost(all): 3:29:20/15:17, ade_TYPE_VEHICLE_layer_5=0.477, ade_TYPE_PEDESTRIAN_layer_5=0.109, ade_TYPE_CYCLIST_layer_5=0.135, loss=112.819, lr=6.25e-06
2026-08-19 22:15:00,587   INFO  epoch: 46/50, acc_iter=25100, cur_iter=305/539, batch_size=8, iter_cost=0.48s, time_cost(epoch): 02:27/01:52, time_cost(all): 3:29:44/14:50, ade_TYPE_VEHICLE_layer_5=0.468, ade_TYPE_PEDESTRIAN_layer_5=0.317, ade_TYPE_CYCLIST_layer_5=-0.000, loss=39.725, lr=6.25e-06
2026-08-19 22:15:24,859   INFO  epoch: 46/50, acc_iter=25150, cur_iter=355/539, batch_size=8, iter_cost=0.48s, time_cost(epoch): 02:51/01:28, time_cost(all): 3:30:08/14:27, ade_TYPE_VEHICLE_layer_5=0.555, ade_TYPE_PEDESTRIAN_layer_5=-0.000, ade_TYPE_CYCLIST_layer_5=0.474, loss=171.922, lr=6.25e-06
2026-08-19 22:15:48,590   INFO  epoch: 46/50, acc_iter=25200, cur_iter=405/539, batch_size=8, iter_cost=0.48s, time_cost(epoch): 03:15/01:04, time_cost(all): 3:30:32/14:02, ade_TYPE_VEHICLE_layer_5=0.470, ade_TYPE_PEDESTRIAN_layer_5=0.216, ade_TYPE_CYCLIST_layer_5=0.179, loss=65.262, lr=6.25e-06
2026-08-19 22:16:12,388   INFO  epoch: 46/50, acc_iter=25250, cur_iter=455/539, batch_size=8, iter_cost=0.48s, time_cost(epoch): 03:39/00:40, time_cost(all): 3:30:56/13:37, ade_TYPE_VEHICLE_layer_5=0.347, ade_TYPE_PEDESTRIAN_layer_5=0.360, ade_TYPE_CYCLIST_layer_5=0.284, loss=12.511, lr=6.25e-06
2026-08-19 22:16:36,194   INFO  epoch: 46/50, acc_iter=25300, cur_iter=505/539, batch_size=8, iter_cost=0.48s, time_cost(epoch): 04:02/00:16, time_cost(all): 3:31:19/13:12, ade_TYPE_VEHICLE_layer_5=0.455, ade_TYPE_PEDESTRIAN_layer_5=0.162, ade_TYPE_CYCLIST_layer_5=0.255, loss=32.607, lr=6.25e-06
2026-08-19 22:16:51,384   INFO  epoch: 46/50, acc_iter=25333, cur_iter=538/539, batch_size=4, iter_cost=0.48s, time_cost(epoch): 04:18/00:00, time_cost(all): 3:31:35/12:54, ade_TYPE_VEHICLE_layer_5=0.481, ade_TYPE_PEDESTRIAN_layer_5=0.232, ade_TYPE_CYCLIST_layer_5=-0.000, loss=-43.279, lr=6.25e-06
2026-08-19 22:16:53,392   INFO  ==> Eval with EMA weights (epoch 47)
2026-08-19 22:16:53,513   INFO  *************** EPOCH 47 EVALUATION *****************
2026-08-19 22:16:54,459   INFO  eval: epoch=47, batch_iter=0/79, batch_size=8, iter_cost=0.94s, time_cost: 00:00/01:14, 
2026-08-19 22:16:55,610   INFO  eval: epoch=47, batch_iter=10/79, batch_size=8, iter_cost=0.21s, time_cost: 00:02/00:14, 
2026-08-19 22:16:56,776   INFO  eval: epoch=47, batch_iter=20/79, batch_size=8, iter_cost=0.16s, time_cost: 00:03/00:09, 
2026-08-19 22:16:57,956   INFO  eval: epoch=47, batch_iter=30/79, batch_size=8, iter_cost=0.15s, time_cost: 00:04/00:07, 
2026-08-19 22:16:59,150   INFO  eval: epoch=47, batch_iter=40/79, batch_size=8, iter_cost=0.14s, time_cost: 00:05/00:05, 
2026-08-19 22:17:00,313   INFO  eval: epoch=47, batch_iter=50/79, batch_size=8, iter_cost=0.14s, time_cost: 00:06/00:03, 
2026-08-19 22:17:01,482   INFO  eval: epoch=47, batch_iter=60/79, batch_size=8, iter_cost=0.13s, time_cost: 00:07/00:02, 
2026-08-19 22:17:02,585   INFO  eval: epoch=47, batch_iter=70/79, batch_size=8, iter_cost=0.13s, time_cost: 00:09/00:01, 
2026-08-19 22:17:03,391   INFO  eval: epoch=47, batch_iter=78/79, batch_size=1, iter_cost=0.13s, time_cost: 00:09/00:00, 
eval:   0%|                                                                                                                                                                                               | 0/79 [00:09<?, ?it/s]
2026-08-19 22:17:03,495   INFO  Total number of samples before merging from multiple GPUs: 625
2026-08-19 22:17:03,931   INFO  Total number of samples after merging from multiple GPUs (removing duplicate): 5000
2026-08-19 22:17:03,936   INFO  *************** Performance of EPOCH 47 *****************
2026-08-19 22:17:03,936   INFO  Generate label finished(sec_per_example: 0.0021 second).
Total number for evaluation (intput): 5000
Total number for evaluation (after processed): 22520
Total number for evaluation (intput): 5000
Total number for evaluation (after processed): 22520
Total number for evaluation (intput): 5000
Total number for evaluation (after processed): 22520
2026-08-19 22:17:10,118   INFO  
========== Evaluation @ 3s ==========
minADE - VEHICLE: 0.4419 
minADE - PEDESTRIAN: 0.2247 
minADE - CYCLIST: 0.4267 
minFDE - VEHICLE: 0.8371 
minFDE - PEDESTRIAN: 0.4285 
minFDE - CYCLIST: 0.7963 
MissRate - VEHICLE: 0.2055 
MissRate - PEDESTRIAN: 0.0961 
MissRate - CYCLIST: 0.2500 
OverlapRate - VEHICLE: 0.0073 
OverlapRate - PEDESTRIAN: 0.0653 
OverlapRate - CYCLIST: 0.0217 
mAP - VEHICLE: 0.2790 
mAP - PEDESTRIAN: 0.4497 
mAP - CYCLIST: 0.3449 
minADE: 0.3644 
minFDE: 0.6873 
MissRate: 0.1839 
mAP: 0.3579 
       Waymo          mAP       minADE       minFDE     MissRate            
      VEHICLE      0.2790,      0.4419,      0.8371,      0.2055,            
   PEDESTRIAN      0.4497,      0.2247,      0.4285,      0.0961,            
      CYCLIST      0.3449,      0.4267,      0.7963,      0.2500,            
          Avg      0.3579,      0.3644,      0.6873,      0.1839,            
========== Evaluation @ 5s ==========
minADE - VEHICLE: 0.6743 
minADE - PEDESTRIAN: 0.3258 
minADE - CYCLIST: 0.6233 
minFDE - VEHICLE: 1.3225 
minFDE - PEDESTRIAN: 0.6438 
minFDE - CYCLIST: 1.2264 
MissRate - VEHICLE: 0.2317 
MissRate - PEDESTRIAN: 0.1044 
MissRate - CYCLIST: 0.2672 
OverlapRate - VEHICLE: 0.0166 
OverlapRate - PEDESTRIAN: 0.0712 
OverlapRate - CYCLIST: 0.0318 
mAP - VEHICLE: 0.2930 
mAP - PEDESTRIAN: 0.5332 
mAP - CYCLIST: 0.2450 
minADE: 0.5411 
minFDE: 1.0642 
MissRate: 0.2011 
mAP: 0.3571 
       Waymo          mAP       minADE       minFDE     MissRate            
      VEHICLE      0.2930,      0.6743,      1.3225,      0.2317,            
   PEDESTRIAN      0.5332,      0.3258,      0.6438,      0.1044,            
      CYCLIST      0.2450,      0.6233,      1.2264,      0.2672,            
          Avg      0.3571,      0.5411,      1.0642,      0.2011,            
========== Evaluation @ 8s ==========
minADE - VEHICLE: 1.0102 
minADE - PEDESTRIAN: 0.4598 
minADE - CYCLIST: 0.8892 
minFDE - VEHICLE: 2.1136 
minFDE - PEDESTRIAN: 0.9577 
minFDE - CYCLIST: 1.8471 
MissRate - VEHICLE: 0.2585 
MissRate - PEDESTRIAN: 0.1184 
MissRate - CYCLIST: 0.2734 
OverlapRate - VEHICLE: 0.0325 
OverlapRate - PEDESTRIAN: 0.0782 
OverlapRate - CYCLIST: 0.0463 
mAP - VEHICLE: 0.3041 
mAP - PEDESTRIAN: 0.3407 
mAP - CYCLIST: 0.2461 
minADE: 0.7864 
minFDE: 1.6395 
MissRate: 0.2168 
mAP: 0.2970 
       Waymo          mAP       minADE       minFDE     MissRate            
      VEHICLE      0.3041,      1.0102,      2.1136,      0.2585,            
   PEDESTRIAN      0.3407,      0.4598,      0.9577,      0.1184,            
      CYCLIST      0.2461,      0.8892,      1.8471,      0.2734,            
          Avg      0.2970,      0.7864,      1.6395,      0.2168,            
2026-08-19 22:17:10,119   INFO  Result is save to /root/wanqinghua/MTR/output/waymo/mtr_voyah_data/mtr_with_qcnet_v1/eval/eval_with_train
2026-08-19 22:17:10,119   INFO  ****************Evaluation done.*****************
epochs:  94%|██████████████████████████████████████████████████████████████████████████████████████████████████████████████████████████████████████████████████████████████████████▍          | 47/50 [3:31:53<13:54, 278.09s/it]
2026-08-19 22:17:11,647   INFO  epoch: 47/50, acc_iter=25334, cur_iter=0/539, batch_size=8, iter_cost=0.95s, time_cost(epoch): 00:00/08:31, time_cost(all): 3:31:55/25:35, ade_TYPE_VEHICLE_layer_5=0.468, ade_TYPE_PEDESTRIAN_layer_5=0.129, ade_TYPE_CYCLIST_layer_5=-0.000, loss=131.840, lr=6.25e-06
2026-08-19 22:17:19,382   INFO  epoch: 47/50, acc_iter=25350, cur_iter=16/539, batch_size=8, iter_cost=0.51s, time_cost(epoch): 00:08/04:27, time_cost(all): 3:32:03/13:37, ade_TYPE_VEHICLE_layer_5=0.301, ade_TYPE_PEDESTRIAN_layer_5=0.271, ade_TYPE_CYCLIST_layer_5=-0.000, loss=-73.098, lr=6.25e-06
2026-08-19 22:17:44,189   INFO  epoch: 47/50, acc_iter=25400, cur_iter=66/539, batch_size=8, iter_cost=0.50s, time_cost(epoch): 00:33/03:56, time_cost(all): 3:32:27/12:55, ade_TYPE_VEHICLE_layer_5=0.423, ade_TYPE_PEDESTRIAN_layer_5=0.495, ade_TYPE_CYCLIST_layer_5=0.443, loss=149.051, lr=6.25e-06
2026-08-19 22:18:08,214   INFO  epoch: 47/50, acc_iter=25450, cur_iter=116/539, batch_size=8, iter_cost=0.49s, time_cost(epoch): 00:57/03:27, time_cost(all): 3:32:52/12:17, ade_TYPE_VEHICLE_layer_5=0.379, ade_TYPE_PEDESTRIAN_layer_5=0.130, ade_TYPE_CYCLIST_layer_5=-0.000, loss=-30.490, lr=6.25e-06
2026-08-19 22:18:32,278   INFO  epoch: 47/50, acc_iter=25500, cur_iter=166/539, batch_size=8, iter_cost=0.49s, time_cost(epoch): 01:21/03:02, time_cost(all): 3:33:16/11:48, ade_TYPE_VEHICLE_layer_5=0.376, ade_TYPE_PEDESTRIAN_layer_5=0.172, ade_TYPE_CYCLIST_layer_5=-0.000, loss=28.086, lr=6.25e-06
2026-08-19 22:18:56,576   INFO  epoch: 47/50, acc_iter=25550, cur_iter=216/539, batch_size=8, iter_cost=0.49s, time_cost(epoch): 01:45/02:37, time_cost(all): 3:33:40/11:23, ade_TYPE_VEHICLE_layer_5=0.539, ade_TYPE_PEDESTRIAN_layer_5=0.197, ade_TYPE_CYCLIST_layer_5=-0.000, loss=52.719, lr=6.25e-06
2026-08-19 22:19:20,468   INFO  epoch: 47/50, acc_iter=25600, cur_iter=266/539, batch_size=8, iter_cost=0.49s, time_cost(epoch): 02:09/02:12, time_cost(all): 3:34:04/10:56, ade_TYPE_VEHICLE_layer_5=0.438, ade_TYPE_PEDESTRIAN_layer_5=0.354, ade_TYPE_CYCLIST_layer_5=-0.000, loss=46.918, lr=6.25e-06
2026-08-19 22:19:44,496   INFO  epoch: 47/50, acc_iter=25650, cur_iter=316/539, batch_size=8, iter_cost=0.49s, time_cost(epoch): 02:33/01:48, time_cost(all): 3:34:28/10:31, ade_TYPE_VEHICLE_layer_5=0.361, ade_TYPE_PEDESTRIAN_layer_5=0.084, ade_TYPE_CYCLIST_layer_5=0.182, loss=-27.710, lr=6.25e-06
2026-08-19 22:20:08,132   INFO  epoch: 47/50, acc_iter=25700, cur_iter=366/539, batch_size=8, iter_cost=0.48s, time_cost(epoch): 02:57/01:23, time_cost(all): 3:34:51/10:04, ade_TYPE_VEHICLE_layer_5=0.371, ade_TYPE_PEDESTRIAN_layer_5=0.097, ade_TYPE_CYCLIST_layer_5=-0.000, loss=24.255, lr=6.25e-06
2026-08-19 22:20:32,563   INFO  epoch: 47/50, acc_iter=25750, cur_iter=416/539, batch_size=8, iter_cost=0.48s, time_cost(epoch): 03:21/00:59, time_cost(all): 3:35:16/09:41, ade_TYPE_VEHICLE_layer_5=0.426, ade_TYPE_PEDESTRIAN_layer_5=0.073, ade_TYPE_CYCLIST_layer_5=0.299, loss=72.529, lr=6.25e-06
2026-08-19 22:20:56,359   INFO  epoch: 47/50, acc_iter=25800, cur_iter=466/539, batch_size=8, iter_cost=0.48s, time_cost(epoch): 03:45/00:35, time_cost(all): 3:35:40/09:16, ade_TYPE_VEHICLE_layer_5=0.393, ade_TYPE_PEDESTRIAN_layer_5=0.140, ade_TYPE_CYCLIST_layer_5=0.556, loss=27.317, lr=6.25e-06
2026-08-19 22:21:20,074   INFO  epoch: 47/50, acc_iter=25850, cur_iter=516/539, batch_size=8, iter_cost=0.48s, time_cost(epoch): 04:09/00:11, time_cost(all): 3:36:03/08:51, ade_TYPE_VEHICLE_layer_5=0.434, ade_TYPE_PEDESTRIAN_layer_5=0.188, ade_TYPE_CYCLIST_layer_5=-0.000, loss=65.277, lr=6.25e-06
2026-08-19 22:21:30,166   INFO  epoch: 47/50, acc_iter=25872, cur_iter=538/539, batch_size=4, iter_cost=0.48s, time_cost(epoch): 04:19/00:00, time_cost(all): 3:36:13/08:39, ade_TYPE_VEHICLE_layer_5=0.433, ade_TYPE_PEDESTRIAN_layer_5=0.170, ade_TYPE_CYCLIST_layer_5=-0.000, loss=-43.055, lr=6.25e-06
2026-08-19 22:21:31,745   INFO  ==> Eval with EMA weights (epoch 48)
2026-08-19 22:21:31,871   INFO  *************** EPOCH 48 EVALUATION *****************
2026-08-19 22:21:32,813   INFO  eval: epoch=48, batch_iter=0/79, batch_size=8, iter_cost=0.94s, time_cost: 00:00/01:14, 
2026-08-19 22:21:33,958   INFO  eval: epoch=48, batch_iter=10/79, batch_size=8, iter_cost=0.21s, time_cost: 00:02/00:14, 
2026-08-19 22:21:35,132   INFO  eval: epoch=48, batch_iter=20/79, batch_size=8, iter_cost=0.16s, time_cost: 00:03/00:09, 
2026-08-19 22:21:36,308   INFO  eval: epoch=48, batch_iter=30/79, batch_size=8, iter_cost=0.15s, time_cost: 00:04/00:07, 
2026-08-19 22:21:37,508   INFO  eval: epoch=48, batch_iter=40/79, batch_size=8, iter_cost=0.14s, time_cost: 00:05/00:05, 
2026-08-19 22:21:38,670   INFO  eval: epoch=48, batch_iter=50/79, batch_size=8, iter_cost=0.14s, time_cost: 00:06/00:03, 
2026-08-19 22:21:39,837   INFO  eval: epoch=48, batch_iter=60/79, batch_size=8, iter_cost=0.13s, time_cost: 00:07/00:02, 
2026-08-19 22:21:40,944   INFO  eval: epoch=48, batch_iter=70/79, batch_size=8, iter_cost=0.13s, time_cost: 00:09/00:01, 
2026-08-19 22:21:41,752   INFO  eval: epoch=48, batch_iter=78/79, batch_size=1, iter_cost=0.13s, time_cost: 00:09/00:00, 
eval:   0%|                                                                                                                                                                                               | 0/79 [00:10<?, ?it/s]
2026-08-19 22:21:41,874   INFO  Total number of samples before merging from multiple GPUs: 625
2026-08-19 22:21:42,506   INFO  Total number of samples after merging from multiple GPUs (removing duplicate): 5000
2026-08-19 22:21:42,511   INFO  *************** Performance of EPOCH 48 *****************
2026-08-19 22:21:42,511   INFO  Generate label finished(sec_per_example: 0.0021 second).
Total number for evaluation (intput): 5000
Total number for evaluation (after processed): 22520
Total number for evaluation (intput): 5000
Total number for evaluation (after processed): 22520
Total number for evaluation (intput): 5000
Total number for evaluation (after processed): 22520
2026-08-19 22:21:48,770   INFO  
========== Evaluation @ 3s ==========
minADE - VEHICLE: 0.4400 
minADE - PEDESTRIAN: 0.2233 
minADE - CYCLIST: 0.4307 
minFDE - VEHICLE: 0.8396 
minFDE - PEDESTRIAN: 0.4298 
minFDE - CYCLIST: 0.8147 
MissRate - VEHICLE: 0.2103 
MissRate - PEDESTRIAN: 0.1013 
MissRate - CYCLIST: 0.2661 
OverlapRate - VEHICLE: 0.0066 
OverlapRate - PEDESTRIAN: 0.0644 
OverlapRate - CYCLIST: 0.0275 
mAP - VEHICLE: 0.2689 
mAP - PEDESTRIAN: 0.4646 
mAP - CYCLIST: 0.3764 
minADE: 0.3646 
minFDE: 0.6947 
MissRate: 0.1926 
mAP: 0.3700 
       Waymo          mAP       minADE       minFDE     MissRate            
      VEHICLE      0.2689,      0.4400,      0.8396,      0.2103,            
   PEDESTRIAN      0.4646,      0.2233,      0.4298,      0.1013,            
      CYCLIST      0.3764,      0.4307,      0.8147,      0.2661,            
          Avg      0.3700,      0.3646,      0.6947,      0.1926,            
========== Evaluation @ 5s ==========
minADE - VEHICLE: 0.6719 
minADE - PEDESTRIAN: 0.3267 
minADE - CYCLIST: 0.6308 
minFDE - VEHICLE: 1.3239 
minFDE - PEDESTRIAN: 0.6507 
minFDE - CYCLIST: 1.2495 
MissRate - VEHICLE: 0.2367 
MissRate - PEDESTRIAN: 0.1128 
MissRate - CYCLIST: 0.2819 
OverlapRate - VEHICLE: 0.0159 
OverlapRate - PEDESTRIAN: 0.0717 
OverlapRate - CYCLIST: 0.0347 
mAP - VEHICLE: 0.2916 
mAP - PEDESTRIAN: 0.5301 
mAP - CYCLIST: 0.2684 
minADE: 0.5431 
minFDE: 1.0747 
MissRate: 0.2105 
mAP: 0.3634 
       Waymo          mAP       minADE       minFDE     MissRate            
      VEHICLE      0.2916,      0.6719,      1.3239,      0.2367,            
   PEDESTRIAN      0.5301,      0.3267,      0.6507,      0.1128,            
      CYCLIST      0.2684,      0.6308,      1.2495,      0.2819,            
          Avg      0.3634,      0.5431,      1.0747,      0.2105,            
========== Evaluation @ 8s ==========
minADE - VEHICLE: 1.0023 
minADE - PEDESTRIAN: 0.4625 
minADE - CYCLIST: 0.8965 
minFDE - VEHICLE: 2.0998 
minFDE - PEDESTRIAN: 0.9655 
minFDE - CYCLIST: 1.8707 
MissRate - VEHICLE: 0.2620 
MissRate - PEDESTRIAN: 0.1264 
MissRate - CYCLIST: 0.2844 
OverlapRate - VEHICLE: 0.0312 
OverlapRate - PEDESTRIAN: 0.0788 
OverlapRate - CYCLIST: 0.0497 
mAP - VEHICLE: 0.3061 
mAP - PEDESTRIAN: 0.3248 
mAP - CYCLIST: 0.2546 
minADE: 0.7871 
minFDE: 1.6454 
MissRate: 0.2243 
mAP: 0.2952 
       Waymo          mAP       minADE       minFDE     MissRate            
      VEHICLE      0.3061,      1.0023,      2.0998,      0.2620,            
   PEDESTRIAN      0.3248,      0.4625,      0.9655,      0.1264,            
      CYCLIST      0.2546,      0.8965,      1.8707,      0.2844,            
          Avg      0.2952,      0.7871,      1.6454,      0.2243,            
2026-08-19 22:21:48,771   INFO  Result is save to /root/wanqinghua/MTR/output/waymo/mtr_voyah_data/mtr_with_qcnet_v1/eval/eval_with_train
2026-08-19 22:21:48,772   INFO  ****************Evaluation done.*****************
epochs:  96%|█████████████████████████████████████████████████████████████████████████████████████████████████████████████████████████████████████████████████████████████████████████▉       | 48/50 [3:36:32<09:16, 278.26s/it]
2026-08-19 22:21:50,451   INFO  epoch: 48/50, acc_iter=25873, cur_iter=0/539, batch_size=8, iter_cost=1.06s, time_cost(epoch): 00:01/09:32, time_cost(all): 3:36:34/19:05, ade_TYPE_VEHICLE_layer_5=0.382, ade_TYPE_PEDESTRIAN_layer_5=0.221, ade_TYPE_CYCLIST_layer_5=0.497, loss=35.626, lr=6.25e-06
2026-08-19 22:22:03,333   INFO  epoch: 48/50, acc_iter=25900, cur_iter=27/539, batch_size=8, iter_cost=0.50s, time_cost(epoch): 00:13/04:14, time_cost(all): 3:36:47/08:43, ade_TYPE_VEHICLE_layer_5=0.317, ade_TYPE_PEDESTRIAN_layer_5=-0.000, ade_TYPE_CYCLIST_layer_5=0.354, loss=18.326, lr=6.25e-06
2026-08-19 22:22:27,664   INFO  epoch: 48/50, acc_iter=25950, cur_iter=77/539, batch_size=8, iter_cost=0.49s, time_cost(epoch): 00:38/03:46, time_cost(all): 3:37:11/08:11, ade_TYPE_VEHICLE_layer_5=0.438, ade_TYPE_PEDESTRIAN_layer_5=0.152, ade_TYPE_CYCLIST_layer_5=0.365, loss=59.357, lr=6.25e-06
2026-08-19 22:22:52,015   INFO  epoch: 48/50, acc_iter=26000, cur_iter=127/539, batch_size=8, iter_cost=0.49s, time_cost(epoch): 01:02/03:21, time_cost(all): 3:37:35/07:45, ade_TYPE_VEHICLE_layer_5=0.344, ade_TYPE_PEDESTRIAN_layer_5=0.173, ade_TYPE_CYCLIST_layer_5=0.272, loss=11.414, lr=6.25e-06
2026-08-19 22:23:15,400   INFO  epoch: 48/50, acc_iter=26050, cur_iter=177/539, batch_size=8, iter_cost=0.48s, time_cost(epoch): 01:26/02:54, time_cost(all): 3:37:59/07:15, ade_TYPE_VEHICLE_layer_5=0.690, ade_TYPE_PEDESTRIAN_layer_5=0.119, ade_TYPE_CYCLIST_layer_5=-0.000, loss=130.633, lr=6.25e-06
2026-08-19 22:23:38,789   INFO  epoch: 48/50, acc_iter=26100, cur_iter=227/539, batch_size=8, iter_cost=0.48s, time_cost(epoch): 01:49/02:29, time_cost(all): 3:38:22/06:48, ade_TYPE_VEHICLE_layer_5=0.476, ade_TYPE_PEDESTRIAN_layer_5=0.424, ade_TYPE_CYCLIST_layer_5=-0.000, loss=42.491, lr=6.25e-06
2026-08-19 22:24:02,489   INFO  epoch: 48/50, acc_iter=26150, cur_iter=277/539, batch_size=8, iter_cost=0.48s, time_cost(epoch): 02:13/02:05, time_cost(all): 3:38:46/06:23, ade_TYPE_VEHICLE_layer_5=0.415, ade_TYPE_PEDESTRIAN_layer_5=0.107, ade_TYPE_CYCLIST_layer_5=0.304, loss=26.646, lr=6.25e-06
2026-08-19 22:24:26,546   INFO  epoch: 48/50, acc_iter=26200, cur_iter=327/539, batch_size=8, iter_cost=0.48s, time_cost(epoch): 02:37/01:41, time_cost(all): 3:39:10/05:59, ade_TYPE_VEHICLE_layer_5=0.416, ade_TYPE_PEDESTRIAN_layer_5=0.130, ade_TYPE_CYCLIST_layer_5=0.398, loss=-19.122, lr=6.25e-06
2026-08-19 22:24:50,591   INFO  epoch: 48/50, acc_iter=26250, cur_iter=377/539, batch_size=8, iter_cost=0.48s, time_cost(epoch): 03:01/01:17, time_cost(all): 3:39:34/05:36, ade_TYPE_VEHICLE_layer_5=0.425, ade_TYPE_PEDESTRIAN_layer_5=0.249, ade_TYPE_CYCLIST_layer_5=0.191, loss=-31.133, lr=6.25e-06
2026-08-19 22:25:14,347   INFO  epoch: 48/50, acc_iter=26300, cur_iter=427/539, batch_size=8, iter_cost=0.48s, time_cost(epoch): 03:24/00:53, time_cost(all): 3:39:58/05:11, ade_TYPE_VEHICLE_layer_5=0.406, ade_TYPE_PEDESTRIAN_layer_5=0.157, ade_TYPE_CYCLIST_layer_5=0.385, loss=41.894, lr=6.25e-06
2026-08-19 22:25:38,482   INFO  epoch: 48/50, acc_iter=26350, cur_iter=477/539, batch_size=8, iter_cost=0.48s, time_cost(epoch): 03:49/00:29, time_cost(all): 3:40:22/04:48, ade_TYPE_VEHICLE_layer_5=0.447, ade_TYPE_PEDESTRIAN_layer_5=0.210, ade_TYPE_CYCLIST_layer_5=-0.000, loss=52.507, lr=6.25e-06
2026-08-19 22:26:02,149   INFO  epoch: 48/50, acc_iter=26400, cur_iter=527/539, batch_size=8, iter_cost=0.48s, time_cost(epoch): 04:12/00:05, time_cost(all): 3:40:45/04:23, ade_TYPE_VEHICLE_layer_5=0.441, ade_TYPE_PEDESTRIAN_layer_5=0.164, ade_TYPE_CYCLIST_layer_5=-0.000, loss=24.259, lr=6.25e-06
2026-08-19 22:26:07,427   INFO  epoch: 48/50, acc_iter=26411, cur_iter=538/539, batch_size=4, iter_cost=0.48s, time_cost(epoch): 04:18/00:00, time_cost(all): 3:40:51/04:18, ade_TYPE_VEHICLE_layer_5=0.439, ade_TYPE_PEDESTRIAN_layer_5=0.081, ade_TYPE_CYCLIST_layer_5=-0.000, loss=31.192, lr=6.25e-06
2026-08-19 22:26:09,026   INFO  ==> Eval with EMA weights (epoch 49)
2026-08-19 22:26:09,160   INFO  *************** EPOCH 49 EVALUATION *****************
2026-08-19 22:26:10,040   INFO  eval: epoch=49, batch_iter=0/79, batch_size=8, iter_cost=0.88s, time_cost: 00:00/01:09, 
2026-08-19 22:26:11,189   INFO  eval: epoch=49, batch_iter=10/79, batch_size=8, iter_cost=0.20s, time_cost: 00:02/00:13, 
2026-08-19 22:26:12,372   INFO  eval: epoch=49, batch_iter=20/79, batch_size=8, iter_cost=0.16s, time_cost: 00:03/00:09, 
2026-08-19 22:26:13,559   INFO  eval: epoch=49, batch_iter=30/79, batch_size=8, iter_cost=0.15s, time_cost: 00:04/00:07, 
2026-08-19 22:26:14,767   INFO  eval: epoch=49, batch_iter=40/79, batch_size=8, iter_cost=0.14s, time_cost: 00:05/00:05, 
2026-08-19 22:26:15,947   INFO  eval: epoch=49, batch_iter=50/79, batch_size=8, iter_cost=0.14s, time_cost: 00:06/00:03, 
2026-08-19 22:26:17,133   INFO  eval: epoch=49, batch_iter=60/79, batch_size=8, iter_cost=0.13s, time_cost: 00:07/00:02, 
2026-08-19 22:26:18,240   INFO  eval: epoch=49, batch_iter=70/79, batch_size=8, iter_cost=0.13s, time_cost: 00:09/00:01, 
2026-08-19 22:26:19,058   INFO  eval: epoch=49, batch_iter=78/79, batch_size=1, iter_cost=0.13s, time_cost: 00:09/00:00, 
eval:   0%|                                                                                                                                                                                               | 0/79 [00:10<?, ?it/s]
2026-08-19 22:26:19,165   INFO  Total number of samples before merging from multiple GPUs: 625
2026-08-19 22:26:19,599   INFO  Total number of samples after merging from multiple GPUs (removing duplicate): 5000
2026-08-19 22:26:19,604   INFO  *************** Performance of EPOCH 49 *****************
2026-08-19 22:26:19,605   INFO  Generate label finished(sec_per_example: 0.0021 second).
Total number for evaluation (intput): 5000
Total number for evaluation (after processed): 22520
Total number for evaluation (intput): 5000
Total number for evaluation (after processed): 22520
Total number for evaluation (intput): 5000
Total number for evaluation (after processed): 22520
2026-08-19 22:26:25,818   INFO  
========== Evaluation @ 3s ==========
minADE - VEHICLE: 0.4379 
minADE - PEDESTRIAN: 0.2264 
minADE - CYCLIST: 0.4213 
minFDE - VEHICLE: 0.8303 
minFDE - PEDESTRIAN: 0.4352 
minFDE - CYCLIST: 0.7883 
MissRate - VEHICLE: 0.2039 
MissRate - PEDESTRIAN: 0.0953 
MissRate - CYCLIST: 0.2792 
OverlapRate - VEHICLE: 0.0070 
OverlapRate - PEDESTRIAN: 0.0661 
OverlapRate - CYCLIST: 0.0217 
mAP - VEHICLE: 0.2767 
mAP - PEDESTRIAN: 0.4353 
mAP - CYCLIST: 0.3491 
minADE: 0.3619 
minFDE: 0.6846 
MissRate: 0.1928 
mAP: 0.3537 
       Waymo          mAP       minADE       minFDE     MissRate            
      VEHICLE      0.2767,      0.4379,      0.8303,      0.2039,            
   PEDESTRIAN      0.4353,      0.2264,      0.4352,      0.0953,            
      CYCLIST      0.3491,      0.4213,      0.7883,      0.2792,            
          Avg      0.3537,      0.3619,      0.6846,      0.1928,            
========== Evaluation @ 5s ==========
minADE - VEHICLE: 0.6662 
minADE - PEDESTRIAN: 0.3298 
minADE - CYCLIST: 0.6149 
minFDE - VEHICLE: 1.3016 
minFDE - PEDESTRIAN: 0.6538 
minFDE - CYCLIST: 1.2130 
MissRate - VEHICLE: 0.2293 
MissRate - PEDESTRIAN: 0.1053 
MissRate - CYCLIST: 0.2841 
OverlapRate - VEHICLE: 0.0162 
OverlapRate - PEDESTRIAN: 0.0730 
OverlapRate - CYCLIST: 0.0318 
mAP - VEHICLE: 0.2970 
mAP - PEDESTRIAN: 0.5242 
mAP - CYCLIST: 0.2600 
minADE: 0.5370 
minFDE: 1.0562 
MissRate: 0.2062 
mAP: 0.3604 
       Waymo          mAP       minADE       minFDE     MissRate            
      VEHICLE      0.2970,      0.6662,      1.3016,      0.2293,            
   PEDESTRIAN      0.5242,      0.3298,      0.6538,      0.1053,            
      CYCLIST      0.2600,      0.6149,      1.2130,      0.2841,            
          Avg      0.3604,      0.5370,      1.0562,      0.2062,            
========== Evaluation @ 8s ==========
minADE - VEHICLE: 0.9923 
minADE - PEDESTRIAN: 0.4659 
minADE - CYCLIST: 0.8757 
minFDE - VEHICLE: 2.0599 
minFDE - PEDESTRIAN: 0.9705 
minFDE - CYCLIST: 1.8153 
MissRate - VEHICLE: 0.2542 
MissRate - PEDESTRIAN: 0.1198 
MissRate - CYCLIST: 0.2859 
OverlapRate - VEHICLE: 0.0313 
OverlapRate - PEDESTRIAN: 0.0794 
OverlapRate - CYCLIST: 0.0444 
mAP - VEHICLE: 0.3109 
mAP - PEDESTRIAN: 0.3473 
mAP - CYCLIST: 0.2499 
minADE: 0.7780 
minFDE: 1.6152 
MissRate: 0.2199 
mAP: 0.3027 
       Waymo          mAP       minADE       minFDE     MissRate            
      VEHICLE      0.3109,      0.9923,      2.0599,      0.2542,            
   PEDESTRIAN      0.3473,      0.4659,      0.9705,      0.1198,            
      CYCLIST      0.2499,      0.8757,      1.8153,      0.2859,            
          Avg      0.3027,      0.7780,      1.6152,      0.2199,            
2026-08-19 22:26:25,820   INFO  Result is save to /root/wanqinghua/MTR/output/waymo/mtr_voyah_data/mtr_with_qcnet_v1/eval/eval_with_train
2026-08-19 22:26:25,820   INFO  ****************Evaluation done.*****************
epochs:  98%|█████████████████████████████████████████████████████████████████████████████████████████████████████████████████████████████████████████████████████████████████████████████▍   | 49/50 [3:41:09<04:37, 277.90s/it]
2026-08-19 22:26:27,365   INFO  epoch: 49/50, acc_iter=26412, cur_iter=0/539, batch_size=8, iter_cost=0.96s, time_cost(epoch): 00:00/08:38, time_cost(all): 3:41:11/08:38, ade_TYPE_VEHICLE_layer_5=0.466, ade_TYPE_PEDESTRIAN_layer_5=-0.000, ade_TYPE_CYCLIST_layer_5=0.315, loss=56.233, lr=6.25e-06
2026-08-19 22:26:45,326   INFO  epoch: 49/50, acc_iter=26450, cur_iter=38/539, batch_size=8, iter_cost=0.49s, time_cost(epoch): 00:18/04:03, time_cost(all): 3:41:29/04:03, ade_TYPE_VEHICLE_layer_5=0.387, ade_TYPE_PEDESTRIAN_layer_5=0.088, ade_TYPE_CYCLIST_layer_5=0.196, loss=-19.228, lr=6.25e-06
2026-08-19 22:27:09,693   INFO  epoch: 49/50, acc_iter=26500, cur_iter=88/539, batch_size=8, iter_cost=0.49s, time_cost(epoch): 00:43/03:39, time_cost(all): 3:41:53/03:39, ade_TYPE_VEHICLE_layer_5=0.539, ade_TYPE_PEDESTRIAN_layer_5=0.160, ade_TYPE_CYCLIST_layer_5=-0.000, loss=51.335, lr=6.25e-06
2026-08-19 22:27:33,696   INFO  epoch: 49/50, acc_iter=26550, cur_iter=138/539, batch_size=8, iter_cost=0.48s, time_cost(epoch): 01:07/03:14, time_cost(all): 3:42:17/03:14, ade_TYPE_VEHICLE_layer_5=0.350, ade_TYPE_PEDESTRIAN_layer_5=0.158, ade_TYPE_CYCLIST_layer_5=0.328, loss=22.868, lr=6.25e-06
2026-08-19 22:27:57,664   INFO  epoch: 49/50, acc_iter=26600, cur_iter=188/539, batch_size=8, iter_cost=0.48s, time_cost(epoch): 01:31/02:49, time_cost(all): 3:42:41/02:49, ade_TYPE_VEHICLE_layer_5=0.431, ade_TYPE_PEDESTRIAN_layer_5=0.105, ade_TYPE_CYCLIST_layer_5=0.381, loss=-14.886, lr=6.25e-06
2026-08-19 22:28:21,874   INFO  epoch: 49/50, acc_iter=26650, cur_iter=238/539, batch_size=8, iter_cost=0.48s, time_cost(epoch): 01:55/02:25, time_cost(all): 3:43:05/02:25, ade_TYPE_VEHICLE_layer_5=0.390, ade_TYPE_PEDESTRIAN_layer_5=0.161, ade_TYPE_CYCLIST_layer_5=0.527, loss=-61.037, lr=6.25e-06
2026-08-19 22:28:45,776   INFO  epoch: 49/50, acc_iter=26700, cur_iter=288/539, batch_size=8, iter_cost=0.48s, time_cost(epoch): 02:19/02:01, time_cost(all): 3:43:29/02:01, ade_TYPE_VEHICLE_layer_5=0.313, ade_TYPE_PEDESTRIAN_layer_5=0.099, ade_TYPE_CYCLIST_layer_5=-0.000, loss=5.707, lr=6.25e-06
2026-08-19 22:29:10,030   INFO  epoch: 49/50, acc_iter=26750, cur_iter=338/539, batch_size=8, iter_cost=0.48s, time_cost(epoch): 02:43/01:37, time_cost(all): 3:43:53/01:37, ade_TYPE_VEHICLE_layer_5=0.535, ade_TYPE_PEDESTRIAN_layer_5=0.162, ade_TYPE_CYCLIST_layer_5=-0.000, loss=83.738, lr=6.25e-06
2026-08-19 22:29:33,893   INFO  epoch: 49/50, acc_iter=26800, cur_iter=388/539, batch_size=8, iter_cost=0.48s, time_cost(epoch): 03:07/01:12, time_cost(all): 3:44:17/01:12, ade_TYPE_VEHICLE_layer_5=0.366, ade_TYPE_PEDESTRIAN_layer_5=0.095, ade_TYPE_CYCLIST_layer_5=0.181, loss=21.574, lr=6.25e-06
2026-08-19 22:29:58,355   INFO  epoch: 49/50, acc_iter=26850, cur_iter=438/539, batch_size=8, iter_cost=0.48s, time_cost(epoch): 03:31/00:48, time_cost(all): 3:44:42/00:48, ade_TYPE_VEHICLE_layer_5=0.798, ade_TYPE_PEDESTRIAN_layer_5=0.243, ade_TYPE_CYCLIST_layer_5=-0.000, loss=97.574, lr=6.25e-06
2026-08-19 22:30:22,996   INFO  epoch: 49/50, acc_iter=26900, cur_iter=488/539, batch_size=8, iter_cost=0.48s, time_cost(epoch): 03:56/00:24, time_cost(all): 3:45:06/00:24, ade_TYPE_VEHICLE_layer_5=0.570, ade_TYPE_PEDESTRIAN_layer_5=0.207, ade_TYPE_CYCLIST_layer_5=0.618, loss=132.675, lr=6.25e-06
2026-08-19 22:30:46,799   INFO  epoch: 49/50, acc_iter=26950, cur_iter=538/539, batch_size=4, iter_cost=0.48s, time_cost(epoch): 04:20/00:00, time_cost(all): 3:45:30/00:00, ade_TYPE_VEHICLE_layer_5=0.528, ade_TYPE_PEDESTRIAN_layer_5=0.225, ade_TYPE_CYCLIST_layer_5=-0.000, loss=53.583, lr=6.25e-06
train:   0%|                                                                                                                                                                                             | 0/539 [04:20<?, ?it/s]
2026-08-19 22:30:48,410   INFO  ==> Eval with EMA weights (epoch 50)
2026-08-19 22:30:48,543   INFO  *************** EPOCH 50 EVALUATION *****************
2026-08-19 22:30:49,496   INFO  eval: epoch=50, batch_iter=0/79, batch_size=8, iter_cost=0.95s, time_cost: 00:00/01:15, 
2026-08-19 22:30:50,730   INFO  eval: epoch=50, batch_iter=10/79, batch_size=8, iter_cost=0.22s, time_cost: 00:02/00:15, 
2026-08-19 22:30:51,917   INFO  eval: epoch=50, batch_iter=20/79, batch_size=8, iter_cost=0.17s, time_cost: 00:03/00:09, 
2026-08-19 22:30:53,094   INFO  eval: epoch=50, batch_iter=30/79, batch_size=8, iter_cost=0.15s, time_cost: 00:04/00:07, 
2026-08-19 22:30:54,290   INFO  eval: epoch=50, batch_iter=40/79, batch_size=8, iter_cost=0.14s, time_cost: 00:05/00:05, 
2026-08-19 22:30:55,470   INFO  eval: epoch=50, batch_iter=50/79, batch_size=8, iter_cost=0.14s, time_cost: 00:06/00:04, 
2026-08-19 22:30:56,641   INFO  eval: epoch=50, batch_iter=60/79, batch_size=8, iter_cost=0.13s, time_cost: 00:08/00:02, 
2026-08-19 22:30:57,745   INFO  eval: epoch=50, batch_iter=70/79, batch_size=8, iter_cost=0.13s, time_cost: 00:09/00:01, 
2026-08-19 22:30:58,569   INFO  eval: epoch=50, batch_iter=78/79, batch_size=1, iter_cost=0.13s, time_cost: 00:10/00:00, 
eval:   0%|                                                                                                                                                                                               | 0/79 [00:10<?, ?it/s]
2026-08-19 22:30:58,663   INFO  Total number of samples before merging from multiple GPUs: 625
2026-08-19 22:30:59,230   INFO  Total number of samples after merging from multiple GPUs (removing duplicate): 5000
2026-08-19 22:30:59,234   INFO  *************** Performance of EPOCH 50 *****************
2026-08-19 22:30:59,234   INFO  Generate label finished(sec_per_example: 0.0021 second).
Total number for evaluation (intput): 5000
Total number for evaluation (after processed): 22520
Total number for evaluation (intput): 5000
Total number for evaluation (after processed): 22520
