swanlab: Tracking run with swanlab version 0.7.20
swanlab: Run data will be saved locally in /root/wanqinghua/MTR/tools/swanlog/run-20260820_052840-qonmvsyf8w6oz1de7ubgt
swanlab: 👋 Hi alva_wan,welcome to swanlab!
swanlab: Syncing run mtr_with_qcnet_v2 to the cloud
swanlab: 🏠 View project at https://swanlab.cn/@alva_wan/MTR
swanlab: 🚀 View run at https://swanlab.cn/@alva_wan/MTR/runs/qonmvsyf8w6oz1de7ubgt
2026-08-20 05:28:40,824   INFO  Start to load infos from /root/wanqinghua/MTR/../data/processed_scenarios_training_infos.pkl
2026-08-20 05:28:41,381   INFO  Total scenes before filters: 34459
2026-08-20 05:28:41,854   INFO  Total scenes after filter_info_by_object_type: 34459
2026-08-20 05:28:41,855   INFO  Total scenes after filters: 34459
2026-08-20 05:28:42,645   INFO  DistributedDataParallel(
  (module): MotionTransformer(
    (context_encoder): MTREncoder(
      (agent_polyline_encoder): PointNetPolylineEncoder(
        (pre_mlps): Sequential(
          (0): Linear(in_features=30, out_features=256, bias=False)
          (1): SyncBatchNorm(256, eps=1e-05, momentum=0.1, affine=True, track_running_stats=True)
          (2): ReLU()
        )
        (mlps): Sequential(
          (0): Linear(in_features=512, out_features=256, bias=False)
          (1): SyncBatchNorm(256, eps=1e-05, momentum=0.1, affine=True, track_running_stats=True)
          (2): ReLU()
          (3): Linear(in_features=256, out_features=256, bias=False)
          (4): SyncBatchNorm(256, eps=1e-05, momentum=0.1, affine=True, track_running_stats=True)
          (5): ReLU()
        )
        (out_mlps): Sequential(
          (0): Linear(in_features=256, out_features=256, bias=True)
          (1): ReLU()
          (2): Linear(in_features=256, out_features=256, bias=True)
        )
      )
      (map_polyline_encoder): PointNetPolylineEncoder(
        (pre_mlps): Sequential(
          (0): Linear(in_features=9, out_features=64, bias=False)
          (1): SyncBatchNorm(64, eps=1e-05, momentum=0.1, affine=True, track_running_stats=True)
          (2): ReLU()
          (3): Linear(in_features=64, out_features=64, bias=False)
          (4): SyncBatchNorm(64, eps=1e-05, momentum=0.1, affine=True, track_running_stats=True)
          (5): ReLU()
          (6): Linear(in_features=64, out_features=64, bias=False)
          (7): SyncBatchNorm(64, eps=1e-05, momentum=0.1, affine=True, track_running_stats=True)
          (8): ReLU()
        )
        (mlps): Sequential(
          (0): Linear(in_features=128, out_features=64, bias=False)
          (1): SyncBatchNorm(64, eps=1e-05, momentum=0.1, affine=True, track_running_stats=True)
          (2): ReLU()
          (3): Linear(in_features=64, out_features=64, bias=False)
          (4): SyncBatchNorm(64, eps=1e-05, momentum=0.1, affine=True, track_running_stats=True)
          (5): ReLU()
        )
        (out_mlps): Sequential(
          (0): Linear(in_features=64, out_features=64, bias=True)
          (1): ReLU()
          (2): Linear(in_features=64, out_features=256, bias=True)
        )
      )
      (self_attn_layers): ModuleList(
        (0-5): 6 x TransformerEncoderLayer(
          (self_attn): MultiheadAttentionLocal(
            (out_proj): Linear(in_features=256, out_features=256, bias=True)
          )
          (linear1): Linear(in_features=256, out_features=1024, bias=True)
          (dropout): Dropout(p=0.1, inplace=False)
          (linear2): Linear(in_features=1024, out_features=256, bias=True)
          (norm1): LayerNorm((256,), eps=1e-05, elementwise_affine=True)
          (norm2): LayerNorm((256,), eps=1e-05, elementwise_affine=True)
          (dropout1): Dropout(p=0.1, inplace=False)
          (dropout2): Dropout(p=0.1, inplace=False)
        )
      )
    )
    (motion_decoder): MTRDecoder(
      (in_proj_center_obj): Sequential(
        (0): Linear(in_features=256, out_features=512, bias=True)
        (1): ReLU()
        (2): Linear(in_features=512, out_features=512, bias=True)
      )
      (in_proj_obj): Sequential(
        (0): Linear(in_features=256, out_features=512, bias=True)
        (1): ReLU()
        (2): Linear(in_features=512, out_features=512, bias=True)
      )
      (obj_decoder_layers): ModuleList(
        (0-5): 6 x TransformerDecoderLayer(
          (sa_qcontent_proj): Linear(in_features=512, out_features=512, bias=True)
          (sa_qpos_proj): Linear(in_features=512, out_features=512, bias=True)
          (sa_kcontent_proj): Linear(in_features=512, out_features=512, bias=True)
          (sa_kpos_proj): Linear(in_features=512, out_features=512, bias=True)
          (sa_v_proj): Linear(in_features=512, out_features=512, bias=True)
          (self_attn): MultiheadAttention(
            (out_proj): Linear(in_features=512, out_features=512, bias=True)
          )
          (norm1): LayerNorm((512,), eps=1e-05, elementwise_affine=True)
          (dropout1): Dropout(p=0.1, inplace=False)
          (ca_qcontent_proj): Linear(in_features=512, out_features=512, bias=True)
          (ca_qpos_proj): Linear(in_features=512, out_features=512, bias=True)
          (ca_kcontent_proj): Linear(in_features=512, out_features=512, bias=True)
          (ca_kpos_proj): Linear(in_features=512, out_features=512, bias=True)
          (ca_v_proj): Linear(in_features=512, out_features=512, bias=True)
          (ca_qpos_sine_proj): Linear(in_features=512, out_features=512, bias=True)
          (cross_attn): MultiheadAttention(
            (out_proj): Linear(in_features=512, out_features=512, bias=True)
          )
          (linear1): Linear(in_features=512, out_features=2048, bias=True)
          (dropout): Dropout(p=0.1, inplace=False)
          (linear2): Linear(in_features=2048, out_features=512, bias=True)
          (norm2): LayerNorm((512,), eps=1e-05, elementwise_affine=True)
          (norm3): LayerNorm((512,), eps=1e-05, elementwise_affine=True)
          (dropout2): Dropout(p=0.1, inplace=False)
          (dropout3): Dropout(p=0.1, inplace=False)
        )
      )
      (in_proj_map): Sequential(
        (0): Linear(in_features=256, out_features=256, bias=True)
        (1): ReLU()
        (2): Linear(in_features=256, out_features=256, bias=True)
      )
      (map_decoder_layers): ModuleList(
        (0-5): 6 x TransformerDecoderLayer(
          (sa_qcontent_proj): Linear(in_features=256, out_features=256, bias=True)
          (sa_qpos_proj): Linear(in_features=256, out_features=256, bias=True)
          (sa_kcontent_proj): Linear(in_features=256, out_features=256, bias=True)
          (sa_kpos_proj): Linear(in_features=256, out_features=256, bias=True)
          (sa_v_proj): Linear(in_features=256, out_features=256, bias=True)
          (self_attn): MultiheadAttention(
            (out_proj): Linear(in_features=256, out_features=256, bias=True)
          )
          (norm1): LayerNorm((256,), eps=1e-05, elementwise_affine=True)
          (dropout1): Dropout(p=0.1, inplace=False)
          (ca_qcontent_proj): Linear(in_features=256, out_features=256, bias=True)
          (ca_qpos_proj): Linear(in_features=256, out_features=256, bias=True)
          (ca_kcontent_proj): Linear(in_features=256, out_features=256, bias=True)
          (ca_kpos_proj): Linear(in_features=256, out_features=256, bias=True)
          (ca_v_proj): Linear(in_features=256, out_features=256, bias=True)
          (ca_qpos_sine_proj): Linear(in_features=256, out_features=256, bias=True)
          (cross_attn): MultiheadAttentionLocal(
            (out_proj): Linear(in_features=256, out_features=256, bias=True)
          )
          (linear1): Linear(in_features=256, out_features=1024, bias=True)
          (dropout): Dropout(p=0.1, inplace=False)
          (linear2): Linear(in_features=1024, out_features=256, bias=True)
          (norm2): LayerNorm((256,), eps=1e-05, elementwise_affine=True)
          (norm3): LayerNorm((256,), eps=1e-05, elementwise_affine=True)
          (dropout2): Dropout(p=0.1, inplace=False)
          (dropout3): Dropout(p=0.1, inplace=False)
        )
      )
      (map_query_content_mlps): ModuleList(
        (0-5): 6 x Linear(in_features=512, out_features=256, bias=True)
      )
      (map_query_embed_mlps): Linear(in_features=512, out_features=256, bias=True)
      (obj_pos_encoding_layer): Sequential(
        (0): Linear(in_features=2, out_features=512, bias=True)
        (1): ReLU()
        (2): Linear(in_features=512, out_features=512, bias=True)
        (3): ReLU()
        (4): Linear(in_features=512, out_features=512, bias=True)
      )
      (dense_future_head): Sequential(
        (0): Linear(in_features=1024, out_features=512, bias=False)
        (1): SyncBatchNorm(512, eps=1e-05, momentum=0.1, affine=True, track_running_stats=True)
        (2): ReLU()
        (3): Linear(in_features=512, out_features=512, bias=False)
        (4): SyncBatchNorm(512, eps=1e-05, momentum=0.1, affine=True, track_running_stats=True)
        (5): ReLU()
        (6): Linear(in_features=512, out_features=560, bias=True)
      )
      (future_traj_mlps): Sequential(
        (0): Linear(in_features=320, out_features=512, bias=True)
        (1): ReLU()
        (2): Linear(in_features=512, out_features=512, bias=True)
        (3): ReLU()
        (4): Linear(in_features=512, out_features=512, bias=True)
      )
      (traj_fusion_mlps): Sequential(
        (0): Linear(in_features=1024, out_features=512, bias=True)
        (1): ReLU()
        (2): Linear(in_features=512, out_features=512, bias=True)
        (3): ReLU()
        (4): Linear(in_features=512, out_features=512, bias=True)
      )
      (intention_query_mlps): Sequential(
        (0): Linear(in_features=512, out_features=512, bias=False)
        (1): SyncBatchNorm(512, eps=1e-05, momentum=0.1, affine=True, track_running_stats=True)
        (2): ReLU()
        (3): Linear(in_features=512, out_features=512, bias=True)
      )
      (query_feature_fusion_layers): ModuleList(
        (0-5): 6 x Sequential(
          (0): Linear(in_features=1280, out_features=512, bias=False)
          (1): SyncBatchNorm(512, eps=1e-05, momentum=0.1, affine=True, track_running_stats=True)
          (2): ReLU()
          (3): Linear(in_features=512, out_features=512, bias=True)
        )
      )
      (motion_reg_heads): ModuleList(
        (0-5): 6 x Sequential(
          (0): Linear(in_features=512, out_features=512, bias=False)
          (1): SyncBatchNorm(512, eps=1e-05, momentum=0.1, affine=True, track_running_stats=True)
          (2): ReLU()
          (3): Linear(in_features=512, out_features=512, bias=False)
          (4): SyncBatchNorm(512, eps=1e-05, momentum=0.1, affine=True, track_running_stats=True)
          (5): ReLU()
          (6): Linear(in_features=512, out_features=560, bias=True)
        )
      )
      (motion_cls_heads): ModuleList(
        (0-5): 6 x Sequential(
          (0): Linear(in_features=512, out_features=512, bias=False)
          (1): SyncBatchNorm(512, eps=1e-05, momentum=0.1, affine=True, track_running_stats=True)
          (2): ReLU()
          (3): Linear(in_features=512, out_features=512, bias=False)
          (4): SyncBatchNorm(512, eps=1e-05, momentum=0.1, affine=True, track_running_stats=True)
          (5): ReLU()
          (6): Linear(in_features=512, out_features=1, bias=True)
        )
      )
    )
  )
)
2026-08-20 05:28:42,651   INFO  Total number of parameters: 65781334
2026-08-20 05:28:42,652   INFO  Start to load infos from /root/wanqinghua/MTR/../data/processed_scenarios_val_infos.pkl
2026-08-20 05:28:42,696   INFO  Total scenes before filters: 5000
2026-08-20 05:28:42,768   INFO  Total scenes after filter_info_by_object_type: 5000
2026-08-20 05:28:42,769   INFO  Total scenes after filters: 5000
2026-08-20 05:28:42,777   INFO  **********************Start training waymo/mtr_voyah_data(mtr_with_qcnet_v2)**********************
2026-08-20 05:28:42,795   INFO  ==> EMA enabled with decay=0.999
epochs:   0%|                                                                                                                                                                                             | 0/50 [00:00<?, ?it/s]
2026-08-20 05:28:46,350   INFO  epoch: 0/50, acc_iter=1, cur_iter=0/539, batch_size=8, iter_cost=3.32s, time_cost(epoch): 00:03/29:48, time_cost(all): 00:03/24:50:16, ade_TYPE_VEHICLE_layer_5=18.326, ade_TYPE_PEDESTRIAN_layer_5=5.013, ade_TYPE_CYCLIST_layer_5=-0.000, loss=67810.461, lr=0.0001
2026-08-20 05:29:08,123   INFO  epoch: 0/50, acc_iter=50, cur_iter=49/539, batch_size=8, iter_cost=0.50s, time_cost(epoch): 00:25/04:05, time_cost(all): 00:25/3:44:59, ade_TYPE_VEHICLE_layer_5=15.195, ade_TYPE_PEDESTRIAN_layer_5=1.880, ade_TYPE_CYCLIST_layer_5=12.021, loss=3373.625, lr=0.0001
2026-08-20 05:29:29,733   INFO  epoch: 0/50, acc_iter=100, cur_iter=99/539, batch_size=8, iter_cost=0.47s, time_cost(epoch): 00:46/03:25, time_cost(all): 00:46/3:28:59, ade_TYPE_VEHICLE_layer_5=21.369, ade_TYPE_PEDESTRIAN_layer_5=2.420, ade_TYPE_CYCLIST_layer_5=6.076, loss=1376.688, lr=0.0001
2026-08-20 05:29:51,167   INFO  epoch: 0/50, acc_iter=150, cur_iter=149/539, batch_size=8, iter_cost=0.45s, time_cost(epoch): 01:08/02:57, time_cost(all): 01:08/3:22:53, ade_TYPE_VEHICLE_layer_5=17.842, ade_TYPE_PEDESTRIAN_layer_5=2.138, ade_TYPE_CYCLIST_layer_5=7.238, loss=1041.182, lr=0.0001
2026-08-20 05:30:14,101   INFO  epoch: 0/50, acc_iter=200, cur_iter=199/539, batch_size=8, iter_cost=0.46s, time_cost(epoch): 01:31/02:34, time_cost(all): 01:31/3:23:00, ade_TYPE_VEHICLE_layer_5=13.106, ade_TYPE_PEDESTRIAN_layer_5=2.196, ade_TYPE_CYCLIST_layer_5=-0.000, loss=844.712, lr=0.0001
2026-08-20 05:30:35,937   INFO  epoch: 0/50, acc_iter=250, cur_iter=249/539, batch_size=8, iter_cost=0.45s, time_cost(epoch): 01:52/02:10, time_cost(all): 01:53/3:20:58, ade_TYPE_VEHICLE_layer_5=14.518, ade_TYPE_PEDESTRIAN_layer_5=1.286, ade_TYPE_CYCLIST_layer_5=8.256, loss=812.368, lr=0.0001
2026-08-20 05:30:57,858   INFO  epoch: 0/50, acc_iter=300, cur_iter=299/539, batch_size=8, iter_cost=0.45s, time_cost(epoch): 02:14/01:47, time_cost(all): 02:15/3:19:37, ade_TYPE_VEHICLE_layer_5=17.618, ade_TYPE_PEDESTRIAN_layer_5=1.247, ade_TYPE_CYCLIST_layer_5=-0.000, loss=775.481, lr=0.0001
2026-08-20 05:31:20,808   INFO  epoch: 0/50, acc_iter=350, cur_iter=349/539, batch_size=8, iter_cost=0.45s, time_cost(epoch): 02:37/01:25, time_cost(all): 02:38/3:19:51, ade_TYPE_VEHICLE_layer_5=13.984, ade_TYPE_PEDESTRIAN_layer_5=0.632, ade_TYPE_CYCLIST_layer_5=3.379, loss=740.508, lr=0.0001
2026-08-20 05:31:42,754   INFO  epoch: 0/50, acc_iter=400, cur_iter=399/539, batch_size=8, iter_cost=0.45s, time_cost(epoch): 02:59/01:02, time_cost(all): 02:59/3:18:49, ade_TYPE_VEHICLE_layer_5=9.323, ade_TYPE_PEDESTRIAN_layer_5=1.004, ade_TYPE_CYCLIST_layer_5=2.123, loss=686.034, lr=0.0001
2026-08-20 05:32:04,901   INFO  epoch: 0/50, acc_iter=450, cur_iter=449/539, batch_size=8, iter_cost=0.45s, time_cost(epoch): 03:21/00:40, time_cost(all): 03:22/3:18:08, ade_TYPE_VEHICLE_layer_5=18.450, ade_TYPE_PEDESTRIAN_layer_5=1.151, ade_TYPE_CYCLIST_layer_5=2.769, loss=623.849, lr=0.0001
2026-08-20 05:32:26,873   INFO  epoch: 0/50, acc_iter=500, cur_iter=499/539, batch_size=8, iter_cost=0.45s, time_cost(epoch): 03:43/00:17, time_cost(all): 03:44/3:17:21, ade_TYPE_VEHICLE_layer_5=9.199, ade_TYPE_PEDESTRIAN_layer_5=0.832, ade_TYPE_CYCLIST_layer_5=2.303, loss=556.926, lr=0.0001
2026-08-20 05:32:44,049   INFO  epoch: 0/50, acc_iter=539, cur_iter=538/539, batch_size=4, iter_cost=0.45s, time_cost(epoch): 04:01/00:00, time_cost(all): 04:01/3:16:50, ade_TYPE_VEHICLE_layer_5=7.712, ade_TYPE_PEDESTRIAN_layer_5=0.988, ade_TYPE_CYCLIST_layer_5=-0.000, loss=440.801, lr=0.0001
2026-08-20 05:32:45,548   INFO  ==> Eval with EMA weights (epoch 1)
2026-08-20 05:32:45,706   INFO  *************** EPOCH 1 EVALUATION *****************
2026-08-20 05:32:46,255   INFO  eval: epoch=1, batch_iter=0/79, batch_size=8, iter_cost=0.55s, time_cost: 00:00/00:43, 
2026-08-20 05:32:47,226   INFO  eval: epoch=1, batch_iter=10/79, batch_size=8, iter_cost=0.15s, time_cost: 00:01/00:10, 
2026-08-20 05:32:48,240   INFO  eval: epoch=1, batch_iter=20/79, batch_size=8, iter_cost=0.13s, time_cost: 00:02/00:07, 
2026-08-20 05:32:49,278   INFO  eval: epoch=1, batch_iter=30/79, batch_size=8, iter_cost=0.12s, time_cost: 00:03/00:05, 
2026-08-20 05:32:50,342   INFO  eval: epoch=1, batch_iter=40/79, batch_size=8, iter_cost=0.12s, time_cost: 00:04/00:04, 
2026-08-20 05:32:51,345   INFO  eval: epoch=1, batch_iter=50/79, batch_size=8, iter_cost=0.11s, time_cost: 00:05/00:03, 
2026-08-20 05:32:52,362   INFO  eval: epoch=1, batch_iter=60/79, batch_size=8, iter_cost=0.11s, time_cost: 00:06/00:02, 
2026-08-20 05:32:53,339   INFO  eval: epoch=1, batch_iter=70/79, batch_size=8, iter_cost=0.11s, time_cost: 00:07/00:00, 
2026-08-20 05:32:54,026   INFO  eval: epoch=1, batch_iter=78/79, batch_size=1, iter_cost=0.11s, time_cost: 00:08/00:00, 
eval:   0%|                                                                                                                                                                                               | 0/79 [00:08<?, ?it/s]
2026-08-20 05:32:54,067   INFO  Total number of samples before merging from multiple GPUs: 625
2026-08-20 05:32:54,891   INFO  Total number of samples after merging from multiple GPUs (removing duplicate): 5000
2026-08-20 05:32:54,895   INFO  *************** Performance of EPOCH 1 *****************
2026-08-20 05:32:54,895   INFO  Generate label finished(sec_per_example: 0.0018 second).
Total number for evaluation (intput): 5000
Total number for evaluation (after processed): 22520
Total number for evaluation (intput): 5000
Total number for evaluation (after processed): 22520
Total number for evaluation (intput): 5000
Total number for evaluation (after processed): 22520
2026-08-20 05:33:02,027   INFO  
========== Evaluation @ 3s ==========
minADE - VEHICLE: 10.3953 
minADE - PEDESTRIAN: 1.5650 
minADE - CYCLIST: 5.1926 
minFDE - VEHICLE: 18.4919 
minFDE - PEDESTRIAN: 2.8024 
minFDE - CYCLIST: 9.4335 
MissRate - VEHICLE: 0.9224 
MissRate - PEDESTRIAN: 0.9346 
MissRate - CYCLIST: 0.9532 
OverlapRate - VEHICLE: 0.1877 
OverlapRate - PEDESTRIAN: 0.0695 
OverlapRate - CYCLIST: 0.1027 
mAP - VEHICLE: 0.0276 
mAP - PEDESTRIAN: 0.0024 
mAP - CYCLIST: 0.0224 
minADE: 5.7176 
minFDE: 10.2426 
MissRate: 0.9367 
mAP: 0.0175 
       Waymo          mAP       minADE       minFDE     MissRate            
      VEHICLE      0.0276,     10.3953,     18.4919,      0.9224,            
   PEDESTRIAN      0.0024,      1.5650,      2.8024,      0.9346,            
      CYCLIST      0.0224,      5.1926,      9.4335,      0.9532,            
          Avg      0.0175,      5.7176,     10.2426,      0.9367,            
========== Evaluation @ 5s ==========
minADE - VEHICLE: 14.0151 
minADE - PEDESTRIAN: 2.1355 
minADE - CYCLIST: 7.2631 
minFDE - VEHICLE: 26.4719 
minFDE - PEDESTRIAN: 4.1707 
minFDE - CYCLIST: 14.3318 
MissRate - VEHICLE: 0.9397 
MissRate - PEDESTRIAN: 0.9431 
MissRate - CYCLIST: 0.9529 
OverlapRate - VEHICLE: 0.2317 
OverlapRate - PEDESTRIAN: 0.0802 
OverlapRate - CYCLIST: 0.1447 
mAP - VEHICLE: 0.0346 
mAP - PEDESTRIAN: 0.0095 
mAP - CYCLIST: 0.0590 
minADE: 7.8046 
minFDE: 14.9915 
MissRate: 0.9452 
mAP: 0.0344 
       Waymo          mAP       minADE       minFDE     MissRate            
      VEHICLE      0.0346,     14.0151,     26.4719,      0.9397,            
   PEDESTRIAN      0.0095,      2.1355,      4.1707,      0.9431,            
      CYCLIST      0.0590,      7.2631,     14.3318,      0.9529,            
          Avg      0.0344,      7.8046,     14.9915,      0.9452,            
========== Evaluation @ 8s ==========
minADE - VEHICLE: 18.2973 
minADE - PEDESTRIAN: 2.8709 
minADE - CYCLIST: 9.8206 
minFDE - VEHICLE: 35.5889 
minFDE - PEDESTRIAN: 5.8601 
minFDE - CYCLIST: 20.1831 
MissRate - VEHICLE: 0.9515 
MissRate - PEDESTRIAN: 0.9542 
MissRate - CYCLIST: 0.9630 
OverlapRate - VEHICLE: 0.2631 
OverlapRate - PEDESTRIAN: 0.0910 
OverlapRate - CYCLIST: 0.1693 
mAP - VEHICLE: 0.0387 
mAP - PEDESTRIAN: 0.0148 
mAP - CYCLIST: 0.0784 
minADE: 10.3296 
minFDE: 20.5441 
MissRate: 0.9563 
mAP: 0.0439 
       Waymo          mAP       minADE       minFDE     MissRate            
      VEHICLE      0.0387,     18.2973,     35.5889,      0.9515,            
   PEDESTRIAN      0.0148,      2.8709,      5.8601,      0.9542,            
      CYCLIST      0.0784,      9.8206,     20.1831,      0.9630,            
          Avg      0.0439,     10.3296,     20.5441,      0.9563,            
2026-08-20 05:33:02,028   INFO  Result is save to /root/wanqinghua/MTR/output/waymo/mtr_voyah_data/mtr_with_qcnet_v2/eval/eval_with_train
2026-08-20 05:33:02,028   INFO  ****************Evaluation done.*****************
2026-08-20 05:33:02,330   INFO  Save best model to /root/wanqinghua/MTR/output/waymo/mtr_voyah_data/mtr_with_qcnet_v2/ckpt/best_model
2026-08-20 05:33:02,592   INFO  Save EMA best model to /root/wanqinghua/MTR/output/waymo/mtr_voyah_data/mtr_with_qcnet_v2/ckpt/best_model_ema
epochs:   2%|███▌                                                                                                                                                                              | 1/50 [04:19<3:32:10, 259.80s/it]
2026-08-20 05:33:03,962   INFO  epoch: 1/50, acc_iter=540, cur_iter=0/539, batch_size=8, iter_cost=0.94s, time_cost(epoch): 00:00/08:26, time_cost(all): 04:21/6:53:29, ade_TYPE_VEHICLE_layer_5=9.437, ade_TYPE_PEDESTRIAN_layer_5=0.896, ade_TYPE_CYCLIST_layer_5=3.853, loss=666.112, lr=0.0001
2026-08-20 05:33:08,461   INFO  epoch: 1/50, acc_iter=550, cur_iter=10/539, batch_size=8, iter_cost=0.49s, time_cost(epoch): 00:05/04:21, time_cost(all): 04:25/3:37:32, ade_TYPE_VEHICLE_layer_5=8.285, ade_TYPE_PEDESTRIAN_layer_5=0.717, ade_TYPE_CYCLIST_layer_5=-0.000, loss=772.400, lr=0.0001
2026-08-20 05:33:31,342   INFO  epoch: 1/50, acc_iter=600, cur_iter=60/539, batch_size=8, iter_cost=0.46s, time_cost(epoch): 00:28/03:42, time_cost(all): 04:48/3:23:53, ade_TYPE_VEHICLE_layer_5=8.197, ade_TYPE_PEDESTRIAN_layer_5=2.903, ade_TYPE_CYCLIST_layer_5=4.668, loss=744.592, lr=0.0001
2026-08-20 05:33:54,004   INFO  epoch: 1/50, acc_iter=650, cur_iter=110/539, batch_size=8, iter_cost=0.46s, time_cost(epoch): 00:50/03:17, time_cost(all): 05:11/3:21:19, ade_TYPE_VEHICLE_layer_5=12.679, ade_TYPE_PEDESTRIAN_layer_5=0.715, ade_TYPE_CYCLIST_layer_5=1.888, loss=437.993, lr=0.0001
2026-08-20 05:34:16,534   INFO  epoch: 1/50, acc_iter=700, cur_iter=160/539, batch_size=8, iter_cost=0.46s, time_cost(epoch): 01:13/02:53, time_cost(all): 05:33/3:19:46, ade_TYPE_VEHICLE_layer_5=6.456, ade_TYPE_PEDESTRIAN_layer_5=-0.000, ade_TYPE_CYCLIST_layer_5=1.287, loss=547.547, lr=0.0001
2026-08-20 05:34:39,843   INFO  epoch: 1/50, acc_iter=750, cur_iter=210/539, batch_size=8, iter_cost=0.46s, time_cost(epoch): 01:36/02:30, time_cost(all): 05:57/3:20:22, ade_TYPE_VEHICLE_layer_5=10.982, ade_TYPE_PEDESTRIAN_layer_5=0.935, ade_TYPE_CYCLIST_layer_5=-0.000, loss=685.497, lr=0.0001
2026-08-20 05:35:02,677   INFO  epoch: 1/50, acc_iter=800, cur_iter=260/539, batch_size=8, iter_cost=0.46s, time_cost(epoch): 01:59/02:07, time_cost(all): 06:19/3:19:48, ade_TYPE_VEHICLE_layer_5=9.408, ade_TYPE_PEDESTRIAN_layer_5=1.000, ade_TYPE_CYCLIST_layer_5=-0.000, loss=410.631, lr=0.0001
2026-08-20 05:35:25,763   INFO  epoch: 1/50, acc_iter=850, cur_iter=310/539, batch_size=8, iter_cost=0.46s, time_cost(epoch): 02:22/01:45, time_cost(all): 06:42/3:19:39, ade_TYPE_VEHICLE_layer_5=10.516, ade_TYPE_PEDESTRIAN_layer_5=2.067, ade_TYPE_CYCLIST_layer_5=-0.000, loss=380.601, lr=0.0001
2026-08-20 05:35:48,502   INFO  epoch: 1/50, acc_iter=900, cur_iter=360/539, batch_size=8, iter_cost=0.46s, time_cost(epoch): 02:45/01:22, time_cost(all): 07:05/3:19:01, ade_TYPE_VEHICLE_layer_5=6.503, ade_TYPE_PEDESTRIAN_layer_5=0.651, ade_TYPE_CYCLIST_layer_5=-0.000, loss=440.421, lr=0.0001
2026-08-20 05:36:11,358   INFO  epoch: 1/50, acc_iter=950, cur_iter=410/539, batch_size=8, iter_cost=0.46s, time_cost(epoch): 03:08/00:59, time_cost(all): 07:28/3:18:34, ade_TYPE_VEHICLE_layer_5=7.743, ade_TYPE_PEDESTRIAN_layer_5=0.593, ade_TYPE_CYCLIST_layer_5=-0.000, loss=389.087, lr=0.0001
2026-08-20 05:36:34,829   INFO  epoch: 1/50, acc_iter=1000, cur_iter=460/539, batch_size=8, iter_cost=0.46s, time_cost(epoch): 03:31/00:36, time_cost(all): 07:52/3:18:43, ade_TYPE_VEHICLE_layer_5=4.829, ade_TYPE_PEDESTRIAN_layer_5=0.275, ade_TYPE_CYCLIST_layer_5=4.100, loss=450.291, lr=0.0001
2026-08-20 05:36:57,009   INFO  epoch: 1/50, acc_iter=1050, cur_iter=510/539, batch_size=8, iter_cost=0.46s, time_cost(epoch): 03:53/00:13, time_cost(all): 08:14/3:17:40, ade_TYPE_VEHICLE_layer_5=3.888, ade_TYPE_PEDESTRIAN_layer_5=0.304, ade_TYPE_CYCLIST_layer_5=3.611, loss=449.190, lr=0.0001
2026-08-20 05:37:09,562   INFO  epoch: 1/50, acc_iter=1078, cur_iter=538/539, batch_size=4, iter_cost=0.46s, time_cost(epoch): 04:06/00:00, time_cost(all): 08:26/3:17:14, ade_TYPE_VEHICLE_layer_5=2.445, ade_TYPE_PEDESTRIAN_layer_5=0.546, ade_TYPE_CYCLIST_layer_5=3.299, loss=321.612, lr=0.0001
2026-08-20 05:37:11,231   INFO  ==> Eval with EMA weights (epoch 2)
2026-08-20 05:37:11,362   INFO  *************** EPOCH 2 EVALUATION *****************
2026-08-20 05:37:12,132   INFO  eval: epoch=2, batch_iter=0/79, batch_size=8, iter_cost=0.77s, time_cost: 00:00/01:00, 
2026-08-20 05:37:13,150   INFO  eval: epoch=2, batch_iter=10/79, batch_size=8, iter_cost=0.18s, time_cost: 00:01/00:12, 
2026-08-20 05:37:14,195   INFO  eval: epoch=2, batch_iter=20/79, batch_size=8, iter_cost=0.14s, time_cost: 00:02/00:08, 
2026-08-20 05:37:15,230   INFO  eval: epoch=2, batch_iter=30/79, batch_size=8, iter_cost=0.13s, time_cost: 00:03/00:06, 
2026-08-20 05:37:16,305   INFO  eval: epoch=2, batch_iter=40/79, batch_size=8, iter_cost=0.12s, time_cost: 00:04/00:04, 
2026-08-20 05:37:17,344   INFO  eval: epoch=2, batch_iter=50/79, batch_size=8, iter_cost=0.12s, time_cost: 00:05/00:03, 
2026-08-20 05:37:18,371   INFO  eval: epoch=2, batch_iter=60/79, batch_size=8, iter_cost=0.12s, time_cost: 00:07/00:02, 
2026-08-20 05:37:19,337   INFO  eval: epoch=2, batch_iter=70/79, batch_size=8, iter_cost=0.11s, time_cost: 00:07/00:01, 
2026-08-20 05:37:20,033   INFO  eval: epoch=2, batch_iter=78/79, batch_size=1, iter_cost=0.11s, time_cost: 00:08/00:00, 
eval:   0%|                                                                                                                                                                                               | 0/79 [00:08<?, ?it/s]
2026-08-20 05:37:20,104   INFO  Total number of samples before merging from multiple GPUs: 625
2026-08-20 05:37:20,535   INFO  Total number of samples after merging from multiple GPUs (removing duplicate): 5000
2026-08-20 05:37:20,539   INFO  *************** Performance of EPOCH 2 *****************
2026-08-20 05:37:20,539   INFO  Generate label finished(sec_per_example: 0.0018 second).
Total number for evaluation (intput): 5000
Total number for evaluation (after processed): 22520
Total number for evaluation (intput): 5000
Total number for evaluation (after processed): 22520
Total number for evaluation (intput): 5000
Total number for evaluation (after processed): 22520
2026-08-20 05:37:27,027   INFO  
========== Evaluation @ 3s ==========
minADE - VEHICLE: 9.2714 
minADE - PEDESTRIAN: 1.4478 
minADE - CYCLIST: 5.0972 
minFDE - VEHICLE: 16.0895 
minFDE - PEDESTRIAN: 2.5159 
minFDE - CYCLIST: 8.8122 
MissRate - VEHICLE: 0.9122 
MissRate - PEDESTRIAN: 0.9186 
MissRate - CYCLIST: 0.9313 
OverlapRate - VEHICLE: 0.1571 
OverlapRate - PEDESTRIAN: 0.0631 
OverlapRate - CYCLIST: 0.0839 
mAP - VEHICLE: 0.0658 
mAP - PEDESTRIAN: 0.0036 
mAP - CYCLIST: 0.0885 
minADE: 5.2721 
minFDE: 9.1392 
MissRate: 0.9207 
mAP: 0.0526 
       Waymo          mAP       minADE       minFDE     MissRate            
      VEHICLE      0.0658,      9.2714,     16.0895,      0.9122,            
   PEDESTRIAN      0.0036,      1.4478,      2.5159,      0.9186,            
      CYCLIST      0.0885,      5.0972,      8.8122,      0.9313,            
          Avg      0.0526,      5.2721,      9.1392,      0.9207,            
========== Evaluation @ 5s ==========
minADE - VEHICLE: 12.5258 
minADE - PEDESTRIAN: 1.9028 
minADE - CYCLIST: 6.8186 
minFDE - VEHICLE: 24.1608 
minFDE - PEDESTRIAN: 3.5680 
minFDE - CYCLIST: 13.1937 
MissRate - VEHICLE: 0.9263 
MissRate - PEDESTRIAN: 0.9278 
MissRate - CYCLIST: 0.9412 
OverlapRate - VEHICLE: 0.2058 
OverlapRate - PEDESTRIAN: 0.0770 
OverlapRate - CYCLIST: 0.1274 
mAP - VEHICLE: 0.0813 
mAP - PEDESTRIAN: 0.0225 
mAP - CYCLIST: 0.1087 
minADE: 7.0824 
minFDE: 13.6408 
MissRate: 0.9318 
mAP: 0.0708 
       Waymo          mAP       minADE       minFDE     MissRate            
      VEHICLE      0.0813,     12.5258,     24.1608,      0.9263,            
   PEDESTRIAN      0.0225,      1.9028,      3.5680,      0.9278,            
      CYCLIST      0.1087,      6.8186,     13.1937,      0.9412,            
          Avg      0.0708,      7.0824,     13.6408,      0.9318,            
========== Evaluation @ 8s ==========
minADE - VEHICLE: 16.6612 
minADE - PEDESTRIAN: 2.5327 
minADE - CYCLIST: 9.1786 
minFDE - VEHICLE: 33.5785 
minFDE - PEDESTRIAN: 5.2017 
minFDE - CYCLIST: 19.0680 
MissRate - VEHICLE: 0.9399 
MissRate - PEDESTRIAN: 0.9402 
MissRate - CYCLIST: 0.9515 
OverlapRate - VEHICLE: 0.2387 
OverlapRate - PEDESTRIAN: 0.0912 
OverlapRate - CYCLIST: 0.1520 
mAP - VEHICLE: 0.0783 
mAP - PEDESTRIAN: 0.0380 
mAP - CYCLIST: 0.1105 
minADE: 9.4575 
minFDE: 19.2827 
MissRate: 0.9439 
mAP: 0.0756 
       Waymo          mAP       minADE       minFDE     MissRate            
      VEHICLE      0.0783,     16.6612,     33.5785,      0.9399,            
   PEDESTRIAN      0.0380,      2.5327,      5.2017,      0.9402,            
      CYCLIST      0.1105,      9.1786,     19.0680,      0.9515,            
          Avg      0.0756,      9.4575,     19.2827,      0.9439,            
2026-08-20 05:37:27,029   INFO  Result is save to /root/wanqinghua/MTR/output/waymo/mtr_voyah_data/mtr_with_qcnet_v2/eval/eval_with_train
2026-08-20 05:37:27,029   INFO  ****************Evaluation done.*****************
2026-08-20 05:37:28,065   INFO  Save best model to /root/wanqinghua/MTR/output/waymo/mtr_voyah_data/mtr_with_qcnet_v2/ckpt/best_model
2026-08-20 05:37:29,613   INFO  Save EMA best model to /root/wanqinghua/MTR/output/waymo/mtr_voyah_data/mtr_with_qcnet_v2/ckpt/best_model_ema
epochs:   4%|███████                                                                                                                                                                           | 2/50 [08:46<3:31:14, 264.05s/it]
2026-08-20 05:37:30,929   INFO  epoch: 2/50, acc_iter=1079, cur_iter=0/539, batch_size=8, iter_cost=0.84s, time_cost(epoch): 00:00/07:33, time_cost(all): 08:48/6:03:01, ade_TYPE_VEHICLE_layer_5=5.537, ade_TYPE_PEDESTRIAN_layer_5=0.404, ade_TYPE_CYCLIST_layer_5=-0.000, loss=286.143, lr=0.0001
2026-08-20 05:37:40,498   INFO  epoch: 2/50, acc_iter=1100, cur_iter=21/539, batch_size=8, iter_cost=0.47s, time_cost(epoch): 00:10/04:05, time_cost(all): 08:57/3:23:53, ade_TYPE_VEHICLE_layer_5=8.287, ade_TYPE_PEDESTRIAN_layer_5=0.319, ade_TYPE_CYCLIST_layer_5=3.951, loss=296.147, lr=0.0001
2026-08-20 05:38:03,416   INFO  epoch: 2/50, acc_iter=1150, cur_iter=71/539, batch_size=8, iter_cost=0.46s, time_cost(epoch): 00:33/03:36, time_cost(all): 09:20/3:19:03, ade_TYPE_VEHICLE_layer_5=7.945, ade_TYPE_PEDESTRIAN_layer_5=0.397, ade_TYPE_CYCLIST_layer_5=-0.000, loss=450.936, lr=0.0001
2026-08-20 05:38:25,749   INFO  epoch: 2/50, acc_iter=1200, cur_iter=121/539, batch_size=8, iter_cost=0.46s, time_cost(epoch): 00:55/03:10, time_cost(all): 09:42/3:15:48, ade_TYPE_VEHICLE_layer_5=4.235, ade_TYPE_PEDESTRIAN_layer_5=0.357, ade_TYPE_CYCLIST_layer_5=-0.000, loss=397.109, lr=0.0001
2026-08-20 05:38:48,180   INFO  epoch: 2/50, acc_iter=1250, cur_iter=171/539, batch_size=8, iter_cost=0.45s, time_cost(epoch): 01:18/02:47, time_cost(all): 10:05/3:14:29, ade_TYPE_VEHICLE_layer_5=3.360, ade_TYPE_PEDESTRIAN_layer_5=0.766, ade_TYPE_CYCLIST_layer_5=3.532, loss=637.713, lr=0.0001
2026-08-20 05:39:11,221   INFO  epoch: 2/50, acc_iter=1300, cur_iter=221/539, batch_size=8, iter_cost=0.46s, time_cost(epoch): 01:41/02:24, time_cost(all): 10:28/3:14:45, ade_TYPE_VEHICLE_layer_5=3.421, ade_TYPE_PEDESTRIAN_layer_5=0.439, ade_TYPE_CYCLIST_layer_5=3.663, loss=289.370, lr=0.0001
2026-08-20 05:39:34,085   INFO  epoch: 2/50, acc_iter=1350, cur_iter=271/539, batch_size=8, iter_cost=0.46s, time_cost(epoch): 02:03/02:02, time_cost(all): 10:51/3:14:30, ade_TYPE_VEHICLE_layer_5=7.403, ade_TYPE_PEDESTRIAN_layer_5=0.243, ade_TYPE_CYCLIST_layer_5=2.357, loss=442.187, lr=0.0001
2026-08-20 05:39:56,733   INFO  epoch: 2/50, acc_iter=1400, cur_iter=321/539, batch_size=8, iter_cost=0.46s, time_cost(epoch): 02:26/01:39, time_cost(all): 11:13/3:13:56, ade_TYPE_VEHICLE_layer_5=3.845, ade_TYPE_PEDESTRIAN_layer_5=0.444, ade_TYPE_CYCLIST_layer_5=-0.000, loss=345.120, lr=0.0001
2026-08-20 05:40:19,399   INFO  epoch: 2/50, acc_iter=1450, cur_iter=371/539, batch_size=8, iter_cost=0.46s, time_cost(epoch): 02:49/01:16, time_cost(all): 11:36/3:13:26, ade_TYPE_VEHICLE_layer_5=4.674, ade_TYPE_PEDESTRIAN_layer_5=0.289, ade_TYPE_CYCLIST_layer_5=2.977, loss=321.206, lr=0.0001
2026-08-20 05:40:41,989   INFO  epoch: 2/50, acc_iter=1500, cur_iter=421/539, batch_size=8, iter_cost=0.45s, time_cost(epoch): 03:11/00:53, time_cost(all): 11:59/3:12:53, ade_TYPE_VEHICLE_layer_5=2.445, ade_TYPE_PEDESTRIAN_layer_5=0.360, ade_TYPE_CYCLIST_layer_5=-0.000, loss=420.900, lr=0.0001
2026-08-20 05:41:04,868   INFO  epoch: 2/50, acc_iter=1550, cur_iter=471/539, batch_size=8, iter_cost=0.46s, time_cost(epoch): 03:34/00:30, time_cost(all): 12:22/3:12:38, ade_TYPE_VEHICLE_layer_5=3.060, ade_TYPE_PEDESTRIAN_layer_5=-0.000, ade_TYPE_CYCLIST_layer_5=-0.000, loss=427.458, lr=0.0001
2026-08-20 05:41:27,660   INFO  epoch: 2/50, acc_iter=1600, cur_iter=521/539, batch_size=8, iter_cost=0.46s, time_cost(epoch): 03:57/00:08, time_cost(all): 12:44/3:12:17, ade_TYPE_VEHICLE_layer_5=2.116, ade_TYPE_PEDESTRIAN_layer_5=0.293, ade_TYPE_CYCLIST_layer_5=0.822, loss=265.723, lr=0.0001
2026-08-20 05:41:35,087   INFO  epoch: 2/50, acc_iter=1617, cur_iter=538/539, batch_size=4, iter_cost=0.45s, time_cost(epoch): 04:05/00:00, time_cost(all): 12:52/3:11:55, ade_TYPE_VEHICLE_layer_5=4.575, ade_TYPE_PEDESTRIAN_layer_5=0.159, ade_TYPE_CYCLIST_layer_5=-0.000, loss=555.472, lr=0.0001
epochs:   6%|██████████▋                                                                                                                                                                       | 3/50 [12:52<3:20:14, 255.63s/it]
2026-08-20 05:41:36,719   INFO  epoch: 3/50, acc_iter=1618, cur_iter=0/539, batch_size=8, iter_cost=0.93s, time_cost(epoch): 00:00/08:23, time_cost(all): 12:53/6:34:18, ade_TYPE_VEHICLE_layer_5=3.328, ade_TYPE_PEDESTRIAN_layer_5=0.360, ade_TYPE_CYCLIST_layer_5=1.230, loss=417.722, lr=0.0001
2026-08-20 05:41:51,492   INFO  epoch: 3/50, acc_iter=1650, cur_iter=32/539, batch_size=8, iter_cost=0.48s, time_cost(epoch): 00:15/04:01, time_cost(all): 13:08/3:20:42, ade_TYPE_VEHICLE_layer_5=4.771, ade_TYPE_PEDESTRIAN_layer_5=0.507, ade_TYPE_CYCLIST_layer_5=-0.000, loss=333.094, lr=0.0001
2026-08-20 05:42:14,717   INFO  epoch: 3/50, acc_iter=1700, cur_iter=82/539, batch_size=8, iter_cost=0.47s, time_cost(epoch): 00:38/03:34, time_cost(all): 13:31/3:17:24, ade_TYPE_VEHICLE_layer_5=3.406, ade_TYPE_PEDESTRIAN_layer_5=0.233, ade_TYPE_CYCLIST_layer_5=1.370, loss=344.940, lr=0.0001
2026-08-20 05:42:37,551   INFO  epoch: 3/50, acc_iter=1750, cur_iter=132/539, batch_size=8, iter_cost=0.46s, time_cost(epoch): 01:01/03:09, time_cost(all): 13:54/3:15:03, ade_TYPE_VEHICLE_layer_5=1.990, ade_TYPE_PEDESTRIAN_layer_5=0.378, ade_TYPE_CYCLIST_layer_5=1.539, loss=299.562, lr=0.0001
2026-08-20 05:43:00,252   INFO  epoch: 3/50, acc_iter=1800, cur_iter=182/539, batch_size=8, iter_cost=0.46s, time_cost(epoch): 01:24/02:44, time_cost(all): 14:17/3:13:28, ade_TYPE_VEHICLE_layer_5=2.250, ade_TYPE_PEDESTRIAN_layer_5=0.356, ade_TYPE_CYCLIST_layer_5=-0.000, loss=202.971, lr=0.0001
2026-08-20 05:43:22,978   INFO  epoch: 3/50, acc_iter=1850, cur_iter=232/539, batch_size=8, iter_cost=0.46s, time_cost(epoch): 01:47/02:21, time_cost(all): 14:40/3:12:27, ade_TYPE_VEHICLE_layer_5=2.347, ade_TYPE_PEDESTRIAN_layer_5=0.271, ade_TYPE_CYCLIST_layer_5=-0.000, loss=278.440, lr=0.0001
2026-08-20 05:43:46,377   INFO  epoch: 3/50, acc_iter=1900, cur_iter=282/539, batch_size=8, iter_cost=0.46s, time_cost(epoch): 02:10/01:58, time_cost(all): 15:03/3:12:39, ade_TYPE_VEHICLE_layer_5=1.985, ade_TYPE_PEDESTRIAN_layer_5=0.352, ade_TYPE_CYCLIST_layer_5=-0.000, loss=376.610, lr=0.0001
2026-08-20 05:44:09,211   INFO  epoch: 3/50, acc_iter=1950, cur_iter=332/539, batch_size=8, iter_cost=0.46s, time_cost(epoch): 02:33/01:35, time_cost(all): 15:26/3:11:58, ade_TYPE_VEHICLE_layer_5=2.057, ade_TYPE_PEDESTRIAN_layer_5=0.326, ade_TYPE_CYCLIST_layer_5=-0.000, loss=322.494, lr=0.0001
2026-08-20 05:44:32,629   INFO  epoch: 3/50, acc_iter=2000, cur_iter=382/539, batch_size=8, iter_cost=0.46s, time_cost(epoch): 02:56/01:12, time_cost(all): 15:49/3:12:00, ade_TYPE_VEHICLE_layer_5=2.177, ade_TYPE_PEDESTRIAN_layer_5=0.232, ade_TYPE_CYCLIST_layer_5=1.010, loss=206.069, lr=0.0001
2026-08-20 05:44:55,184   INFO  epoch: 3/50, acc_iter=2050, cur_iter=432/539, batch_size=8, iter_cost=0.46s, time_cost(epoch): 03:19/00:49, time_cost(all): 16:12/3:11:07, ade_TYPE_VEHICLE_layer_5=1.702, ade_TYPE_PEDESTRIAN_layer_5=0.254, ade_TYPE_CYCLIST_layer_5=0.680, loss=429.232, lr=0.0001
2026-08-20 05:45:17,751   INFO  epoch: 3/50, acc_iter=2100, cur_iter=482/539, batch_size=8, iter_cost=0.46s, time_cost(epoch): 03:41/00:26, time_cost(all): 16:34/3:10:20, ade_TYPE_VEHICLE_layer_5=1.189, ade_TYPE_PEDESTRIAN_layer_5=0.416, ade_TYPE_CYCLIST_layer_5=-0.000, loss=257.009, lr=0.0001
2026-08-20 05:45:40,261   INFO  epoch: 3/50, acc_iter=2150, cur_iter=532/539, batch_size=8, iter_cost=0.46s, time_cost(epoch): 04:04/00:03, time_cost(all): 16:57/3:09:35, ade_TYPE_VEHICLE_layer_5=1.362, ade_TYPE_PEDESTRIAN_layer_5=0.213, ade_TYPE_CYCLIST_layer_5=1.246, loss=277.574, lr=0.0001
2026-08-20 05:45:42,675   INFO  epoch: 3/50, acc_iter=2156, cur_iter=538/539, batch_size=4, iter_cost=0.46s, time_cost(epoch): 04:06/00:00, time_cost(all): 16:59/3:09:17, ade_TYPE_VEHICLE_layer_5=1.842, ade_TYPE_PEDESTRIAN_layer_5=0.308, ade_TYPE_CYCLIST_layer_5=1.627, loss=285.489, lr=0.0001
2026-08-20 05:45:44,069   INFO  ==> Eval with EMA weights (epoch 4)
2026-08-20 05:45:44,188   INFO  *************** EPOCH 4 EVALUATION *****************
2026-08-20 05:45:44,978   INFO  eval: epoch=4, batch_iter=0/79, batch_size=8, iter_cost=0.79s, time_cost: 00:00/01:02, 
2026-08-20 05:45:45,969   INFO  eval: epoch=4, batch_iter=10/79, batch_size=8, iter_cost=0.18s, time_cost: 00:01/00:12, 
2026-08-20 05:45:46,981   INFO  eval: epoch=4, batch_iter=20/79, batch_size=8, iter_cost=0.14s, time_cost: 00:02/00:08, 
2026-08-20 05:45:48,006   INFO  eval: epoch=4, batch_iter=30/79, batch_size=8, iter_cost=0.13s, time_cost: 00:03/00:06, 
2026-08-20 05:45:49,058   INFO  eval: epoch=4, batch_iter=40/79, batch_size=8, iter_cost=0.12s, time_cost: 00:04/00:04, 
2026-08-20 05:45:50,072   INFO  eval: epoch=4, batch_iter=50/79, batch_size=8, iter_cost=0.12s, time_cost: 00:05/00:03, 
2026-08-20 05:45:51,095   INFO  eval: epoch=4, batch_iter=60/79, batch_size=8, iter_cost=0.12s, time_cost: 00:06/00:02, 
2026-08-20 05:45:52,073   INFO  eval: epoch=4, batch_iter=70/79, batch_size=8, iter_cost=0.11s, time_cost: 00:07/00:01, 
2026-08-20 05:45:52,769   INFO  eval: epoch=4, batch_iter=78/79, batch_size=1, iter_cost=0.11s, time_cost: 00:08/00:00, 
eval:   0%|                                                                                                                                                                                               | 0/79 [00:08<?, ?it/s]
2026-08-20 05:45:52,854   INFO  Total number of samples before merging from multiple GPUs: 625
2026-08-20 05:45:53,286   INFO  Total number of samples after merging from multiple GPUs (removing duplicate): 5000
2026-08-20 05:45:53,290   INFO  *************** Performance of EPOCH 4 *****************
2026-08-20 05:45:53,291   INFO  Generate label finished(sec_per_example: 0.0018 second).
Total number for evaluation (intput): 5000
Total number for evaluation (after processed): 22520
Total number for evaluation (intput): 5000
Total number for evaluation (after processed): 22520
Total number for evaluation (intput): 5000
Total number for evaluation (after processed): 22520
2026-08-20 05:46:01,481   INFO  
========== Evaluation @ 3s ==========
minADE - VEHICLE: 4.3420 
minADE - PEDESTRIAN: 0.4967 
minADE - CYCLIST: 2.4263 
minFDE - VEHICLE: 8.0338 
minFDE - PEDESTRIAN: 0.8630 
minFDE - CYCLIST: 4.4268 
MissRate - VEHICLE: 0.8335 
MissRate - PEDESTRIAN: 0.3071 
MissRate - CYCLIST: 0.8991 
OverlapRate - VEHICLE: 0.0732 
OverlapRate - PEDESTRIAN: 0.0657 
OverlapRate - CYCLIST: 0.0391 
mAP - VEHICLE: 0.0855 
mAP - PEDESTRIAN: 0.1019 
mAP - CYCLIST: 0.0538 
minADE: 2.4217 
minFDE: 4.4412 
MissRate: 0.6799 
mAP: 0.0804 
       Waymo          mAP       minADE       minFDE     MissRate            
      VEHICLE      0.0855,      4.3420,      8.0338,      0.8335,            
   PEDESTRIAN      0.1019,      0.4967,      0.8630,      0.3071,            
      CYCLIST      0.0538,      2.4263,      4.4268,      0.8991,            
          Avg      0.0804,      2.4217,      4.4412,      0.6799,            
========== Evaluation @ 5s ==========
minADE - VEHICLE: 5.9780 
minADE - PEDESTRIAN: 0.6629 
minADE - CYCLIST: 3.2099 
minFDE - VEHICLE: 11.6111 
minFDE - PEDESTRIAN: 1.2029 
minFDE - CYCLIST: 5.8042 
MissRate - VEHICLE: 0.8200 
MissRate - PEDESTRIAN: 0.3174 
MissRate - CYCLIST: 0.8866 
OverlapRate - VEHICLE: 0.1216 
OverlapRate - PEDESTRIAN: 0.0753 
OverlapRate - CYCLIST: 0.0731 
mAP - VEHICLE: 0.1008 
mAP - PEDESTRIAN: 0.2159 
mAP - CYCLIST: 0.0385 
minADE: 3.2836 
minFDE: 6.2061 
MissRate: 0.6747 
mAP: 0.1184 
       Waymo          mAP       minADE       minFDE     MissRate            
      VEHICLE      0.1008,      5.9780,     11.6111,      0.8200,            
   PEDESTRIAN      0.2159,      0.6629,      1.2029,      0.3174,            
      CYCLIST      0.0385,      3.2099,      5.8042,      0.8866,            
          Avg      0.1184,      3.2836,      6.2061,      0.6747,            
========== Evaluation @ 8s ==========
minADE - VEHICLE: 8.4182 
minADE - PEDESTRIAN: 0.8888 
minADE - CYCLIST: 4.3051 
minFDE - VEHICLE: 19.1908 
minFDE - PEDESTRIAN: 1.7577 
minFDE - CYCLIST: 9.4025 
MissRate - VEHICLE: 0.8296 
MissRate - PEDESTRIAN: 0.3312 
MissRate - CYCLIST: 0.8984 
OverlapRate - VEHICLE: 0.1628 
OverlapRate - PEDESTRIAN: 0.0855 
OverlapRate - CYCLIST: 0.1023 
mAP - VEHICLE: 0.0833 
mAP - PEDESTRIAN: 0.1098 
mAP - CYCLIST: 0.0552 
minADE: 4.5374 
minFDE: 10.1170 
MissRate: 0.6864 
mAP: 0.0828 
       Waymo          mAP       minADE       minFDE     MissRate            
      VEHICLE      0.0833,      8.4182,     19.1908,      0.8296,            
   PEDESTRIAN      0.1098,      0.8888,      1.7577,      0.3312,            
      CYCLIST      0.0552,      4.3051,      9.4025,      0.8984,            
          Avg      0.0828,      4.5374,     10.1170,      0.6864,            
2026-08-20 05:46:01,482   INFO  Result is save to /root/wanqinghua/MTR/output/waymo/mtr_voyah_data/mtr_with_qcnet_v2/eval/eval_with_train
2026-08-20 05:46:01,482   INFO  ****************Evaluation done.*****************
2026-08-20 05:46:02,480   INFO  Save best model to /root/wanqinghua/MTR/output/waymo/mtr_voyah_data/mtr_with_qcnet_v2/ckpt/best_model
2026-08-20 05:46:04,125   INFO  Save EMA best model to /root/wanqinghua/MTR/output/waymo/mtr_voyah_data/mtr_with_qcnet_v2/ckpt/best_model_ema
epochs:   8%|██████████████▏                                                                                                                                                                   | 4/50 [17:21<3:19:59, 260.87s/it]
2026-08-20 05:46:05,705   INFO  epoch: 4/50, acc_iter=2157, cur_iter=0/539, batch_size=8, iter_cost=1.10s, time_cost(epoch): 00:01/09:53, time_cost(all): 17:22/7:35:15, ade_TYPE_VEHICLE_layer_5=1.028, ade_TYPE_PEDESTRIAN_layer_5=0.386, ade_TYPE_CYCLIST_layer_5=0.707, loss=288.025, lr=0.0001
2026-08-20 05:46:25,145   INFO  epoch: 4/50, acc_iter=2200, cur_iter=43/539, batch_size=8, iter_cost=0.47s, time_cost(epoch): 00:20/03:51, time_cost(all): 17:42/3:12:35, ade_TYPE_VEHICLE_layer_5=1.070, ade_TYPE_PEDESTRIAN_layer_5=0.203, ade_TYPE_CYCLIST_layer_5=-0.000, loss=229.910, lr=0.0001
2026-08-20 05:46:47,725   INFO  epoch: 4/50, acc_iter=2250, cur_iter=93/539, batch_size=8, iter_cost=0.46s, time_cost(epoch): 00:43/03:24, time_cost(all): 18:04/3:08:51, ade_TYPE_VEHICLE_layer_5=1.842, ade_TYPE_PEDESTRIAN_layer_5=0.235, ade_TYPE_CYCLIST_layer_5=3.918, loss=339.333, lr=0.0001
2026-08-20 05:47:10,025   INFO  epoch: 4/50, acc_iter=2300, cur_iter=143/539, batch_size=8, iter_cost=0.45s, time_cost(epoch): 01:05/02:59, time_cost(all): 18:27/3:06:39, ade_TYPE_VEHICLE_layer_5=1.076, ade_TYPE_PEDESTRIAN_layer_5=0.378, ade_TYPE_CYCLIST_layer_5=0.633, loss=262.078, lr=0.0001
2026-08-20 05:47:32,396   INFO  epoch: 4/50, acc_iter=2350, cur_iter=193/539, batch_size=8, iter_cost=0.45s, time_cost(epoch): 01:27/02:36, time_cost(all): 18:49/3:05:33, ade_TYPE_VEHICLE_layer_5=1.296, ade_TYPE_PEDESTRIAN_layer_5=0.339, ade_TYPE_CYCLIST_layer_5=-0.000, loss=208.802, lr=0.0001
2026-08-20 05:47:54,817   INFO  epoch: 4/50, acc_iter=2400, cur_iter=243/539, batch_size=8, iter_cost=0.45s, time_cost(epoch): 01:50/02:13, time_cost(all): 19:12/3:04:49, ade_TYPE_VEHICLE_layer_5=1.339, ade_TYPE_PEDESTRIAN_layer_5=0.362, ade_TYPE_CYCLIST_layer_5=0.450, loss=236.806, lr=0.0001
2026-08-20 05:48:17,859   INFO  epoch: 4/50, acc_iter=2450, cur_iter=293/539, batch_size=8, iter_cost=0.45s, time_cost(epoch): 02:13/01:51, time_cost(all): 19:35/3:05:05, ade_TYPE_VEHICLE_layer_5=1.199, ade_TYPE_PEDESTRIAN_layer_5=0.303, ade_TYPE_CYCLIST_layer_5=0.799, loss=299.173, lr=0.0001
2026-08-20 05:48:40,870   INFO  epoch: 4/50, acc_iter=2500, cur_iter=343/539, batch_size=8, iter_cost=0.45s, time_cost(epoch): 02:36/01:29, time_cost(all): 19:58/3:05:07, ade_TYPE_VEHICLE_layer_5=1.070, ade_TYPE_PEDESTRIAN_layer_5=0.250, ade_TYPE_CYCLIST_layer_5=0.294, loss=226.700, lr=0.0001
2026-08-20 05:49:03,623   INFO  epoch: 4/50, acc_iter=2550, cur_iter=393/539, batch_size=8, iter_cost=0.45s, time_cost(epoch): 02:59/01:06, time_cost(all): 20:20/3:04:46, ade_TYPE_VEHICLE_layer_5=1.134, ade_TYPE_PEDESTRIAN_layer_5=0.381, ade_TYPE_CYCLIST_layer_5=0.793, loss=285.780, lr=0.0001
2026-08-20 05:49:26,570   INFO  epoch: 4/50, acc_iter=2600, cur_iter=443/539, batch_size=8, iter_cost=0.45s, time_cost(epoch): 03:21/00:43, time_cost(all): 20:43/3:04:36, ade_TYPE_VEHICLE_layer_5=1.195, ade_TYPE_PEDESTRIAN_layer_5=0.244, ade_TYPE_CYCLIST_layer_5=0.792, loss=357.531, lr=0.0001
2026-08-20 05:49:49,442   INFO  epoch: 4/50, acc_iter=2650, cur_iter=493/539, batch_size=8, iter_cost=0.46s, time_cost(epoch): 03:44/00:20, time_cost(all): 21:06/3:04:20, ade_TYPE_VEHICLE_layer_5=1.039, ade_TYPE_PEDESTRIAN_layer_5=0.208, ade_TYPE_CYCLIST_layer_5=-0.000, loss=246.737, lr=0.0001
2026-08-20 05:50:10,088   INFO  epoch: 4/50, acc_iter=2695, cur_iter=538/539, batch_size=4, iter_cost=0.46s, time_cost(epoch): 04:05/00:00, time_cost(all): 21:27/3:04:07, ade_TYPE_VEHICLE_layer_5=1.109, ade_TYPE_PEDESTRIAN_layer_5=0.250, ade_TYPE_CYCLIST_layer_5=-0.000, loss=302.376, lr=0.0001
epochs:  10%|█████████████████▊                                                                                                                                                                | 5/50 [21:27<3:11:39, 255.55s/it]
2026-08-20 05:50:11,643   INFO  epoch: 5/50, acc_iter=2696, cur_iter=0/539, batch_size=8, iter_cost=0.82s, time_cost(epoch): 00:00/07:23, time_cost(all): 21:28/5:32:53, ade_TYPE_VEHICLE_layer_5=1.121, ade_TYPE_PEDESTRIAN_layer_5=-0.000, ade_TYPE_CYCLIST_layer_5=-0.000, loss=330.215, lr=0.0001
2026-08-20 05:50:13,416   INFO  epoch: 5/50, acc_iter=2700, cur_iter=4/539, batch_size=8, iter_cost=0.52s, time_cost(epoch): 00:02/04:37, time_cost(all): 21:30/3:29:53, ade_TYPE_VEHICLE_layer_5=1.141, ade_TYPE_PEDESTRIAN_layer_5=0.265, ade_TYPE_CYCLIST_layer_5=0.544, loss=229.417, lr=0.0001
2026-08-20 05:50:36,143   INFO  epoch: 5/50, acc_iter=2750, cur_iter=54/539, batch_size=8, iter_cost=0.46s, time_cost(epoch): 00:25/03:43, time_cost(all): 21:53/3:05:43, ade_TYPE_VEHICLE_layer_5=1.130, ade_TYPE_PEDESTRIAN_layer_5=0.226, ade_TYPE_CYCLIST_layer_5=-0.000, loss=324.168, lr=0.0001
2026-08-20 05:50:59,110   INFO  epoch: 5/50, acc_iter=2800, cur_iter=104/539, batch_size=8, iter_cost=0.46s, time_cost(epoch): 00:48/03:20, time_cost(all): 22:16/3:05:07, ade_TYPE_VEHICLE_layer_5=1.015, ade_TYPE_PEDESTRIAN_layer_5=0.275, ade_TYPE_CYCLIST_layer_5=0.486, loss=360.113, lr=0.0001
2026-08-20 05:51:21,827   INFO  epoch: 5/50, acc_iter=2850, cur_iter=154/539, batch_size=8, iter_cost=0.46s, time_cost(epoch): 01:11/02:56, time_cost(all): 22:39/3:04:00, ade_TYPE_VEHICLE_layer_5=0.878, ade_TYPE_PEDESTRIAN_layer_5=0.207, ade_TYPE_CYCLIST_layer_5=0.421, loss=198.680, lr=0.0001
2026-08-20 05:51:45,026   INFO  epoch: 5/50, acc_iter=2900, cur_iter=204/539, batch_size=8, iter_cost=0.46s, time_cost(epoch): 01:34/02:33, time_cost(all): 23:02/3:04:12, ade_TYPE_VEHICLE_layer_5=1.073, ade_TYPE_PEDESTRIAN_layer_5=0.406, ade_TYPE_CYCLIST_layer_5=0.531, loss=266.055, lr=0.0001
2026-08-20 05:52:08,281   INFO  epoch: 5/50, acc_iter=2950, cur_iter=254/539, batch_size=8, iter_cost=0.46s, time_cost(epoch): 01:57/02:11, time_cost(all): 23:25/3:04:15, ade_TYPE_VEHICLE_layer_5=0.930, ade_TYPE_PEDESTRIAN_layer_5=0.223, ade_TYPE_CYCLIST_layer_5=0.738, loss=243.611, lr=0.0001
2026-08-20 05:52:31,387   INFO  epoch: 5/50, acc_iter=3000, cur_iter=304/539, batch_size=8, iter_cost=0.46s, time_cost(epoch): 02:20/01:48, time_cost(all): 23:48/3:03:58, ade_TYPE_VEHICLE_layer_5=1.060, ade_TYPE_PEDESTRIAN_layer_5=0.133, ade_TYPE_CYCLIST_layer_5=0.553, loss=297.876, lr=0.0001
2026-08-20 05:52:54,270   INFO  epoch: 5/50, acc_iter=3050, cur_iter=354/539, batch_size=8, iter_cost=0.46s, time_cost(epoch): 02:43/01:25, time_cost(all): 24:11/3:03:24, ade_TYPE_VEHICLE_layer_5=1.034, ade_TYPE_PEDESTRIAN_layer_5=0.362, ade_TYPE_CYCLIST_layer_5=-0.000, loss=273.452, lr=0.0001
2026-08-20 05:53:17,287   INFO  epoch: 5/50, acc_iter=3100, cur_iter=404/539, batch_size=8, iter_cost=0.46s, time_cost(epoch): 03:06/01:02, time_cost(all): 24:34/3:03:01, ade_TYPE_VEHICLE_layer_5=1.042, ade_TYPE_PEDESTRIAN_layer_5=0.277, ade_TYPE_CYCLIST_layer_5=0.725, loss=281.127, lr=0.0001
2026-08-20 05:53:39,578   INFO  epoch: 5/50, acc_iter=3150, cur_iter=454/539, batch_size=8, iter_cost=0.46s, time_cost(epoch): 03:28/00:38, time_cost(all): 24:56/3:02:00, ade_TYPE_VEHICLE_layer_5=0.968, ade_TYPE_PEDESTRIAN_layer_5=0.288, ade_TYPE_CYCLIST_layer_5=0.637, loss=347.643, lr=0.0001
2026-08-20 05:54:02,126   INFO  epoch: 5/50, acc_iter=3200, cur_iter=504/539, batch_size=8, iter_cost=0.46s, time_cost(epoch): 03:51/00:16, time_cost(all): 25:19/3:01:18, ade_TYPE_VEHICLE_layer_5=0.965, ade_TYPE_PEDESTRIAN_layer_5=0.251, ade_TYPE_CYCLIST_layer_5=1.038, loss=227.646, lr=0.0001
2026-08-20 05:54:17,188   INFO  epoch: 5/50, acc_iter=3234, cur_iter=538/539, batch_size=4, iter_cost=0.46s, time_cost(epoch): 04:06/00:00, time_cost(all): 25:34/3:00:40, ade_TYPE_VEHICLE_layer_5=1.749, ade_TYPE_PEDESTRIAN_layer_5=0.402, ade_TYPE_CYCLIST_layer_5=0.692, loss=279.634, lr=0.0001
2026-08-20 05:54:18,669   INFO  ==> Eval with EMA weights (epoch 6)
2026-08-20 05:54:18,792   INFO  *************** EPOCH 6 EVALUATION *****************
2026-08-20 05:54:19,601   INFO  eval: epoch=6, batch_iter=0/79, batch_size=8, iter_cost=0.81s, time_cost: 00:00/01:03, 
2026-08-20 05:54:20,584   INFO  eval: epoch=6, batch_iter=10/79, batch_size=8, iter_cost=0.18s, time_cost: 00:01/00:12, 
2026-08-20 05:54:21,607   INFO  eval: epoch=6, batch_iter=20/79, batch_size=8, iter_cost=0.14s, time_cost: 00:02/00:08, 
2026-08-20 05:54:22,626   INFO  eval: epoch=6, batch_iter=30/79, batch_size=8, iter_cost=0.13s, time_cost: 00:03/00:06, 
2026-08-20 05:54:23,685   INFO  eval: epoch=6, batch_iter=40/79, batch_size=8, iter_cost=0.12s, time_cost: 00:04/00:04, 
2026-08-20 05:54:24,700   INFO  eval: epoch=6, batch_iter=50/79, batch_size=8, iter_cost=0.12s, time_cost: 00:05/00:03, 
2026-08-20 05:54:25,722   INFO  eval: epoch=6, batch_iter=60/79, batch_size=8, iter_cost=0.12s, time_cost: 00:06/00:02, 
2026-08-20 05:54:26,695   INFO  eval: epoch=6, batch_iter=70/79, batch_size=8, iter_cost=0.11s, time_cost: 00:07/00:01, 
2026-08-20 05:54:27,387   INFO  eval: epoch=6, batch_iter=78/79, batch_size=1, iter_cost=0.11s, time_cost: 00:08/00:00, 
eval:   0%|                                                                                                                                                                                               | 0/79 [00:08<?, ?it/s]
2026-08-20 05:54:27,468   INFO  Total number of samples before merging from multiple GPUs: 625
2026-08-20 05:54:27,970   INFO  Total number of samples after merging from multiple GPUs (removing duplicate): 5000
2026-08-20 05:54:27,974   INFO  *************** Performance of EPOCH 6 *****************
2026-08-20 05:54:27,974   INFO  Generate label finished(sec_per_example: 0.0018 second).
Total number for evaluation (intput): 5000
Total number for evaluation (after processed): 22520
Total number for evaluation (intput): 5000
Total number for evaluation (after processed): 22520
Total number for evaluation (intput): 5000
Total number for evaluation (after processed): 22520
2026-08-20 05:54:34,345   INFO  
========== Evaluation @ 3s ==========
minADE - VEHICLE: 1.7105 
minADE - PEDESTRIAN: 0.2962 
minADE - CYCLIST: 1.2498 
minFDE - VEHICLE: 3.0960 
minFDE - PEDESTRIAN: 0.5292 
minFDE - CYCLIST: 2.2298 
MissRate - VEHICLE: 0.6189 
MissRate - PEDESTRIAN: 0.1815 
MissRate - CYCLIST: 0.7222 
OverlapRate - VEHICLE: 0.0363 
OverlapRate - PEDESTRIAN: 0.0614 
OverlapRate - CYCLIST: 0.0289 
mAP - VEHICLE: 0.0927 
mAP - PEDESTRIAN: 0.2870 
mAP - CYCLIST: 0.0942 
minADE: 1.0855 
minFDE: 1.9517 
MissRate: 0.5075 
mAP: 0.1580 
       Waymo          mAP       minADE       minFDE     MissRate            
      VEHICLE      0.0927,      1.7105,      3.0960,      0.6189,            
   PEDESTRIAN      0.2870,      0.2962,      0.5292,      0.1815,            
      CYCLIST      0.0942,      1.2498,      2.2298,      0.7222,            
          Avg      0.1580,      1.0855,      1.9517,      0.5075,            
========== Evaluation @ 5s ==========
minADE - VEHICLE: 2.4761 
minADE - PEDESTRIAN: 0.4216 
minADE - CYCLIST: 1.6683 
minFDE - VEHICLE: 4.9553 
minFDE - PEDESTRIAN: 0.8099 
minFDE - CYCLIST: 3.0659 
MissRate - VEHICLE: 0.6292 
MissRate - PEDESTRIAN: 0.1989 
MissRate - CYCLIST: 0.6937 
OverlapRate - VEHICLE: 0.0683 
OverlapRate - PEDESTRIAN: 0.0674 
OverlapRate - CYCLIST: 0.0507 
mAP - VEHICLE: 0.1021 
mAP - PEDESTRIAN: 0.3719 
mAP - CYCLIST: 0.1042 
minADE: 1.5220 
minFDE: 2.9437 
MissRate: 0.5073 
mAP: 0.1927 
       Waymo          mAP       minADE       minFDE     MissRate            
      VEHICLE      0.1021,      2.4761,      4.9553,      0.6292,            
   PEDESTRIAN      0.3719,      0.4216,      0.8099,      0.1989,            
      CYCLIST      0.1042,      1.6683,      3.0659,      0.6937,            
          Avg      0.1927,      1.5220,      2.9437,      0.5073,            
========== Evaluation @ 8s ==========
minADE - VEHICLE: 3.5950 
minADE - PEDESTRIAN: 0.5971 
minADE - CYCLIST: 2.2161 
minFDE - VEHICLE: 7.8096 
minFDE - PEDESTRIAN: 1.2386 
minFDE - CYCLIST: 4.3684 
MissRate - VEHICLE: 0.6422 
MissRate - PEDESTRIAN: 0.2135 
MissRate - CYCLIST: 0.6771 
OverlapRate - VEHICLE: 0.0996 
OverlapRate - PEDESTRIAN: 0.0755 
OverlapRate - CYCLIST: 0.0695 
mAP - VEHICLE: 0.0999 
mAP - PEDESTRIAN: 0.1863 
mAP - CYCLIST: 0.0953 
minADE: 2.1361 
minFDE: 4.4722 
MissRate: 0.5109 
mAP: 0.1272 
       Waymo          mAP       minADE       minFDE     MissRate            
      VEHICLE      0.0999,      3.5950,      7.8096,      0.6422,            
   PEDESTRIAN      0.1863,      0.5971,      1.2386,      0.2135,            
      CYCLIST      0.0953,      2.2161,      4.3684,      0.6771,            
          Avg      0.1272,      2.1361,      4.4722,      0.5109,            
2026-08-20 05:54:34,346   INFO  Result is save to /root/wanqinghua/MTR/output/waymo/mtr_voyah_data/mtr_with_qcnet_v2/eval/eval_with_train
2026-08-20 05:54:34,346   INFO  ****************Evaluation done.*****************
2026-08-20 05:54:35,336   INFO  Save best model to /root/wanqinghua/MTR/output/waymo/mtr_voyah_data/mtr_with_qcnet_v2/ckpt/best_model
2026-08-20 05:54:37,045   INFO  Save EMA best model to /root/wanqinghua/MTR/output/waymo/mtr_voyah_data/mtr_with_qcnet_v2/ckpt/best_model_ema
epochs:  12%|█████████████████████▎                                                                                                                                                            | 6/50 [25:54<3:10:12, 259.38s/it]
2026-08-20 05:54:38,379   INFO  epoch: 6/50, acc_iter=3235, cur_iter=0/539, batch_size=8, iter_cost=0.87s, time_cost(epoch): 00:00/07:48, time_cost(all): 25:55/5:43:55, ade_TYPE_VEHICLE_layer_5=0.907, ade_TYPE_PEDESTRIAN_layer_5=0.169, ade_TYPE_CYCLIST_layer_5=0.721, loss=259.702, lr=0.0001
2026-08-20 05:54:45,114   INFO  epoch: 6/50, acc_iter=3250, cur_iter=15/539, batch_size=8, iter_cost=0.48s, time_cost(epoch): 00:07/04:09, time_cost(all): 26:02/3:07:45, ade_TYPE_VEHICLE_layer_5=0.918, ade_TYPE_PEDESTRIAN_layer_5=0.176, ade_TYPE_CYCLIST_layer_5=0.295, loss=254.883, lr=0.0001
2026-08-20 05:55:08,117   INFO  epoch: 6/50, acc_iter=3300, cur_iter=65/539, batch_size=8, iter_cost=0.46s, time_cost(epoch): 00:30/03:39, time_cost(all): 26:25/3:02:48, ade_TYPE_VEHICLE_layer_5=0.777, ade_TYPE_PEDESTRIAN_layer_5=0.171, ade_TYPE_CYCLIST_layer_5=-0.000, loss=224.290, lr=0.0001
2026-08-20 05:55:30,504   INFO  epoch: 6/50, acc_iter=3350, cur_iter=115/539, batch_size=8, iter_cost=0.46s, time_cost(epoch): 00:52/03:13, time_cost(all): 26:47/2:59:42, ade_TYPE_VEHICLE_layer_5=0.846, ade_TYPE_PEDESTRIAN_layer_5=0.223, ade_TYPE_CYCLIST_layer_5=0.344, loss=224.770, lr=0.0001
2026-08-20 05:55:52,884   INFO  epoch: 6/50, acc_iter=3400, cur_iter=165/539, batch_size=8, iter_cost=0.45s, time_cost(epoch): 01:15/02:49, time_cost(all): 27:10/2:58:13, ade_TYPE_VEHICLE_layer_5=0.980, ade_TYPE_PEDESTRIAN_layer_5=0.223, ade_TYPE_CYCLIST_layer_5=0.738, loss=235.890, lr=0.0001
2026-08-20 05:56:15,627   INFO  epoch: 6/50, acc_iter=3450, cur_iter=215/539, batch_size=8, iter_cost=0.45s, time_cost(epoch): 01:38/02:27, time_cost(all): 27:32/2:57:55, ade_TYPE_VEHICLE_layer_5=0.962, ade_TYPE_PEDESTRIAN_layer_5=0.286, ade_TYPE_CYCLIST_layer_5=-0.000, loss=278.003, lr=0.0001
2026-08-20 05:56:38,190   INFO  epoch: 6/50, acc_iter=3500, cur_iter=265/539, batch_size=8, iter_cost=0.45s, time_cost(epoch): 02:00/02:04, time_cost(all): 27:55/2:57:19, ade_TYPE_VEHICLE_layer_5=0.867, ade_TYPE_PEDESTRIAN_layer_5=0.215, ade_TYPE_CYCLIST_layer_5=-0.000, loss=282.447, lr=0.0001
2026-08-20 05:57:00,493   INFO  epoch: 6/50, acc_iter=3550, cur_iter=315/539, batch_size=8, iter_cost=0.45s, time_cost(epoch): 02:22/01:41, time_cost(all): 28:17/2:56:28, ade_TYPE_VEHICLE_layer_5=0.911, ade_TYPE_PEDESTRIAN_layer_5=0.186, ade_TYPE_CYCLIST_layer_5=-0.000, loss=295.153, lr=0.0001
2026-08-20 05:57:22,956   INFO  epoch: 6/50, acc_iter=3600, cur_iter=365/539, batch_size=8, iter_cost=0.45s, time_cost(epoch): 02:45/01:18, time_cost(all): 28:40/2:55:55, ade_TYPE_VEHICLE_layer_5=0.882, ade_TYPE_PEDESTRIAN_layer_5=0.349, ade_TYPE_CYCLIST_layer_5=-0.000, loss=262.152, lr=0.0001
2026-08-20 05:57:46,276   INFO  epoch: 6/50, acc_iter=3650, cur_iter=415/539, batch_size=8, iter_cost=0.45s, time_cost(epoch): 03:08/00:56, time_cost(all): 29:03/2:56:13, ade_TYPE_VEHICLE_layer_5=1.019, ade_TYPE_PEDESTRIAN_layer_5=0.250, ade_TYPE_CYCLIST_layer_5=-0.000, loss=181.361, lr=0.0001
2026-08-20 05:58:09,663   INFO  epoch: 6/50, acc_iter=3700, cur_iter=465/539, batch_size=8, iter_cost=0.46s, time_cost(epoch): 03:32/00:33, time_cost(all): 29:26/2:56:25, ade_TYPE_VEHICLE_layer_5=0.949, ade_TYPE_PEDESTRIAN_layer_5=0.409, ade_TYPE_CYCLIST_layer_5=0.782, loss=345.476, lr=0.0001
2026-08-20 05:58:32,314   INFO  epoch: 6/50, acc_iter=3750, cur_iter=515/539, batch_size=8, iter_cost=0.46s, time_cost(epoch): 03:54/00:10, time_cost(all): 29:49/2:55:57, ade_TYPE_VEHICLE_layer_5=1.361, ade_TYPE_PEDESTRIAN_layer_5=0.179, ade_TYPE_CYCLIST_layer_5=0.735, loss=368.128, lr=0.0001
2026-08-20 05:58:42,409   INFO  epoch: 6/50, acc_iter=3773, cur_iter=538/539, batch_size=4, iter_cost=0.45s, time_cost(epoch): 04:04/00:00, time_cost(all): 29:59/2:55:31, ade_TYPE_VEHICLE_layer_5=0.851, ade_TYPE_PEDESTRIAN_layer_5=0.407, ade_TYPE_CYCLIST_layer_5=-0.000, loss=240.481, lr=0.0001
epochs:  14%|████████████████████████▉                                                                                                                                                         | 7/50 [29:59<3:02:38, 254.84s/it]
2026-08-20 05:58:44,066   INFO  epoch: 7/50, acc_iter=3774, cur_iter=0/539, batch_size=8, iter_cost=0.93s, time_cost(epoch): 00:00/08:23, time_cost(all): 30:01/6:00:30, ade_TYPE_VEHICLE_layer_5=0.956, ade_TYPE_PEDESTRIAN_layer_5=0.401, ade_TYPE_CYCLIST_layer_5=0.796, loss=311.941, lr=0.0001
2026-08-20 05:58:55,891   INFO  epoch: 7/50, acc_iter=3800, cur_iter=26/539, batch_size=8, iter_cost=0.47s, time_cost(epoch): 00:12/04:02, time_cost(all): 30:13/3:02:19, ade_TYPE_VEHICLE_layer_5=0.906, ade_TYPE_PEDESTRIAN_layer_5=0.334, ade_TYPE_CYCLIST_layer_5=-0.000, loss=223.527, lr=0.0001
2026-08-20 05:59:19,723   INFO  epoch: 7/50, acc_iter=3850, cur_iter=76/539, batch_size=8, iter_cost=0.48s, time_cost(epoch): 00:36/03:40, time_cost(all): 30:36/3:02:57, ade_TYPE_VEHICLE_layer_5=0.793, ade_TYPE_PEDESTRIAN_layer_5=0.274, ade_TYPE_CYCLIST_layer_5=-0.000, loss=178.583, lr=0.0001
2026-08-20 05:59:43,007   INFO  epoch: 7/50, acc_iter=3900, cur_iter=126/539, batch_size=8, iter_cost=0.47s, time_cost(epoch): 00:59/03:14, time_cost(all): 31:00/3:01:07, ade_TYPE_VEHICLE_layer_5=0.894, ade_TYPE_PEDESTRIAN_layer_5=-0.000, ade_TYPE_CYCLIST_layer_5=2.943, loss=302.119, lr=0.0001
2026-08-20 06:00:06,165   INFO  epoch: 7/50, acc_iter=3950, cur_iter=176/539, batch_size=8, iter_cost=0.47s, time_cost(epoch): 01:23/02:50, time_cost(all): 31:23/2:59:49, ade_TYPE_VEHICLE_layer_5=0.803, ade_TYPE_PEDESTRIAN_layer_5=0.232, ade_TYPE_CYCLIST_layer_5=-0.000, loss=245.415, lr=0.0001
2026-08-20 06:00:29,474   INFO  epoch: 7/50, acc_iter=4000, cur_iter=226/539, batch_size=8, iter_cost=0.47s, time_cost(epoch): 01:46/02:26, time_cost(all): 31:46/2:59:11, ade_TYPE_VEHICLE_layer_5=0.770, ade_TYPE_PEDESTRIAN_layer_5=0.135, ade_TYPE_CYCLIST_layer_5=0.389, loss=273.577, lr=0.0001
2026-08-20 06:00:52,439   INFO  epoch: 7/50, acc_iter=4050, cur_iter=276/539, batch_size=8, iter_cost=0.47s, time_cost(epoch): 02:09/02:02, time_cost(all): 32:09/2:58:10, ade_TYPE_VEHICLE_layer_5=0.873, ade_TYPE_PEDESTRIAN_layer_5=0.548, ade_TYPE_CYCLIST_layer_5=-0.000, loss=261.072, lr=0.0001
2026-08-20 06:01:14,812   INFO  epoch: 7/50, acc_iter=4100, cur_iter=326/539, batch_size=8, iter_cost=0.46s, time_cost(epoch): 02:31/01:38, time_cost(all): 32:32/2:56:39, ade_TYPE_VEHICLE_layer_5=1.126, ade_TYPE_PEDESTRIAN_layer_5=0.218, ade_TYPE_CYCLIST_layer_5=-0.000, loss=299.204, lr=0.0001
2026-08-20 06:01:37,558   INFO  epoch: 7/50, acc_iter=4150, cur_iter=376/539, batch_size=8, iter_cost=0.46s, time_cost(epoch): 02:54/01:15, time_cost(all): 32:54/2:55:49, ade_TYPE_VEHICLE_layer_5=0.918, ade_TYPE_PEDESTRIAN_layer_5=0.185, ade_TYPE_CYCLIST_layer_5=0.877, loss=260.082, lr=0.0001
2026-08-20 06:02:00,537   INFO  epoch: 7/50, acc_iter=4200, cur_iter=426/539, batch_size=8, iter_cost=0.46s, time_cost(epoch): 03:17/00:52, time_cost(all): 33:17/2:55:17, ade_TYPE_VEHICLE_layer_5=0.999, ade_TYPE_PEDESTRIAN_layer_5=0.247, ade_TYPE_CYCLIST_layer_5=0.401, loss=239.165, lr=0.0001
2026-08-20 06:02:23,277   INFO  epoch: 7/50, acc_iter=4250, cur_iter=476/539, batch_size=8, iter_cost=0.46s, time_cost(epoch): 03:40/00:29, time_cost(all): 33:40/2:54:36, ade_TYPE_VEHICLE_layer_5=0.971, ade_TYPE_PEDESTRIAN_layer_5=0.282, ade_TYPE_CYCLIST_layer_5=-0.000, loss=284.491, lr=0.0001
2026-08-20 06:02:46,082   INFO  epoch: 7/50, acc_iter=4300, cur_iter=526/539, batch_size=8, iter_cost=0.46s, time_cost(epoch): 04:02/00:05, time_cost(all): 34:03/2:54:02, ade_TYPE_VEHICLE_layer_5=0.692, ade_TYPE_PEDESTRIAN_layer_5=0.166, ade_TYPE_CYCLIST_layer_5=0.475, loss=159.465, lr=0.0001
2026-08-20 06:02:51,255   INFO  epoch: 7/50, acc_iter=4312, cur_iter=538/539, batch_size=4, iter_cost=0.46s, time_cost(epoch): 04:08/00:00, time_cost(all): 34:08/2:53:41, ade_TYPE_VEHICLE_layer_5=0.764, ade_TYPE_PEDESTRIAN_layer_5=0.404, ade_TYPE_CYCLIST_layer_5=-0.000, loss=225.207, lr=0.0001
2026-08-20 06:02:52,768   INFO  ==> Eval with EMA weights (epoch 8)
2026-08-20 06:02:52,878   INFO  *************** EPOCH 8 EVALUATION *****************
2026-08-20 06:02:53,654   INFO  eval: epoch=8, batch_iter=0/79, batch_size=8, iter_cost=0.77s, time_cost: 00:00/01:01, 
2026-08-20 06:02:54,653   INFO  eval: epoch=8, batch_iter=10/79, batch_size=8, iter_cost=0.18s, time_cost: 00:01/00:12, 
2026-08-20 06:02:55,675   INFO  eval: epoch=8, batch_iter=20/79, batch_size=8, iter_cost=0.14s, time_cost: 00:02/00:08, 
2026-08-20 06:02:56,698   INFO  eval: epoch=8, batch_iter=30/79, batch_size=8, iter_cost=0.13s, time_cost: 00:03/00:06, 
2026-08-20 06:02:57,758   INFO  eval: epoch=8, batch_iter=40/79, batch_size=8, iter_cost=0.12s, time_cost: 00:04/00:04, 
2026-08-20 06:02:58,776   INFO  eval: epoch=8, batch_iter=50/79, batch_size=8, iter_cost=0.12s, time_cost: 00:05/00:03, 
2026-08-20 06:02:59,798   INFO  eval: epoch=8, batch_iter=60/79, batch_size=8, iter_cost=0.12s, time_cost: 00:06/00:02, 
2026-08-20 06:03:00,767   INFO  eval: epoch=8, batch_iter=70/79, batch_size=8, iter_cost=0.11s, time_cost: 00:07/00:01, 
2026-08-20 06:03:01,464   INFO  eval: epoch=8, batch_iter=78/79, batch_size=1, iter_cost=0.11s, time_cost: 00:08/00:00, 
eval:   0%|                                                                                                                                                                                               | 0/79 [00:08<?, ?it/s]
2026-08-20 06:03:01,546   INFO  Total number of samples before merging from multiple GPUs: 625
2026-08-20 06:03:01,989   INFO  Total number of samples after merging from multiple GPUs (removing duplicate): 5000
2026-08-20 06:03:01,993   INFO  *************** Performance of EPOCH 8 *****************
2026-08-20 06:03:01,993   INFO  Generate label finished(sec_per_example: 0.0018 second).
Total number for evaluation (intput): 5000
Total number for evaluation (after processed): 22520
Total number for evaluation (intput): 5000
Total number for evaluation (after processed): 22520
Total number for evaluation (intput): 5000
Total number for evaluation (after processed): 22520
2026-08-20 06:03:08,265   INFO  
========== Evaluation @ 3s ==========
minADE - VEHICLE: 1.6330 
minADE - PEDESTRIAN: 0.2433 
minADE - CYCLIST: 0.7153 
minFDE - VEHICLE: 2.5349 
minFDE - PEDESTRIAN: 0.4446 
minFDE - CYCLIST: 1.2879 
MissRate - VEHICLE: 0.5223 
MissRate - PEDESTRIAN: 0.1260 
MissRate - CYCLIST: 0.4298 
OverlapRate - VEHICLE: 0.0323 
OverlapRate - PEDESTRIAN: 0.0636 
OverlapRate - CYCLIST: 0.0260 
mAP - VEHICLE: 0.1019 
mAP - PEDESTRIAN: 0.3595 
mAP - CYCLIST: 0.1505 
minADE: 0.8639 
minFDE: 1.4225 
MissRate: 0.3594 
mAP: 0.2040 
       Waymo          mAP       minADE       minFDE     MissRate            
      VEHICLE      0.1019,      1.6330,      2.5349,      0.5223,            
   PEDESTRIAN      0.3595,      0.2433,      0.4446,      0.1260,            
      CYCLIST      0.1505,      0.7153,      1.2879,      0.4298,            
          Avg      0.2040,      0.8639,      1.4225,      0.3594,            
========== Evaluation @ 5s ==========
minADE - VEHICLE: 2.0514 
minADE - PEDESTRIAN: 0.3510 
minADE - CYCLIST: 1.0042 
minFDE - VEHICLE: 3.2586 
minFDE - PEDESTRIAN: 0.6918 
minFDE - CYCLIST: 1.9327 
MissRate - VEHICLE: 0.5108 
MissRate - PEDESTRIAN: 0.1404 
MissRate - CYCLIST: 0.4401 
OverlapRate - VEHICLE: 0.0591 
OverlapRate - PEDESTRIAN: 0.0687 
OverlapRate - CYCLIST: 0.0463 
mAP - VEHICLE: 0.1058 
mAP - PEDESTRIAN: 0.4237 
mAP - CYCLIST: 0.1674 
minADE: 1.1355 
minFDE: 1.9610 
MissRate: 0.3638 
mAP: 0.2323 
       Waymo          mAP       minADE       minFDE     MissRate            
      VEHICLE      0.1058,      2.0514,      3.2586,      0.5108,            
   PEDESTRIAN      0.4237,      0.3510,      0.6918,      0.1404,            
      CYCLIST      0.1674,      1.0042,      1.9327,      0.4401,            
          Avg      0.2323,      1.1355,      1.9610,      0.3638,            
========== Evaluation @ 8s ==========
minADE - VEHICLE: 2.6556 
minADE - PEDESTRIAN: 0.5050 
minADE - CYCLIST: 1.4225 
minFDE - VEHICLE: 4.6819 
minFDE - PEDESTRIAN: 1.0766 
minFDE - CYCLIST: 2.9864 
MissRate - VEHICLE: 0.5182 
MissRate - PEDESTRIAN: 0.1580 
MissRate - CYCLIST: 0.4635 
OverlapRate - VEHICLE: 0.0856 
OverlapRate - PEDESTRIAN: 0.0752 
OverlapRate - CYCLIST: 0.0661 
mAP - VEHICLE: 0.1235 
mAP - PEDESTRIAN: 0.2367 
mAP - CYCLIST: 0.1652 
minADE: 1.5277 
minFDE: 2.9150 
MissRate: 0.3799 
mAP: 0.1751 
       Waymo          mAP       minADE       minFDE     MissRate            
      VEHICLE      0.1235,      2.6556,      4.6819,      0.5182,            
   PEDESTRIAN      0.2367,      0.5050,      1.0766,      0.1580,            
      CYCLIST      0.1652,      1.4225,      2.9864,      0.4635,            
          Avg      0.1751,      1.5277,      2.9150,      0.3799,            
2026-08-20 06:03:08,266   INFO  Result is save to /root/wanqinghua/MTR/output/waymo/mtr_voyah_data/mtr_with_qcnet_v2/eval/eval_with_train
2026-08-20 06:03:08,267   INFO  ****************Evaluation done.*****************
2026-08-20 06:03:09,307   INFO  Save best model to /root/wanqinghua/MTR/output/waymo/mtr_voyah_data/mtr_with_qcnet_v2/ckpt/best_model
2026-08-20 06:03:10,956   INFO  Save EMA best model to /root/wanqinghua/MTR/output/waymo/mtr_voyah_data/mtr_with_qcnet_v2/ckpt/best_model_ema
epochs:  16%|████████████████████████████▍                                                                                                                                                     | 8/50 [34:28<3:01:24, 259.16s/it]
2026-08-20 06:03:12,337   INFO  epoch: 8/50, acc_iter=4313, cur_iter=0/539, batch_size=8, iter_cost=0.92s, time_cost(epoch): 00:00/08:17, time_cost(all): 34:29/5:47:58, ade_TYPE_VEHICLE_layer_5=1.187, ade_TYPE_PEDESTRIAN_layer_5=0.087, ade_TYPE_CYCLIST_layer_5=-0.000, loss=405.867, lr=0.0001
2026-08-20 06:03:29,280   INFO  epoch: 8/50, acc_iter=4350, cur_iter=37/539, batch_size=8, iter_cost=0.47s, time_cost(epoch): 00:17/03:56, time_cost(all): 34:46/2:57:05, ade_TYPE_VEHICLE_layer_5=0.701, ade_TYPE_PEDESTRIAN_layer_5=0.220, ade_TYPE_CYCLIST_layer_5=-0.000, loss=111.785, lr=0.0001
2026-08-20 06:03:51,938   INFO  epoch: 8/50, acc_iter=4400, cur_iter=87/539, batch_size=8, iter_cost=0.46s, time_cost(epoch): 00:40/03:28, time_cost(all): 35:09/2:53:04, ade_TYPE_VEHICLE_layer_5=0.935, ade_TYPE_PEDESTRIAN_layer_5=0.195, ade_TYPE_CYCLIST_layer_5=0.996, loss=329.063, lr=0.0001
2026-08-20 06:04:14,553   INFO  epoch: 8/50, acc_iter=4450, cur_iter=137/539, batch_size=8, iter_cost=0.46s, time_cost(epoch): 01:03/03:03, time_cost(all): 35:31/2:51:34, ade_TYPE_VEHICLE_layer_5=0.812, ade_TYPE_PEDESTRIAN_layer_5=0.193, ade_TYPE_CYCLIST_layer_5=0.651, loss=157.963, lr=0.0001
2026-08-20 06:04:36,988   INFO  epoch: 8/50, acc_iter=4500, cur_iter=187/539, batch_size=8, iter_cost=0.46s, time_cost(epoch): 01:25/02:40, time_cost(all): 35:54/2:50:19, ade_TYPE_VEHICLE_layer_5=0.860, ade_TYPE_PEDESTRIAN_layer_5=0.820, ade_TYPE_CYCLIST_layer_5=0.422, loss=252.106, lr=0.0001
2026-08-20 06:04:59,538   INFO  epoch: 8/50, acc_iter=4550, cur_iter=237/539, batch_size=8, iter_cost=0.45s, time_cost(epoch): 01:48/02:17, time_cost(all): 36:16/2:49:36, ade_TYPE_VEHICLE_layer_5=0.999, ade_TYPE_PEDESTRIAN_layer_5=0.389, ade_TYPE_CYCLIST_layer_5=0.660, loss=166.975, lr=0.0001
2026-08-20 06:05:22,626   INFO  epoch: 8/50, acc_iter=4600, cur_iter=287/539, batch_size=8, iter_cost=0.46s, time_cost(epoch): 02:11/01:54, time_cost(all): 36:39/2:49:43, ade_TYPE_VEHICLE_layer_5=1.071, ade_TYPE_PEDESTRIAN_layer_5=0.314, ade_TYPE_CYCLIST_layer_5=-0.000, loss=282.998, lr=0.0001
2026-08-20 06:05:44,933   INFO  epoch: 8/50, acc_iter=4650, cur_iter=337/539, batch_size=8, iter_cost=0.45s, time_cost(epoch): 02:33/01:31, time_cost(all): 37:02/2:48:49, ade_TYPE_VEHICLE_layer_5=1.019, ade_TYPE_PEDESTRIAN_layer_5=0.155, ade_TYPE_CYCLIST_layer_5=1.185, loss=183.519, lr=0.0001
2026-08-20 06:06:07,919   INFO  epoch: 8/50, acc_iter=4700, cur_iter=387/539, batch_size=8, iter_cost=0.45s, time_cost(epoch): 02:56/01:09, time_cost(all): 37:25/2:48:42, ade_TYPE_VEHICLE_layer_5=0.749, ade_TYPE_PEDESTRIAN_layer_5=0.265, ade_TYPE_CYCLIST_layer_5=0.729, loss=226.499, lr=0.0001
2026-08-20 06:06:30,762   INFO  epoch: 8/50, acc_iter=4750, cur_iter=437/539, batch_size=8, iter_cost=0.46s, time_cost(epoch): 03:19/00:46, time_cost(all): 37:47/2:48:24, ade_TYPE_VEHICLE_layer_5=0.875, ade_TYPE_PEDESTRIAN_layer_5=0.647, ade_TYPE_CYCLIST_layer_5=0.752, loss=207.073, lr=0.0001
2026-08-20 06:06:53,457   INFO  epoch: 8/50, acc_iter=4800, cur_iter=487/539, batch_size=8, iter_cost=0.46s, time_cost(epoch): 03:42/00:23, time_cost(all): 38:10/2:47:58, ade_TYPE_VEHICLE_layer_5=0.789, ade_TYPE_PEDESTRIAN_layer_5=0.222, ade_TYPE_CYCLIST_layer_5=-0.000, loss=99.824, lr=0.0001
2026-08-20 06:07:15,959   INFO  epoch: 8/50, acc_iter=4850, cur_iter=537/539, batch_size=8, iter_cost=0.45s, time_cost(epoch): 04:04/00:00, time_cost(all): 38:33/2:47:25, ade_TYPE_VEHICLE_layer_5=0.941, ade_TYPE_PEDESTRIAN_layer_5=0.264, ade_TYPE_CYCLIST_layer_5=-0.000, loss=244.841, lr=0.0001
2026-08-20 06:07:16,280   INFO  epoch: 8/50, acc_iter=4851, cur_iter=538/539, batch_size=4, iter_cost=0.45s, time_cost(epoch): 04:04/00:00, time_cost(all): 38:33/2:47:19, ade_TYPE_VEHICLE_layer_5=0.882, ade_TYPE_PEDESTRIAN_layer_5=0.222, ade_TYPE_CYCLIST_layer_5=0.442, loss=269.788, lr=0.0001
epochs:  18%|████████████████████████████████                                                                                                                                                  | 9/50 [38:33<2:54:09, 254.88s/it]
2026-08-20 06:07:17,881   INFO  epoch: 9/50, acc_iter=4852, cur_iter=0/539, batch_size=8, iter_cost=0.87s, time_cost(epoch): 00:00/07:51, time_cost(all): 38:35/5:22:08, ade_TYPE_VEHICLE_layer_5=0.775, ade_TYPE_PEDESTRIAN_layer_5=0.257, ade_TYPE_CYCLIST_layer_5=0.725, loss=241.834, lr=0.0001
2026-08-20 06:07:39,927   INFO  epoch: 9/50, acc_iter=4900, cur_iter=48/539, batch_size=8, iter_cost=0.47s, time_cost(epoch): 00:22/03:49, time_cost(all): 38:57/2:51:54, ade_TYPE_VEHICLE_layer_5=0.846, ade_TYPE_PEDESTRIAN_layer_5=0.339, ade_TYPE_CYCLIST_layer_5=0.688, loss=229.975, lr=0.0001
2026-08-20 06:08:03,054   INFO  epoch: 9/50, acc_iter=4950, cur_iter=98/539, batch_size=8, iter_cost=0.47s, time_cost(epoch): 00:46/03:25, time_cost(all): 39:20/2:50:33, ade_TYPE_VEHICLE_layer_5=0.893, ade_TYPE_PEDESTRIAN_layer_5=0.260, ade_TYPE_CYCLIST_layer_5=0.421, loss=221.235, lr=0.0001
2026-08-20 06:08:26,301   INFO  epoch: 9/50, acc_iter=5000, cur_iter=148/539, batch_size=8, iter_cost=0.47s, time_cost(epoch): 01:09/03:01, time_cost(all): 39:43/2:50:08, ade_TYPE_VEHICLE_layer_5=0.717, ade_TYPE_PEDESTRIAN_layer_5=0.398, ade_TYPE_CYCLIST_layer_5=-0.000, loss=253.465, lr=0.0001
2026-08-20 06:08:48,278   INFO  epoch: 9/50, acc_iter=5050, cur_iter=198/539, batch_size=8, iter_cost=0.46s, time_cost(epoch): 01:31/02:36, time_cost(all): 40:05/2:47:24, ade_TYPE_VEHICLE_layer_5=0.827, ade_TYPE_PEDESTRIAN_layer_5=0.427, ade_TYPE_CYCLIST_layer_5=-0.000, loss=229.972, lr=0.0001
2026-08-20 06:09:11,146   INFO  epoch: 9/50, acc_iter=5100, cur_iter=248/539, batch_size=8, iter_cost=0.46s, time_cost(epoch): 01:54/02:13, time_cost(all): 40:28/2:46:56, ade_TYPE_VEHICLE_layer_5=0.904, ade_TYPE_PEDESTRIAN_layer_5=0.250, ade_TYPE_CYCLIST_layer_5=-0.000, loss=218.231, lr=0.0001
2026-08-20 06:09:33,694   INFO  epoch: 9/50, acc_iter=5150, cur_iter=298/539, batch_size=8, iter_cost=0.46s, time_cost(epoch): 02:16/01:50, time_cost(all): 40:50/2:46:06, ade_TYPE_VEHICLE_layer_5=0.627, ade_TYPE_PEDESTRIAN_layer_5=0.255, ade_TYPE_CYCLIST_layer_5=1.106, loss=172.767, lr=0.0001
2026-08-20 06:09:56,300   INFO  epoch: 9/50, acc_iter=5200, cur_iter=348/539, batch_size=8, iter_cost=0.46s, time_cost(epoch): 02:39/01:27, time_cost(all): 41:13/2:45:27, ade_TYPE_VEHICLE_layer_5=0.958, ade_TYPE_PEDESTRIAN_layer_5=0.180, ade_TYPE_CYCLIST_layer_5=-0.000, loss=245.000, lr=0.0001
2026-08-20 06:10:18,919   INFO  epoch: 9/50, acc_iter=5250, cur_iter=398/539, batch_size=8, iter_cost=0.46s, time_cost(epoch): 03:01/01:04, time_cost(all): 41:36/2:44:53, ade_TYPE_VEHICLE_layer_5=0.958, ade_TYPE_PEDESTRIAN_layer_5=0.154, ade_TYPE_CYCLIST_layer_5=0.818, loss=240.858, lr=0.0001
2026-08-20 06:10:40,970   INFO  epoch: 9/50, acc_iter=5300, cur_iter=448/539, batch_size=8, iter_cost=0.45s, time_cost(epoch): 03:23/00:41, time_cost(all): 41:58/2:43:55, ade_TYPE_VEHICLE_layer_5=0.877, ade_TYPE_PEDESTRIAN_layer_5=0.439, ade_TYPE_CYCLIST_layer_5=0.764, loss=244.179, lr=0.0001
2026-08-20 06:11:04,245   INFO  epoch: 9/50, acc_iter=5350, cur_iter=498/539, batch_size=8, iter_cost=0.46s, time_cost(epoch): 03:47/00:18, time_cost(all): 42:21/2:43:56, ade_TYPE_VEHICLE_layer_5=0.770, ade_TYPE_PEDESTRIAN_layer_5=0.275, ade_TYPE_CYCLIST_layer_5=0.383, loss=190.602, lr=0.0001
2026-08-20 06:11:21,508   INFO  epoch: 9/50, acc_iter=5390, cur_iter=538/539, batch_size=4, iter_cost=0.45s, time_cost(epoch): 04:04/00:00, time_cost(all): 42:38/2:43:00, ade_TYPE_VEHICLE_layer_5=0.979, ade_TYPE_PEDESTRIAN_layer_5=0.261, ade_TYPE_CYCLIST_layer_5=-0.000, loss=215.746, lr=0.0001
2026-08-20 06:11:23,021   INFO  ==> Eval with EMA weights (epoch 10)
2026-08-20 06:11:23,132   INFO  *************** EPOCH 10 EVALUATION *****************
2026-08-20 06:11:23,916   INFO  eval: epoch=10, batch_iter=0/79, batch_size=8, iter_cost=0.78s, time_cost: 00:00/01:01, 
2026-08-20 06:11:24,913   INFO  eval: epoch=10, batch_iter=10/79, batch_size=8, iter_cost=0.18s, time_cost: 00:01/00:12, 
2026-08-20 06:11:25,938   INFO  eval: epoch=10, batch_iter=20/79, batch_size=8, iter_cost=0.14s, time_cost: 00:02/00:08, 
2026-08-20 06:11:26,968   INFO  eval: epoch=10, batch_iter=30/79, batch_size=8, iter_cost=0.13s, time_cost: 00:03/00:06, 
2026-08-20 06:11:28,021   INFO  eval: epoch=10, batch_iter=40/79, batch_size=8, iter_cost=0.12s, time_cost: 00:04/00:04, 
2026-08-20 06:11:29,071   INFO  eval: epoch=10, batch_iter=50/79, batch_size=8, iter_cost=0.12s, time_cost: 00:05/00:03, 
2026-08-20 06:11:30,110   INFO  eval: epoch=10, batch_iter=60/79, batch_size=8, iter_cost=0.12s, time_cost: 00:06/00:02, 
2026-08-20 06:11:31,079   INFO  eval: epoch=10, batch_iter=70/79, batch_size=8, iter_cost=0.11s, time_cost: 00:07/00:01, 
2026-08-20 06:11:31,775   INFO  eval: epoch=10, batch_iter=78/79, batch_size=1, iter_cost=0.11s, time_cost: 00:08/00:00, 
eval:   0%|                                                                                                                                                                                               | 0/79 [00:08<?, ?it/s]
2026-08-20 06:11:31,858   INFO  Total number of samples before merging from multiple GPUs: 625
2026-08-20 06:11:32,290   INFO  Total number of samples after merging from multiple GPUs (removing duplicate): 5000
2026-08-20 06:11:32,294   INFO  *************** Performance of EPOCH 10 *****************
2026-08-20 06:11:32,295   INFO  Generate label finished(sec_per_example: 0.0018 second).
Total number for evaluation (intput): 5000
Total number for evaluation (after processed): 22520
Total number for evaluation (intput): 5000
Total number for evaluation (after processed): 22520
Total number for evaluation (intput): 5000
Total number for evaluation (after processed): 22520
2026-08-20 06:11:38,744   INFO  
========== Evaluation @ 3s ==========
minADE - VEHICLE: 0.8149 
minADE - PEDESTRIAN: 0.2280 
minADE - CYCLIST: 0.5522 
minFDE - VEHICLE: 1.2434 
minFDE - PEDESTRIAN: 0.4157 
minFDE - CYCLIST: 1.0059 
MissRate - VEHICLE: 0.3229 
MissRate - PEDESTRIAN: 0.1130 
MissRate - CYCLIST: 0.3348 
OverlapRate - VEHICLE: 0.0158 
OverlapRate - PEDESTRIAN: 0.0623 
OverlapRate - CYCLIST: 0.0232 
mAP - VEHICLE: 0.1584 
mAP - PEDESTRIAN: 0.4019 
mAP - CYCLIST: 0.1855 
minADE: 0.5317 
minFDE: 0.8883 
MissRate: 0.2569 
mAP: 0.2486 
       Waymo          mAP       minADE       minFDE     MissRate            
      VEHICLE      0.1584,      0.8149,      1.2434,      0.3229,            
   PEDESTRIAN      0.4019,      0.2280,      0.4157,      0.1130,            
      CYCLIST      0.1855,      0.5522,      1.0059,      0.3348,            
          Avg      0.2486,      0.5317,      0.8883,      0.2569,            
========== Evaluation @ 5s ==========
minADE - VEHICLE: 1.0644 
minADE - PEDESTRIAN: 0.3291 
minADE - CYCLIST: 0.7925 
minFDE - VEHICLE: 1.6938 
minFDE - PEDESTRIAN: 0.6387 
minFDE - CYCLIST: 1.5331 
MissRate - VEHICLE: 0.3191 
MissRate - PEDESTRIAN: 0.1208 
MissRate - CYCLIST: 0.3370 
OverlapRate - VEHICLE: 0.0339 
OverlapRate - PEDESTRIAN: 0.0676 
OverlapRate - CYCLIST: 0.0326 
mAP - VEHICLE: 0.1671 
mAP - PEDESTRIAN: 0.4772 
mAP - CYCLIST: 0.2021 
minADE: 0.7287 
minFDE: 1.2885 
MissRate: 0.2590 
mAP: 0.2822 
       Waymo          mAP       minADE       minFDE     MissRate            
      VEHICLE      0.1671,      1.0644,      1.6938,      0.3191,            
   PEDESTRIAN      0.4772,      0.3291,      0.6387,      0.1208,            
      CYCLIST      0.2021,      0.7925,      1.5331,      0.3370,            
          Avg      0.2822,      0.7287,      1.2885,      0.2590,            
========== Evaluation @ 8s ==========
minADE - VEHICLE: 1.4550 
minADE - PEDESTRIAN: 0.4713 
minADE - CYCLIST: 1.1290 
minFDE - VEHICLE: 2.6244 
minFDE - PEDESTRIAN: 0.9872 
minFDE - CYCLIST: 2.3502 
MissRate - VEHICLE: 0.3489 
MissRate - PEDESTRIAN: 0.1349 
MissRate - CYCLIST: 0.3459 
OverlapRate - VEHICLE: 0.0567 
OverlapRate - PEDESTRIAN: 0.0738 
OverlapRate - CYCLIST: 0.0478 
mAP - VEHICLE: 0.1920 
mAP - PEDESTRIAN: 0.2828 
mAP - CYCLIST: 0.2030 
minADE: 1.0184 
minFDE: 1.9872 
MissRate: 0.2766 
mAP: 0.2259 
       Waymo          mAP       minADE       minFDE     MissRate            
      VEHICLE      0.1920,      1.4550,      2.6244,      0.3489,            
   PEDESTRIAN      0.2828,      0.4713,      0.9872,      0.1349,            
      CYCLIST      0.2030,      1.1290,      2.3502,      0.3459,            
          Avg      0.2259,      1.0184,      1.9872,      0.2766,            
2026-08-20 06:11:38,745   INFO  Result is save to /root/wanqinghua/MTR/output/waymo/mtr_voyah_data/mtr_with_qcnet_v2/eval/eval_with_train
2026-08-20 06:11:38,745   INFO  ****************Evaluation done.*****************
2026-08-20 06:11:39,764   INFO  Save best model to /root/wanqinghua/MTR/output/waymo/mtr_voyah_data/mtr_with_qcnet_v2/ckpt/best_model
2026-08-20 06:11:41,474   INFO  Save EMA best model to /root/wanqinghua/MTR/output/waymo/mtr_voyah_data/mtr_with_qcnet_v2/ckpt/best_model_ema
epochs:  20%|███████████████████████████████████▍                                                                                                                                             | 10/50 [42:58<2:52:00, 258.02s/it]
2026-08-20 06:11:42,882   INFO  epoch: 10/50, acc_iter=5391, cur_iter=0/539, batch_size=8, iter_cost=0.94s, time_cost(epoch): 00:00/08:26, time_cost(all): 43:00/5:37:22, ade_TYPE_VEHICLE_layer_5=0.945, ade_TYPE_PEDESTRIAN_layer_5=0.182, ade_TYPE_CYCLIST_layer_5=-0.000, loss=199.986, lr=0.0001
2026-08-20 06:11:46,767   INFO  epoch: 10/50, acc_iter=5400, cur_iter=9/539, batch_size=8, iter_cost=0.48s, time_cost(epoch): 00:04/04:15, time_cost(all): 43:03/2:53:16, ade_TYPE_VEHICLE_layer_5=0.812, ade_TYPE_PEDESTRIAN_layer_5=0.292, ade_TYPE_CYCLIST_layer_5=0.422, loss=138.423, lr=0.0001
2026-08-20 06:12:09,582   INFO  epoch: 10/50, acc_iter=5450, cur_iter=59/539, batch_size=8, iter_cost=0.46s, time_cost(epoch): 00:27/03:41, time_cost(all): 43:26/2:45:04, ade_TYPE_VEHICLE_layer_5=0.699, ade_TYPE_PEDESTRIAN_layer_5=0.375, ade_TYPE_CYCLIST_layer_5=0.500, loss=146.922, lr=0.0001
2026-08-20 06:12:33,073   INFO  epoch: 10/50, acc_iter=5500, cur_iter=109/539, batch_size=8, iter_cost=0.46s, time_cost(epoch): 00:51/03:19, time_cost(all): 43:50/2:46:10, ade_TYPE_VEHICLE_layer_5=0.860, ade_TYPE_PEDESTRIAN_layer_5=0.295, ade_TYPE_CYCLIST_layer_5=0.320, loss=286.910, lr=0.0001
2026-08-20 06:12:55,505   INFO  epoch: 10/50, acc_iter=5550, cur_iter=159/539, batch_size=8, iter_cost=0.46s, time_cost(epoch): 01:13/02:54, time_cost(all): 44:12/2:43:59, ade_TYPE_VEHICLE_layer_5=0.612, ade_TYPE_PEDESTRIAN_layer_5=0.237, ade_TYPE_CYCLIST_layer_5=-0.000, loss=117.549, lr=0.0001
2026-08-20 06:13:18,937   INFO  epoch: 10/50, acc_iter=5600, cur_iter=209/539, batch_size=8, iter_cost=0.46s, time_cost(epoch): 01:36/02:32, time_cost(all): 44:36/2:44:21, ade_TYPE_VEHICLE_layer_5=0.861, ade_TYPE_PEDESTRIAN_layer_5=0.106, ade_TYPE_CYCLIST_layer_5=-0.000, loss=157.405, lr=0.0001
2026-08-20 06:13:41,502   INFO  epoch: 10/50, acc_iter=5650, cur_iter=259/539, batch_size=8, iter_cost=0.46s, time_cost(epoch): 01:59/02:08, time_cost(all): 44:58/2:43:15, ade_TYPE_VEHICLE_layer_5=0.942, ade_TYPE_PEDESTRIAN_layer_5=0.233, ade_TYPE_CYCLIST_layer_5=-0.000, loss=235.633, lr=0.0001
2026-08-20 06:14:04,327   INFO  epoch: 10/50, acc_iter=5700, cur_iter=309/539, batch_size=8, iter_cost=0.46s, time_cost(epoch): 02:22/01:45, time_cost(all): 45:21/2:42:40, ade_TYPE_VEHICLE_layer_5=0.827, ade_TYPE_PEDESTRIAN_layer_5=-0.000, ade_TYPE_CYCLIST_layer_5=0.456, loss=278.839, lr=0.0001
2026-08-20 06:14:27,495   INFO  epoch: 10/50, acc_iter=5750, cur_iter=359/539, batch_size=8, iter_cost=0.46s, time_cost(epoch): 02:45/01:22, time_cost(all): 45:44/2:42:29, ade_TYPE_VEHICLE_layer_5=0.815, ade_TYPE_PEDESTRIAN_layer_5=-0.000, ade_TYPE_CYCLIST_layer_5=0.784, loss=268.168, lr=0.0001
2026-08-20 06:14:50,041   INFO  epoch: 10/50, acc_iter=5800, cur_iter=409/539, batch_size=8, iter_cost=0.46s, time_cost(epoch): 03:08/00:59, time_cost(all): 46:07/2:41:43, ade_TYPE_VEHICLE_layer_5=0.718, ade_TYPE_PEDESTRIAN_layer_5=0.126, ade_TYPE_CYCLIST_layer_5=0.429, loss=162.506, lr=0.0001
2026-08-20 06:15:13,129   INFO  epoch: 10/50, acc_iter=5850, cur_iter=459/539, batch_size=8, iter_cost=0.46s, time_cost(epoch): 03:31/00:36, time_cost(all): 46:30/2:41:27, ade_TYPE_VEHICLE_layer_5=0.667, ade_TYPE_PEDESTRIAN_layer_5=0.286, ade_TYPE_CYCLIST_layer_5=-0.000, loss=157.820, lr=0.0001
2026-08-20 06:15:36,149   INFO  epoch: 10/50, acc_iter=5900, cur_iter=509/539, batch_size=8, iter_cost=0.46s, time_cost(epoch): 03:54/00:13, time_cost(all): 46:53/2:41:07, ade_TYPE_VEHICLE_layer_5=0.984, ade_TYPE_PEDESTRIAN_layer_5=0.174, ade_TYPE_CYCLIST_layer_5=-0.000, loss=315.115, lr=0.0001
2026-08-20 06:15:49,276   INFO  epoch: 10/50, acc_iter=5929, cur_iter=538/539, batch_size=4, iter_cost=0.46s, time_cost(epoch): 04:07/00:00, time_cost(all): 47:06/2:40:46, ade_TYPE_VEHICLE_layer_5=0.805, ade_TYPE_PEDESTRIAN_layer_5=0.321, ade_TYPE_CYCLIST_layer_5=-0.000, loss=156.657, lr=0.0001
epochs:  22%|██████████████████████████████████████▉                                                                                                                                          | 11/50 [47:06<2:45:42, 254.93s/it]
2026-08-20 06:15:50,813   INFO  epoch: 11/50, acc_iter=5930, cur_iter=0/539, batch_size=8, iter_cost=0.83s, time_cost(epoch): 00:00/07:25, time_cost(all): 47:08/4:49:39, ade_TYPE_VEHICLE_layer_5=0.717, ade_TYPE_PEDESTRIAN_layer_5=0.363, ade_TYPE_CYCLIST_layer_5=0.476, loss=183.515, lr=0.0001
2026-08-20 06:16:00,065   INFO  epoch: 11/50, acc_iter=5950, cur_iter=20/539, batch_size=8, iter_cost=0.48s, time_cost(epoch): 00:10/04:09, time_cost(all): 47:17/2:47:59, ade_TYPE_VEHICLE_layer_5=0.822, ade_TYPE_PEDESTRIAN_layer_5=0.232, ade_TYPE_CYCLIST_layer_5=0.429, loss=186.223, lr=0.0001
2026-08-20 06:16:23,250   INFO  epoch: 11/50, acc_iter=6000, cur_iter=70/539, batch_size=8, iter_cost=0.47s, time_cost(epoch): 00:33/03:39, time_cost(all): 47:40/2:43:35, ade_TYPE_VEHICLE_layer_5=0.865, ade_TYPE_PEDESTRIAN_layer_5=0.497, ade_TYPE_CYCLIST_layer_5=-0.000, loss=198.379, lr=0.0001
2026-08-20 06:16:46,046   INFO  epoch: 11/50, acc_iter=6050, cur_iter=120/539, batch_size=8, iter_cost=0.46s, time_cost(epoch): 00:56/03:14, time_cost(all): 48:03/2:41:23, ade_TYPE_VEHICLE_layer_5=0.740, ade_TYPE_PEDESTRIAN_layer_5=-0.000, ade_TYPE_CYCLIST_layer_5=-0.000, loss=173.463, lr=0.0001
2026-08-20 06:17:08,899   INFO  epoch: 11/50, acc_iter=6100, cur_iter=170/539, batch_size=8, iter_cost=0.46s, time_cost(epoch): 01:18/02:50, time_cost(all): 48:26/2:40:22, ade_TYPE_VEHICLE_layer_5=0.811, ade_TYPE_PEDESTRIAN_layer_5=0.394, ade_TYPE_CYCLIST_layer_5=1.136, loss=232.443, lr=0.0001
2026-08-20 06:17:31,889   INFO  epoch: 11/50, acc_iter=6150, cur_iter=220/539, batch_size=8, iter_cost=0.46s, time_cost(epoch): 01:41/02:27, time_cost(all): 48:49/2:39:51, ade_TYPE_VEHICLE_layer_5=0.878, ade_TYPE_PEDESTRIAN_layer_5=0.222, ade_TYPE_CYCLIST_layer_5=0.555, loss=241.890, lr=0.0001
2026-08-20 06:17:54,505   INFO  epoch: 11/50, acc_iter=6200, cur_iter=270/539, batch_size=8, iter_cost=0.46s, time_cost(epoch): 02:04/02:03, time_cost(all): 49:11/2:38:54, ade_TYPE_VEHICLE_layer_5=0.793, ade_TYPE_PEDESTRIAN_layer_5=0.273, ade_TYPE_CYCLIST_layer_5=0.361, loss=292.441, lr=0.0001
2026-08-20 06:18:17,472   INFO  epoch: 11/50, acc_iter=6250, cur_iter=320/539, batch_size=8, iter_cost=0.46s, time_cost(epoch): 02:27/01:40, time_cost(all): 49:34/2:38:31, ade_TYPE_VEHICLE_layer_5=0.668, ade_TYPE_PEDESTRIAN_layer_5=0.185, ade_TYPE_CYCLIST_layer_5=0.411, loss=128.613, lr=0.0001
2026-08-20 06:18:39,818   INFO  epoch: 11/50, acc_iter=6300, cur_iter=370/539, batch_size=8, iter_cost=0.46s, time_cost(epoch): 02:49/01:17, time_cost(all): 49:57/2:37:33, ade_TYPE_VEHICLE_layer_5=0.669, ade_TYPE_PEDESTRIAN_layer_5=0.212, ade_TYPE_CYCLIST_layer_5=-0.000, loss=47.150, lr=0.0001
2026-08-20 06:19:03,087   INFO  epoch: 11/50, acc_iter=6350, cur_iter=420/539, batch_size=8, iter_cost=0.46s, time_cost(epoch): 03:13/00:54, time_cost(all): 50:20/2:37:29, ade_TYPE_VEHICLE_layer_5=0.795, ade_TYPE_PEDESTRIAN_layer_5=0.290, ade_TYPE_CYCLIST_layer_5=-0.000, loss=148.385, lr=0.0001
2026-08-20 06:19:25,694   INFO  epoch: 11/50, acc_iter=6400, cur_iter=470/539, batch_size=8, iter_cost=0.46s, time_cost(epoch): 03:35/00:31, time_cost(all): 50:42/2:36:51, ade_TYPE_VEHICLE_layer_5=0.874, ade_TYPE_PEDESTRIAN_layer_5=0.183, ade_TYPE_CYCLIST_layer_5=-0.000, loss=105.787, lr=0.0001
2026-08-20 06:19:48,988   INFO  epoch: 11/50, acc_iter=6450, cur_iter=520/539, batch_size=8, iter_cost=0.46s, time_cost(epoch): 03:59/00:08, time_cost(all): 51:06/2:36:44, ade_TYPE_VEHICLE_layer_5=0.825, ade_TYPE_PEDESTRIAN_layer_5=0.153, ade_TYPE_CYCLIST_layer_5=0.789, loss=208.270, lr=0.0001
2026-08-20 06:19:56,584   INFO  epoch: 11/50, acc_iter=6468, cur_iter=538/539, batch_size=4, iter_cost=0.46s, time_cost(epoch): 04:06/00:00, time_cost(all): 51:13/2:36:11, ade_TYPE_VEHICLE_layer_5=1.423, ade_TYPE_PEDESTRIAN_layer_5=0.176, ade_TYPE_CYCLIST_layer_5=-0.000, loss=295.675, lr=0.0001
2026-08-20 06:19:58,106   INFO  ==> Eval with EMA weights (epoch 12)
2026-08-20 06:19:58,207   INFO  *************** EPOCH 12 EVALUATION *****************
2026-08-20 06:19:59,036   INFO  eval: epoch=12, batch_iter=0/79, batch_size=8, iter_cost=0.83s, time_cost: 00:00/01:05, 
2026-08-20 06:20:00,018   INFO  eval: epoch=12, batch_iter=10/79, batch_size=8, iter_cost=0.18s, time_cost: 00:01/00:12, 
2026-08-20 06:20:01,042   INFO  eval: epoch=12, batch_iter=20/79, batch_size=8, iter_cost=0.14s, time_cost: 00:02/00:08, 
2026-08-20 06:20:02,080   INFO  eval: epoch=12, batch_iter=30/79, batch_size=8, iter_cost=0.13s, time_cost: 00:03/00:06, 
2026-08-20 06:20:03,133   INFO  eval: epoch=12, batch_iter=40/79, batch_size=8, iter_cost=0.12s, time_cost: 00:04/00:04, 
2026-08-20 06:20:04,150   INFO  eval: epoch=12, batch_iter=50/79, batch_size=8, iter_cost=0.12s, time_cost: 00:05/00:03, 
2026-08-20 06:20:05,179   INFO  eval: epoch=12, batch_iter=60/79, batch_size=8, iter_cost=0.12s, time_cost: 00:06/00:02, 
2026-08-20 06:20:06,152   INFO  eval: epoch=12, batch_iter=70/79, batch_size=8, iter_cost=0.11s, time_cost: 00:07/00:01, 
2026-08-20 06:20:06,852   INFO  eval: epoch=12, batch_iter=78/79, batch_size=1, iter_cost=0.11s, time_cost: 00:08/00:00, 
eval:   0%|                                                                                                                                                                                               | 0/79 [00:08<?, ?it/s]
2026-08-20 06:20:06,929   INFO  Total number of samples before merging from multiple GPUs: 625
2026-08-20 06:20:07,408   INFO  Total number of samples after merging from multiple GPUs (removing duplicate): 5000
2026-08-20 06:20:07,412   INFO  *************** Performance of EPOCH 12 *****************
2026-08-20 06:20:07,412   INFO  Generate label finished(sec_per_example: 0.0018 second).
Total number for evaluation (intput): 5000
Total number for evaluation (after processed): 22520
Total number for evaluation (intput): 5000
Total number for evaluation (after processed): 22520
Total number for evaluation (intput): 5000
Total number for evaluation (after processed): 22520
2026-08-20 06:20:13,545   INFO  
========== Evaluation @ 3s ==========
minADE - VEHICLE: 0.8906 
minADE - PEDESTRIAN: 0.3061 
minADE - CYCLIST: 0.5024 
minFDE - VEHICLE: 1.4468 
minFDE - PEDESTRIAN: 0.5685 
minFDE - CYCLIST: 0.9128 
MissRate - VEHICLE: 0.3417 
MissRate - PEDESTRIAN: 0.1836 
MissRate - CYCLIST: 0.3056 
OverlapRate - VEHICLE: 0.0173 
OverlapRate - PEDESTRIAN: 0.0631 
OverlapRate - CYCLIST: 0.0203 
mAP - VEHICLE: 0.1679 
mAP - PEDESTRIAN: 0.3148 
mAP - CYCLIST: 0.3710 
minADE: 0.5664 
minFDE: 0.9760 
MissRate: 0.2770 
mAP: 0.2846 
       Waymo          mAP       minADE       minFDE     MissRate            
      VEHICLE      0.1679,      0.8906,      1.4468,      0.3417,            
   PEDESTRIAN      0.3148,      0.3061,      0.5685,      0.1836,            
      CYCLIST      0.3710,      0.5024,      0.9128,      0.3056,            
          Avg      0.2846,      0.5664,      0.9760,      0.2770,            
========== Evaluation @ 5s ==========
minADE - VEHICLE: 1.1710 
minADE - PEDESTRIAN: 0.4302 
minADE - CYCLIST: 0.7210 
minFDE - VEHICLE: 1.9253 
minFDE - PEDESTRIAN: 0.8263 
minFDE - CYCLIST: 1.3997 
MissRate - VEHICLE: 0.3419 
MissRate - PEDESTRIAN: 0.2040 
MissRate - CYCLIST: 0.3054 
OverlapRate - VEHICLE: 0.0361 
OverlapRate - PEDESTRIAN: 0.0710 
OverlapRate - CYCLIST: 0.0326 
mAP - VEHICLE: 0.1623 
mAP - PEDESTRIAN: 0.2814 
mAP - CYCLIST: 0.2099 
minADE: 0.7740 
minFDE: 1.3837 
MissRate: 0.2838 
mAP: 0.2179 
       Waymo          mAP       minADE       minFDE     MissRate            
      VEHICLE      0.1623,      1.1710,      1.9253,      0.3419,            
   PEDESTRIAN      0.2814,      0.4302,      0.8263,      0.2040,            
      CYCLIST      0.2099,      0.7210,      1.3997,      0.3054,            
          Avg      0.2179,      0.7740,      1.3837,      0.2838,            
========== Evaluation @ 8s ==========
minADE - VEHICLE: 1.5420 
minADE - PEDESTRIAN: 0.6002 
minADE - CYCLIST: 1.0281 
minFDE - VEHICLE: 2.7262 
minFDE - PEDESTRIAN: 1.2458 
minFDE - CYCLIST: 2.1341 
MissRate - VEHICLE: 0.3574 
MissRate - PEDESTRIAN: 0.2145 
MissRate - CYCLIST: 0.3106 
OverlapRate - VEHICLE: 0.0591 
OverlapRate - PEDESTRIAN: 0.0778 
OverlapRate - CYCLIST: 0.0444 
mAP - VEHICLE: 0.1855 
mAP - PEDESTRIAN: 0.1836 
mAP - CYCLIST: 0.2004 
minADE: 1.0568 
minFDE: 2.0354 
MissRate: 0.2941 
mAP: 0.1898 
       Waymo          mAP       minADE       minFDE     MissRate            
      VEHICLE      0.1855,      1.5420,      2.7262,      0.3574,            
   PEDESTRIAN      0.1836,      0.6002,      1.2458,      0.2145,            
      CYCLIST      0.2004,      1.0281,      2.1341,      0.3106,            
          Avg      0.1898,      1.0568,      2.0354,      0.2941,            
2026-08-20 06:20:13,546   INFO  Result is save to /root/wanqinghua/MTR/output/waymo/mtr_voyah_data/mtr_with_qcnet_v2/eval/eval_with_train
2026-08-20 06:20:13,546   INFO  ****************Evaluation done.*****************
epochs:  24%|██████████████████████████████████████████▍                                                                                                                                      | 12/50 [51:30<2:43:14, 257.76s/it]
2026-08-20 06:20:14,903   INFO  epoch: 12/50, acc_iter=6469, cur_iter=0/539, batch_size=8, iter_cost=0.82s, time_cost(epoch): 00:00/07:24, time_cost(all): 51:32/4:41:35, ade_TYPE_VEHICLE_layer_5=0.844, ade_TYPE_PEDESTRIAN_layer_5=0.129, ade_TYPE_CYCLIST_layer_5=-0.000, loss=333.261, lr=0.0001
2026-08-20 06:20:29,203   INFO  epoch: 12/50, acc_iter=6500, cur_iter=31/539, batch_size=8, iter_cost=0.47s, time_cost(epoch): 00:15/04:00, time_cost(all): 51:46/2:41:06, ade_TYPE_VEHICLE_layer_5=0.872, ade_TYPE_PEDESTRIAN_layer_5=0.234, ade_TYPE_CYCLIST_layer_5=-0.000, loss=138.558, lr=0.0001
2026-08-20 06:20:52,147   INFO  epoch: 12/50, acc_iter=6550, cur_iter=81/539, batch_size=8, iter_cost=0.46s, time_cost(epoch): 00:38/03:32, time_cost(all): 52:09/2:37:51, ade_TYPE_VEHICLE_layer_5=0.740, ade_TYPE_PEDESTRIAN_layer_5=0.293, ade_TYPE_CYCLIST_layer_5=0.376, loss=188.434, lr=0.0001
2026-08-20 06:21:15,461   INFO  epoch: 12/50, acc_iter=6600, cur_iter=131/539, batch_size=8, iter_cost=0.47s, time_cost(epoch): 01:01/03:09, time_cost(all): 52:32/2:37:43, ade_TYPE_VEHICLE_layer_5=0.675, ade_TYPE_PEDESTRIAN_layer_5=0.178, ade_TYPE_CYCLIST_layer_5=-0.000, loss=110.893, lr=0.0001
2026-08-20 06:21:37,959   INFO  epoch: 12/50, acc_iter=6650, cur_iter=181/539, batch_size=8, iter_cost=0.46s, time_cost(epoch): 01:23/02:44, time_cost(all): 52:55/2:35:56, ade_TYPE_VEHICLE_layer_5=0.742, ade_TYPE_PEDESTRIAN_layer_5=0.242, ade_TYPE_CYCLIST_layer_5=-0.000, loss=144.218, lr=0.0001
2026-08-20 06:22:00,786   INFO  epoch: 12/50, acc_iter=6700, cur_iter=231/539, batch_size=8, iter_cost=0.46s, time_cost(epoch): 01:46/02:21, time_cost(all): 53:17/2:35:14, ade_TYPE_VEHICLE_layer_5=0.748, ade_TYPE_PEDESTRIAN_layer_5=0.322, ade_TYPE_CYCLIST_layer_5=-0.000, loss=274.600, lr=0.0001
2026-08-20 06:22:24,368   INFO  epoch: 12/50, acc_iter=6750, cur_iter=281/539, batch_size=8, iter_cost=0.46s, time_cost(epoch): 02:10/01:59, time_cost(all): 53:41/2:35:33, ade_TYPE_VEHICLE_layer_5=1.335, ade_TYPE_PEDESTRIAN_layer_5=0.177, ade_TYPE_CYCLIST_layer_5=-0.000, loss=305.387, lr=0.0001
2026-08-20 06:22:47,474   INFO  epoch: 12/50, acc_iter=6800, cur_iter=331/539, batch_size=8, iter_cost=0.46s, time_cost(epoch): 02:33/01:36, time_cost(all): 54:04/2:35:10, ade_TYPE_VEHICLE_layer_5=0.765, ade_TYPE_PEDESTRIAN_layer_5=0.141, ade_TYPE_CYCLIST_layer_5=0.339, loss=123.868, lr=0.0001
2026-08-20 06:23:09,855   INFO  epoch: 12/50, acc_iter=6850, cur_iter=381/539, batch_size=8, iter_cost=0.46s, time_cost(epoch): 02:55/01:12, time_cost(all): 54:27/2:34:09, ade_TYPE_VEHICLE_layer_5=0.855, ade_TYPE_PEDESTRIAN_layer_5=0.219, ade_TYPE_CYCLIST_layer_5=1.372, loss=220.363, lr=0.0001
2026-08-20 06:23:33,037   INFO  epoch: 12/50, acc_iter=6900, cur_iter=431/539, batch_size=8, iter_cost=0.46s, time_cost(epoch): 03:18/00:49, time_cost(all): 54:50/2:33:54, ade_TYPE_VEHICLE_layer_5=0.744, ade_TYPE_PEDESTRIAN_layer_5=0.291, ade_TYPE_CYCLIST_layer_5=-0.000, loss=231.795, lr=0.0001
2026-08-20 06:23:55,821   INFO  epoch: 12/50, acc_iter=6950, cur_iter=481/539, batch_size=8, iter_cost=0.46s, time_cost(epoch): 03:41/00:26, time_cost(all): 55:13/2:33:21, ade_TYPE_VEHICLE_layer_5=0.655, ade_TYPE_PEDESTRIAN_layer_5=0.129, ade_TYPE_CYCLIST_layer_5=-0.000, loss=150.025, lr=0.0001
2026-08-20 06:24:18,889   INFO  epoch: 12/50, acc_iter=7000, cur_iter=531/539, batch_size=8, iter_cost=0.46s, time_cost(epoch): 04:04/00:03, time_cost(all): 55:36/2:33:00, ade_TYPE_VEHICLE_layer_5=0.931, ade_TYPE_PEDESTRIAN_layer_5=0.199, ade_TYPE_CYCLIST_layer_5=-0.000, loss=187.148, lr=0.0001
2026-08-20 06:24:21,654   INFO  epoch: 12/50, acc_iter=7007, cur_iter=538/539, batch_size=4, iter_cost=0.46s, time_cost(epoch): 04:07/00:00, time_cost(all): 55:38/2:32:40, ade_TYPE_VEHICLE_layer_5=0.728, ade_TYPE_PEDESTRIAN_layer_5=0.136, ade_TYPE_CYCLIST_layer_5=0.987, loss=177.407, lr=0.0001
epochs:  26%|██████████████████████████████████████████████                                                                                                                                   | 13/50 [55:39<2:37:09, 254.86s/it]
2026-08-20 06:24:23,252   INFO  epoch: 13/50, acc_iter=7008, cur_iter=0/539, batch_size=8, iter_cost=0.87s, time_cost(epoch): 00:00/07:46, time_cost(all): 55:40/4:47:36, ade_TYPE_VEHICLE_layer_5=0.971, ade_TYPE_PEDESTRIAN_layer_5=0.152, ade_TYPE_CYCLIST_layer_5=0.416, loss=203.746, lr=0.0001
2026-08-20 06:24:42,136   INFO  epoch: 13/50, acc_iter=7050, cur_iter=42/539, batch_size=8, iter_cost=0.46s, time_cost(epoch): 00:19/03:48, time_cost(all): 55:59/2:32:19, ade_TYPE_VEHICLE_layer_5=0.815, ade_TYPE_PEDESTRIAN_layer_5=0.261, ade_TYPE_CYCLIST_layer_5=-0.000, loss=156.122, lr=0.0001
2026-08-20 06:25:04,978   INFO  epoch: 13/50, acc_iter=7100, cur_iter=92/539, batch_size=8, iter_cost=0.46s, time_cost(epoch): 00:42/03:24, time_cost(all): 56:22/2:31:31, ade_TYPE_VEHICLE_layer_5=0.801, ade_TYPE_PEDESTRIAN_layer_5=0.377, ade_TYPE_CYCLIST_layer_5=-0.000, loss=158.410, lr=0.0001
2026-08-20 06:25:27,516   INFO  epoch: 13/50, acc_iter=7150, cur_iter=142/539, batch_size=8, iter_cost=0.46s, time_cost(epoch): 01:05/03:00, time_cost(all): 56:44/2:30:18, ade_TYPE_VEHICLE_layer_5=0.825, ade_TYPE_PEDESTRIAN_layer_5=0.256, ade_TYPE_CYCLIST_layer_5=-0.000, loss=244.823, lr=0.0001
2026-08-20 06:25:50,044   INFO  epoch: 13/50, acc_iter=7200, cur_iter=192/539, batch_size=8, iter_cost=0.45s, time_cost(epoch): 01:27/02:37, time_cost(all): 57:07/2:29:30, ade_TYPE_VEHICLE_layer_5=1.006, ade_TYPE_PEDESTRIAN_layer_5=0.381, ade_TYPE_CYCLIST_layer_5=-0.000, loss=185.788, lr=0.0001
2026-08-20 06:26:12,670   INFO  epoch: 13/50, acc_iter=7250, cur_iter=242/539, batch_size=8, iter_cost=0.45s, time_cost(epoch): 01:50/02:14, time_cost(all): 57:29/2:29:01, ade_TYPE_VEHICLE_layer_5=0.750, ade_TYPE_PEDESTRIAN_layer_5=0.240, ade_TYPE_CYCLIST_layer_5=0.313, loss=137.655, lr=0.0001
2026-08-20 06:26:35,395   INFO  epoch: 13/50, acc_iter=7300, cur_iter=292/539, batch_size=8, iter_cost=0.45s, time_cost(epoch): 02:13/01:52, time_cost(all): 57:52/2:28:40, ade_TYPE_VEHICLE_layer_5=0.823, ade_TYPE_PEDESTRIAN_layer_5=0.301, ade_TYPE_CYCLIST_layer_5=0.452, loss=222.959, lr=0.0001
2026-08-20 06:26:57,993   INFO  epoch: 13/50, acc_iter=7350, cur_iter=342/539, batch_size=8, iter_cost=0.45s, time_cost(epoch): 02:35/01:29, time_cost(all): 58:15/2:28:12, ade_TYPE_VEHICLE_layer_5=0.747, ade_TYPE_PEDESTRIAN_layer_5=0.198, ade_TYPE_CYCLIST_layer_5=0.338, loss=159.566, lr=0.0001
2026-08-20 06:27:20,884   INFO  epoch: 13/50, acc_iter=7400, cur_iter=392/539, batch_size=8, iter_cost=0.45s, time_cost(epoch): 02:58/01:06, time_cost(all): 58:38/2:27:59, ade_TYPE_VEHICLE_layer_5=0.747, ade_TYPE_PEDESTRIAN_layer_5=0.394, ade_TYPE_CYCLIST_layer_5=1.182, loss=261.375, lr=0.0001
2026-08-20 06:27:43,518   INFO  epoch: 13/50, acc_iter=7450, cur_iter=442/539, batch_size=8, iter_cost=0.45s, time_cost(epoch): 03:21/00:44, time_cost(all): 59:00/2:27:33, ade_TYPE_VEHICLE_layer_5=0.703, ade_TYPE_PEDESTRIAN_layer_5=0.187, ade_TYPE_CYCLIST_layer_5=-0.000, loss=115.513, lr=0.0001
2026-08-20 06:28:06,317   INFO  epoch: 13/50, acc_iter=7500, cur_iter=492/539, batch_size=8, iter_cost=0.45s, time_cost(epoch): 03:43/00:21, time_cost(all): 59:23/2:27:15, ade_TYPE_VEHICLE_layer_5=0.775, ade_TYPE_PEDESTRIAN_layer_5=1.476, ade_TYPE_CYCLIST_layer_5=0.596, loss=210.345, lr=0.0001
2026-08-20 06:28:27,046   INFO  epoch: 13/50, acc_iter=7546, cur_iter=538/539, batch_size=4, iter_cost=0.45s, time_cost(epoch): 04:04/00:00, time_cost(all): 59:44/2:26:48, ade_TYPE_VEHICLE_layer_5=0.841, ade_TYPE_PEDESTRIAN_layer_5=0.345, ade_TYPE_CYCLIST_layer_5=-0.000, loss=44.730, lr=0.0001
2026-08-20 06:28:28,905   INFO  ==> Eval with EMA weights (epoch 14)
2026-08-20 06:28:29,017   INFO  *************** EPOCH 14 EVALUATION *****************
2026-08-20 06:28:29,847   INFO  eval: epoch=14, batch_iter=0/79, batch_size=8, iter_cost=0.83s, time_cost: 00:00/01:05, 
2026-08-20 06:28:30,836   INFO  eval: epoch=14, batch_iter=10/79, batch_size=8, iter_cost=0.18s, time_cost: 00:01/00:12, 
2026-08-20 06:28:31,857   INFO  eval: epoch=14, batch_iter=20/79, batch_size=8, iter_cost=0.14s, time_cost: 00:02/00:08, 
2026-08-20 06:28:32,881   INFO  eval: epoch=14, batch_iter=30/79, batch_size=8, iter_cost=0.13s, time_cost: 00:03/00:06, 
2026-08-20 06:28:33,938   INFO  eval: epoch=14, batch_iter=40/79, batch_size=8, iter_cost=0.12s, time_cost: 00:04/00:04, 
2026-08-20 06:28:34,997   INFO  eval: epoch=14, batch_iter=50/79, batch_size=8, iter_cost=0.12s, time_cost: 00:05/00:03, 
2026-08-20 06:28:36,023   INFO  eval: epoch=14, batch_iter=60/79, batch_size=8, iter_cost=0.12s, time_cost: 00:07/00:02, 
2026-08-20 06:28:36,994   INFO  eval: epoch=14, batch_iter=70/79, batch_size=8, iter_cost=0.11s, time_cost: 00:07/00:01, 
2026-08-20 06:28:37,692   INFO  eval: epoch=14, batch_iter=78/79, batch_size=1, iter_cost=0.11s, time_cost: 00:08/00:00, 
eval:   0%|                                                                                                                                                                                               | 0/79 [00:08<?, ?it/s]
2026-08-20 06:28:37,781   INFO  Total number of samples before merging from multiple GPUs: 625
2026-08-20 06:28:38,380   INFO  Total number of samples after merging from multiple GPUs (removing duplicate): 5000
2026-08-20 06:28:38,384   INFO  *************** Performance of EPOCH 14 *****************
2026-08-20 06:28:38,385   INFO  Generate label finished(sec_per_example: 0.0019 second).
Total number for evaluation (intput): 5000
Total number for evaluation (after processed): 22520
Total number for evaluation (intput): 5000
Total number for evaluation (after processed): 22520
Total number for evaluation (intput): 5000
Total number for evaluation (after processed): 22520
2026-08-20 06:28:44,519   INFO  
========== Evaluation @ 3s ==========
minADE - VEHICLE: 0.5194 
minADE - PEDESTRIAN: 0.2478 
minADE - CYCLIST: 0.4772 
minFDE - VEHICLE: 0.8534 
minFDE - PEDESTRIAN: 0.4431 
minFDE - CYCLIST: 0.8600 
MissRate - VEHICLE: 0.2109 
MissRate - PEDESTRIAN: 0.1234 
MissRate - CYCLIST: 0.2632 
OverlapRate - VEHICLE: 0.0116 
OverlapRate - PEDESTRIAN: 0.0636 
OverlapRate - CYCLIST: 0.0232 
mAP - VEHICLE: 0.1914 
mAP - PEDESTRIAN: 0.3975 
mAP - CYCLIST: 0.3812 
minADE: 0.4148 
minFDE: 0.7189 
MissRate: 0.1992 
mAP: 0.3234 
       Waymo          mAP       minADE       minFDE     MissRate            
      VEHICLE      0.1914,      0.5194,      0.8534,      0.2109,            
   PEDESTRIAN      0.3975,      0.2478,      0.4431,      0.1234,            
      CYCLIST      0.3812,      0.4772,      0.8600,      0.2632,            
          Avg      0.3234,      0.4148,      0.7189,      0.1992,            
========== Evaluation @ 5s ==========
minADE - VEHICLE: 0.7438 
minADE - PEDESTRIAN: 0.3507 
minADE - CYCLIST: 0.6880 
minFDE - VEHICLE: 1.3253 
minFDE - PEDESTRIAN: 0.6723 
minFDE - CYCLIST: 1.3407 
MissRate - VEHICLE: 0.2354 
MissRate - PEDESTRIAN: 0.1387 
MissRate - CYCLIST: 0.2768 
OverlapRate - VEHICLE: 0.0261 
OverlapRate - PEDESTRIAN: 0.0708 
OverlapRate - CYCLIST: 0.0369 
mAP - VEHICLE: 0.1895 
mAP - PEDESTRIAN: 0.4686 
mAP - CYCLIST: 0.1833 
minADE: 0.5942 
minFDE: 1.1128 
MissRate: 0.2169 
mAP: 0.2805 
       Waymo          mAP       minADE       minFDE     MissRate            
      VEHICLE      0.1895,      0.7438,      1.3253,      0.2354,            
   PEDESTRIAN      0.4686,      0.3507,      0.6723,      0.1387,            
      CYCLIST      0.1833,      0.6880,      1.3407,      0.2768,            
          Avg      0.2805,      0.5942,      1.1128,      0.2169,            
========== Evaluation @ 8s ==========
minADE - VEHICLE: 1.0927 
minADE - PEDESTRIAN: 0.4972 
minADE - CYCLIST: 0.9909 
minFDE - VEHICLE: 2.2056 
minFDE - PEDESTRIAN: 1.0404 
minFDE - CYCLIST: 2.0866 
MissRate - VEHICLE: 0.2806 
MissRate - PEDESTRIAN: 0.1557 
MissRate - CYCLIST: 0.2983 
OverlapRate - VEHICLE: 0.0467 
OverlapRate - PEDESTRIAN: 0.0771 
OverlapRate - CYCLIST: 0.0492 
mAP - VEHICLE: 0.2102 
mAP - PEDESTRIAN: 0.2887 
mAP - CYCLIST: 0.2002 
minADE: 0.8603 
minFDE: 1.7775 
MissRate: 0.2449 
mAP: 0.2331 
       Waymo          mAP       minADE       minFDE     MissRate            
      VEHICLE      0.2102,      1.0927,      2.2056,      0.2806,            
   PEDESTRIAN      0.2887,      0.4972,      1.0404,      0.1557,            
      CYCLIST      0.2002,      0.9909,      2.0866,      0.2983,            
          Avg      0.2331,      0.8603,      1.7775,      0.2449,            
2026-08-20 06:28:44,520   INFO  Result is save to /root/wanqinghua/MTR/output/waymo/mtr_voyah_data/mtr_with_qcnet_v2/eval/eval_with_train
2026-08-20 06:28:44,521   INFO  ****************Evaluation done.*****************
2026-08-20 06:28:45,562   INFO  Save best model to /root/wanqinghua/MTR/output/waymo/mtr_voyah_data/mtr_with_qcnet_v2/ckpt/best_model
2026-08-20 06:28:47,187   INFO  Save EMA best model to /root/wanqinghua/MTR/output/waymo/mtr_voyah_data/mtr_with_qcnet_v2/ckpt/best_model_ema
epochs:  28%|█████████████████████████████████████████████████                                                                                                                              | 14/50 [1:00:04<2:34:49, 258.04s/it]
2026-08-20 06:28:48,587   INFO  epoch: 14/50, acc_iter=7547, cur_iter=0/539, batch_size=8, iter_cost=0.93s, time_cost(epoch): 00:00/08:19, time_cost(all): 1:00:05/4:59:41, ade_TYPE_VEHICLE_layer_5=0.641, ade_TYPE_PEDESTRIAN_layer_5=0.234, ade_TYPE_CYCLIST_layer_5=0.362, loss=70.274, lr=0.0001
2026-08-20 06:28:49,968   INFO  epoch: 14/50, acc_iter=7550, cur_iter=3/539, batch_size=8, iter_cost=0.58s, time_cost(epoch): 00:02/05:09, time_cost(all): 1:00:07/3:06:31, ade_TYPE_VEHICLE_layer_5=0.689, ade_TYPE_PEDESTRIAN_layer_5=0.684, ade_TYPE_CYCLIST_layer_5=-0.000, loss=201.798, lr=0.0001
2026-08-20 06:29:12,281   INFO  epoch: 14/50, acc_iter=7600, cur_iter=53/539, batch_size=8, iter_cost=0.46s, time_cost(epoch): 00:24/03:41, time_cost(all): 1:00:29/2:27:02, ade_TYPE_VEHICLE_layer_5=0.998, ade_TYPE_PEDESTRIAN_layer_5=0.196, ade_TYPE_CYCLIST_layer_5=-0.000, loss=269.862, lr=0.0001
2026-08-20 06:29:35,615   INFO  epoch: 14/50, acc_iter=7650, cur_iter=103/539, batch_size=8, iter_cost=0.46s, time_cost(epoch): 00:47/03:21, time_cost(all): 1:00:52/2:28:19, ade_TYPE_VEHICLE_layer_5=0.726, ade_TYPE_PEDESTRIAN_layer_5=0.305, ade_TYPE_CYCLIST_layer_5=-0.000, loss=177.957, lr=0.0001
2026-08-20 06:29:58,033   INFO  epoch: 14/50, acc_iter=7700, cur_iter=153/539, batch_size=8, iter_cost=0.46s, time_cost(epoch): 01:10/02:56, time_cost(all): 1:01:15/2:26:36, ade_TYPE_VEHICLE_layer_5=0.777, ade_TYPE_PEDESTRIAN_layer_5=0.321, ade_TYPE_CYCLIST_layer_5=0.703, loss=238.446, lr=0.0001
2026-08-20 06:30:21,157   INFO  epoch: 14/50, acc_iter=7750, cur_iter=203/539, batch_size=8, iter_cost=0.46s, time_cost(epoch): 01:33/02:33, time_cost(all): 1:01:38/2:26:40, ade_TYPE_VEHICLE_layer_5=0.918, ade_TYPE_PEDESTRIAN_layer_5=0.329, ade_TYPE_CYCLIST_layer_5=-0.000, loss=134.356, lr=0.0001
2026-08-20 06:30:43,650   INFO  epoch: 14/50, acc_iter=7800, cur_iter=253/539, batch_size=8, iter_cost=0.46s, time_cost(epoch): 01:55/02:10, time_cost(all): 1:02:00/2:25:45, ade_TYPE_VEHICLE_layer_5=0.849, ade_TYPE_PEDESTRIAN_layer_5=0.267, ade_TYPE_CYCLIST_layer_5=0.786, loss=210.522, lr=0.0001
2026-08-20 06:31:06,712   INFO  epoch: 14/50, acc_iter=7850, cur_iter=303/539, batch_size=8, iter_cost=0.46s, time_cost(epoch): 02:19/01:47, time_cost(all): 1:02:23/2:25:36, ade_TYPE_VEHICLE_layer_5=0.835, ade_TYPE_PEDESTRIAN_layer_5=0.261, ade_TYPE_CYCLIST_layer_5=1.119, loss=238.740, lr=0.0001
2026-08-20 06:31:30,372   INFO  epoch: 14/50, acc_iter=7900, cur_iter=353/539, batch_size=8, iter_cost=0.46s, time_cost(epoch): 02:42/01:25, time_cost(all): 1:02:47/2:25:56, ade_TYPE_VEHICLE_layer_5=0.663, ade_TYPE_PEDESTRIAN_layer_5=0.221, ade_TYPE_CYCLIST_layer_5=-0.000, loss=80.603, lr=0.0001
2026-08-20 06:31:52,926   INFO  epoch: 14/50, acc_iter=7950, cur_iter=403/539, batch_size=8, iter_cost=0.46s, time_cost(epoch): 03:05/01:02, time_cost(all): 1:03:10/2:25:13, ade_TYPE_VEHICLE_layer_5=1.015, ade_TYPE_PEDESTRIAN_layer_5=0.221, ade_TYPE_CYCLIST_layer_5=0.874, loss=298.223, lr=0.0001
2026-08-20 06:32:15,974   INFO  epoch: 14/50, acc_iter=8000, cur_iter=453/539, batch_size=8, iter_cost=0.46s, time_cost(epoch): 03:28/00:39, time_cost(all): 1:03:33/2:24:55, ade_TYPE_VEHICLE_layer_5=0.901, ade_TYPE_PEDESTRIAN_layer_5=0.161, ade_TYPE_CYCLIST_layer_5=0.897, loss=205.334, lr=0.0001
2026-08-20 06:32:38,027   INFO  epoch: 14/50, acc_iter=8050, cur_iter=503/539, batch_size=8, iter_cost=0.46s, time_cost(epoch): 03:50/00:16, time_cost(all): 1:03:55/2:23:59, ade_TYPE_VEHICLE_layer_5=0.868, ade_TYPE_PEDESTRIAN_layer_5=0.159, ade_TYPE_CYCLIST_layer_5=0.441, loss=121.867, lr=0.0001
2026-08-20 06:32:53,748   INFO  epoch: 14/50, acc_iter=8085, cur_iter=538/539, batch_size=4, iter_cost=0.46s, time_cost(epoch): 04:06/00:00, time_cost(all): 1:04:10/2:23:33, ade_TYPE_VEHICLE_layer_5=0.741, ade_TYPE_PEDESTRIAN_layer_5=0.266, ade_TYPE_CYCLIST_layer_5=-0.000, loss=138.012, lr=0.0001
epochs:  30%|████████████████████████████████████████████████████▌                                                                                                                          | 15/50 [1:04:11<2:28:31, 254.61s/it]
2026-08-20 06:32:55,388   INFO  epoch: 15/50, acc_iter=8086, cur_iter=0/539, batch_size=8, iter_cost=0.95s, time_cost(epoch): 00:00/08:32, time_cost(all): 1:04:12/4:58:47, ade_TYPE_VEHICLE_layer_5=0.921, ade_TYPE_PEDESTRIAN_layer_5=0.142, ade_TYPE_CYCLIST_layer_5=0.621, loss=226.005, lr=0.0001
2026-08-20 06:33:01,853   INFO  epoch: 15/50, acc_iter=8100, cur_iter=14/539, batch_size=8, iter_cost=0.49s, time_cost(epoch): 00:07/04:19, time_cost(all): 1:04:19/2:35:18, ade_TYPE_VEHICLE_layer_5=0.843, ade_TYPE_PEDESTRIAN_layer_5=0.254, ade_TYPE_CYCLIST_layer_5=0.922, loss=124.931, lr=0.0001
2026-08-20 06:33:24,600   INFO  epoch: 15/50, acc_iter=8150, cur_iter=64/539, batch_size=8, iter_cost=0.46s, time_cost(epoch): 00:30/03:40, time_cost(all): 1:04:41/2:25:24, ade_TYPE_VEHICLE_layer_5=0.825, ade_TYPE_PEDESTRIAN_layer_5=0.172, ade_TYPE_CYCLIST_layer_5=-0.000, loss=167.160, lr=0.0001
2026-08-20 06:33:47,761   INFO  epoch: 15/50, acc_iter=8200, cur_iter=114/539, batch_size=8, iter_cost=0.46s, time_cost(epoch): 00:53/03:17, time_cost(all): 1:05:04/2:24:54, ade_TYPE_VEHICLE_layer_5=0.786, ade_TYPE_PEDESTRIAN_layer_5=0.149, ade_TYPE_CYCLIST_layer_5=-0.000, loss=49.218, lr=0.0001
2026-08-20 06:34:10,188   INFO  epoch: 15/50, acc_iter=8250, cur_iter=164/539, batch_size=8, iter_cost=0.46s, time_cost(epoch): 01:15/02:52, time_cost(all): 1:05:27/2:23:05, ade_TYPE_VEHICLE_layer_5=0.665, ade_TYPE_PEDESTRIAN_layer_5=-0.000, ade_TYPE_CYCLIST_layer_5=0.328, loss=198.830, lr=0.0001
2026-08-20 06:34:33,160   INFO  epoch: 15/50, acc_iter=8300, cur_iter=214/539, batch_size=8, iter_cost=0.46s, time_cost(epoch): 01:38/02:29, time_cost(all): 1:05:50/2:22:43, ade_TYPE_VEHICLE_layer_5=0.740, ade_TYPE_PEDESTRIAN_layer_5=0.208, ade_TYPE_CYCLIST_layer_5=0.538, loss=62.895, lr=0.0001
2026-08-20 06:34:56,226   INFO  epoch: 15/50, acc_iter=8350, cur_iter=264/539, batch_size=8, iter_cost=0.46s, time_cost(epoch): 02:01/02:06, time_cost(all): 1:06:13/2:22:28, ade_TYPE_VEHICLE_layer_5=0.795, ade_TYPE_PEDESTRIAN_layer_5=0.162, ade_TYPE_CYCLIST_layer_5=-0.000, loss=157.950, lr=0.0001
2026-08-20 06:35:18,661   INFO  epoch: 15/50, acc_iter=8400, cur_iter=314/539, batch_size=8, iter_cost=0.46s, time_cost(epoch): 02:24/01:43, time_cost(all): 1:06:35/2:21:33, ade_TYPE_VEHICLE_layer_5=0.891, ade_TYPE_PEDESTRIAN_layer_5=0.213, ade_TYPE_CYCLIST_layer_5=0.430, loss=185.380, lr=0.0001
2026-08-20 06:35:41,948   INFO  epoch: 15/50, acc_iter=8450, cur_iter=364/539, batch_size=8, iter_cost=0.46s, time_cost(epoch): 02:47/01:20, time_cost(all): 1:06:59/2:21:30, ade_TYPE_VEHICLE_layer_5=0.836, ade_TYPE_PEDESTRIAN_layer_5=0.164, ade_TYPE_CYCLIST_layer_5=-0.000, loss=276.036, lr=0.0001
2026-08-20 06:36:04,818   INFO  epoch: 15/50, acc_iter=8500, cur_iter=414/539, batch_size=8, iter_cost=0.46s, time_cost(epoch): 03:10/00:57, time_cost(all): 1:07:22/2:21:04, ade_TYPE_VEHICLE_layer_5=0.830, ade_TYPE_PEDESTRIAN_layer_5=0.085, ade_TYPE_CYCLIST_layer_5=-0.000, loss=223.118, lr=0.0001
2026-08-20 06:36:27,680   INFO  epoch: 15/50, acc_iter=8550, cur_iter=464/539, batch_size=8, iter_cost=0.46s, time_cost(epoch): 03:33/00:34, time_cost(all): 1:07:44/2:20:38, ade_TYPE_VEHICLE_layer_5=0.896, ade_TYPE_PEDESTRIAN_layer_5=-0.000, ade_TYPE_CYCLIST_layer_5=0.306, loss=260.682, lr=0.0001
2026-08-20 06:36:50,484   INFO  epoch: 15/50, acc_iter=8600, cur_iter=514/539, batch_size=8, iter_cost=0.46s, time_cost(epoch): 03:56/00:11, time_cost(all): 1:08:07/2:20:11, ade_TYPE_VEHICLE_layer_5=0.792, ade_TYPE_PEDESTRIAN_layer_5=0.263, ade_TYPE_CYCLIST_layer_5=-0.000, loss=163.290, lr=0.0001
2026-08-20 06:37:01,018   INFO  epoch: 15/50, acc_iter=8624, cur_iter=538/539, batch_size=4, iter_cost=0.46s, time_cost(epoch): 04:06/00:00, time_cost(all): 1:08:18/2:19:44, ade_TYPE_VEHICLE_layer_5=0.845, ade_TYPE_PEDESTRIAN_layer_5=0.133, ade_TYPE_CYCLIST_layer_5=0.710, loss=221.648, lr=0.0001
2026-08-20 06:37:02,522   INFO  ==> Eval with EMA weights (epoch 16)
2026-08-20 06:37:02,633   INFO  *************** EPOCH 16 EVALUATION *****************
2026-08-20 06:37:03,431   INFO  eval: epoch=16, batch_iter=0/79, batch_size=8, iter_cost=0.79s, time_cost: 00:00/01:02, 
2026-08-20 06:37:04,428   INFO  eval: epoch=16, batch_iter=10/79, batch_size=8, iter_cost=0.18s, time_cost: 00:01/00:12, 
2026-08-20 06:37:05,451   INFO  eval: epoch=16, batch_iter=20/79, batch_size=8, iter_cost=0.14s, time_cost: 00:02/00:08, 
2026-08-20 06:37:06,483   INFO  eval: epoch=16, batch_iter=30/79, batch_size=8, iter_cost=0.13s, time_cost: 00:03/00:06, 
2026-08-20 06:37:07,540   INFO  eval: epoch=16, batch_iter=40/79, batch_size=8, iter_cost=0.12s, time_cost: 00:04/00:04, 
2026-08-20 06:37:08,558   INFO  eval: epoch=16, batch_iter=50/79, batch_size=8, iter_cost=0.12s, time_cost: 00:05/00:03, 
2026-08-20 06:37:09,580   INFO  eval: epoch=16, batch_iter=60/79, batch_size=8, iter_cost=0.12s, time_cost: 00:06/00:02, 
2026-08-20 06:37:10,552   INFO  eval: epoch=16, batch_iter=70/79, batch_size=8, iter_cost=0.11s, time_cost: 00:07/00:01, 
2026-08-20 06:37:11,249   INFO  eval: epoch=16, batch_iter=78/79, batch_size=1, iter_cost=0.11s, time_cost: 00:08/00:00, 
eval:   0%|                                                                                                                                                                                               | 0/79 [00:08<?, ?it/s]
2026-08-20 06:37:11,333   INFO  Total number of samples before merging from multiple GPUs: 625
2026-08-20 06:37:11,932   INFO  Total number of samples after merging from multiple GPUs (removing duplicate): 5000
2026-08-20 06:37:11,937   INFO  *************** Performance of EPOCH 16 *****************
2026-08-20 06:37:11,937   INFO  Generate label finished(sec_per_example: 0.0019 second).
Total number for evaluation (intput): 5000
Total number for evaluation (after processed): 22520
Total number for evaluation (intput): 5000
Total number for evaluation (after processed): 22520
Total number for evaluation (intput): 5000
Total number for evaluation (after processed): 22520
2026-08-20 06:37:18,096   INFO  
========== Evaluation @ 3s ==========
minADE - VEHICLE: 0.5624 
minADE - PEDESTRIAN: 0.2968 
minADE - CYCLIST: 0.6793 
minFDE - VEHICLE: 0.9497 
minFDE - PEDESTRIAN: 0.4962 
minFDE - CYCLIST: 1.1378 
MissRate - VEHICLE: 0.2454 
MissRate - PEDESTRIAN: 0.1182 
MissRate - CYCLIST: 0.3757 
OverlapRate - VEHICLE: 0.0125 
OverlapRate - PEDESTRIAN: 0.0631 
OverlapRate - CYCLIST: 0.0275 
mAP - VEHICLE: 0.2159 
mAP - PEDESTRIAN: 0.3672 
mAP - CYCLIST: 0.3697 
minADE: 0.5128 
minFDE: 0.8613 
MissRate: 0.2464 
mAP: 0.3176 
       Waymo          mAP       minADE       minFDE     MissRate            
      VEHICLE      0.2159,      0.5624,      0.9497,      0.2454,            
   PEDESTRIAN      0.3672,      0.2968,      0.4962,      0.1182,            
      CYCLIST      0.3697,      0.6793,      1.1378,      0.3757,            
          Avg      0.3176,      0.5128,      0.8613,      0.2464,            
========== Evaluation @ 5s ==========
minADE - VEHICLE: 0.7901 
minADE - PEDESTRIAN: 0.3956 
minADE - CYCLIST: 0.8972 
minFDE - VEHICLE: 1.4067 
minFDE - PEDESTRIAN: 0.7039 
minFDE - CYCLIST: 1.5721 
MissRate - VEHICLE: 0.2570 
MissRate - PEDESTRIAN: 0.1190 
MissRate - CYCLIST: 0.3664 
OverlapRate - VEHICLE: 0.0274 
OverlapRate - PEDESTRIAN: 0.0702 
OverlapRate - CYCLIST: 0.0384 
mAP - VEHICLE: 0.2275 
mAP - PEDESTRIAN: 0.5298 
mAP - CYCLIST: 0.2037 
minADE: 0.6943 
minFDE: 1.2276 
MissRate: 0.2475 
mAP: 0.3203 
       Waymo          mAP       minADE       minFDE     MissRate            
      VEHICLE      0.2275,      0.7901,      1.4067,      0.2570,            
   PEDESTRIAN      0.5298,      0.3956,      0.7039,      0.1190,            
      CYCLIST      0.2037,      0.8972,      1.5721,      0.3664,            
          Avg      0.3203,      0.6943,      1.2276,      0.2475,            
========== Evaluation @ 8s ==========
minADE - VEHICLE: 1.1260 
minADE - PEDESTRIAN: 0.5358 
minADE - CYCLIST: 1.1944 
minFDE - VEHICLE: 2.2129 
minFDE - PEDESTRIAN: 1.0536 
minFDE - CYCLIST: 2.2366 
MissRate - VEHICLE: 0.2855 
MissRate - PEDESTRIAN: 0.1324 
MissRate - CYCLIST: 0.3673 
OverlapRate - VEHICLE: 0.0490 
OverlapRate - PEDESTRIAN: 0.0771 
OverlapRate - CYCLIST: 0.0584 
mAP - VEHICLE: 0.2411 
mAP - PEDESTRIAN: 0.3118 
mAP - CYCLIST: 0.1861 
minADE: 0.9521 
minFDE: 1.8343 
MissRate: 0.2617 
mAP: 0.2463 
       Waymo          mAP       minADE       minFDE     MissRate            
      VEHICLE      0.2411,      1.1260,      2.2129,      0.2855,            
   PEDESTRIAN      0.3118,      0.5358,      1.0536,      0.1324,            
      CYCLIST      0.1861,      1.1944,      2.2366,      0.3673,            
          Avg      0.2463,      0.9521,      1.8343,      0.2617,            
2026-08-20 06:37:18,098   INFO  Result is save to /root/wanqinghua/MTR/output/waymo/mtr_voyah_data/mtr_with_qcnet_v2/eval/eval_with_train
2026-08-20 06:37:18,098   INFO  ****************Evaluation done.*****************
2026-08-20 06:37:19,105   INFO  Save best model to /root/wanqinghua/MTR/output/waymo/mtr_voyah_data/mtr_with_qcnet_v2/ckpt/best_model
2026-08-20 06:37:20,785   INFO  Save EMA best model to /root/wanqinghua/MTR/output/waymo/mtr_voyah_data/mtr_with_qcnet_v2/ckpt/best_model_ema
epochs:  32%|████████████████████████████████████████████████████████                                                                                                                       | 16/50 [1:08:37<2:26:22, 258.32s/it]
2026-08-20 06:37:22,028   INFO  epoch: 16/50, acc_iter=8625, cur_iter=0/539, batch_size=8, iter_cost=0.78s, time_cost(epoch): 00:00/07:00, time_cost(all): 1:08:39/3:58:17, ade_TYPE_VEHICLE_layer_5=0.687, ade_TYPE_PEDESTRIAN_layer_5=0.153, ade_TYPE_CYCLIST_layer_5=-0.000, loss=62.013, lr=0.0001
2026-08-20 06:37:33,672   INFO  epoch: 16/50, acc_iter=8650, cur_iter=25/539, batch_size=8, iter_cost=0.48s, time_cost(epoch): 00:12/04:05, time_cost(all): 1:08:50/2:25:45, ade_TYPE_VEHICLE_layer_5=0.707, ade_TYPE_PEDESTRIAN_layer_5=0.236, ade_TYPE_CYCLIST_layer_5=0.615, loss=100.453, lr=0.0001
2026-08-20 06:37:57,049   INFO  epoch: 16/50, acc_iter=8700, cur_iter=75/539, batch_size=8, iter_cost=0.47s, time_cost(epoch): 00:35/03:38, time_cost(all): 1:09:14/2:23:17, ade_TYPE_VEHICLE_layer_5=0.889, ade_TYPE_PEDESTRIAN_layer_5=0.277, ade_TYPE_CYCLIST_layer_5=0.659, loss=243.249, lr=0.0001
2026-08-20 06:38:20,280   INFO  epoch: 16/50, acc_iter=8750, cur_iter=125/539, batch_size=8, iter_cost=0.47s, time_cost(epoch): 00:59/03:13, time_cost(all): 1:09:37/2:22:07, ade_TYPE_VEHICLE_layer_5=0.770, ade_TYPE_PEDESTRIAN_layer_5=0.230, ade_TYPE_CYCLIST_layer_5=-0.000, loss=181.434, lr=0.0001
2026-08-20 06:38:43,247   INFO  epoch: 16/50, acc_iter=8800, cur_iter=175/539, batch_size=8, iter_cost=0.47s, time_cost(epoch): 01:21/02:49, time_cost(all): 1:10:00/2:20:56, ade_TYPE_VEHICLE_layer_5=0.671, ade_TYPE_PEDESTRIAN_layer_5=0.350, ade_TYPE_CYCLIST_layer_5=0.552, loss=143.078, lr=0.0001
2026-08-20 06:39:06,372   INFO  epoch: 16/50, acc_iter=8850, cur_iter=225/539, batch_size=8, iter_cost=0.47s, time_cost(epoch): 01:45/02:26, time_cost(all): 1:10:23/2:20:19, ade_TYPE_VEHICLE_layer_5=0.762, ade_TYPE_PEDESTRIAN_layer_5=0.189, ade_TYPE_CYCLIST_layer_5=0.522, loss=217.097, lr=0.0001
2026-08-20 06:39:29,596   INFO  epoch: 16/50, acc_iter=8900, cur_iter=275/539, batch_size=8, iter_cost=0.47s, time_cost(epoch): 02:08/02:02, time_cost(all): 1:10:46/2:19:54, ade_TYPE_VEHICLE_layer_5=0.840, ade_TYPE_PEDESTRIAN_layer_5=-0.000, ade_TYPE_CYCLIST_layer_5=-0.000, loss=170.495, lr=0.0001
2026-08-20 06:39:52,850   INFO  epoch: 16/50, acc_iter=8950, cur_iter=325/539, batch_size=8, iter_cost=0.47s, time_cost(epoch): 02:31/01:39, time_cost(all): 1:11:10/2:19:31, ade_TYPE_VEHICLE_layer_5=0.760, ade_TYPE_PEDESTRIAN_layer_5=0.324, ade_TYPE_CYCLIST_layer_5=-0.000, loss=224.302, lr=0.0001
2026-08-20 06:40:16,422   INFO  epoch: 16/50, acc_iter=9000, cur_iter=375/539, batch_size=8, iter_cost=0.47s, time_cost(epoch): 02:55/01:16, time_cost(all): 1:11:33/2:19:23, ade_TYPE_VEHICLE_layer_5=0.883, ade_TYPE_PEDESTRIAN_layer_5=0.252, ade_TYPE_CYCLIST_layer_5=-0.000, loss=132.825, lr=0.0001
2026-08-20 06:40:38,926   INFO  epoch: 16/50, acc_iter=9050, cur_iter=425/539, batch_size=8, iter_cost=0.46s, time_cost(epoch): 03:17/00:52, time_cost(all): 1:11:56/2:18:26, ade_TYPE_VEHICLE_layer_5=0.780, ade_TYPE_PEDESTRIAN_layer_5=0.255, ade_TYPE_CYCLIST_layer_5=0.922, loss=150.575, lr=0.0001
2026-08-20 06:41:01,484   INFO  epoch: 16/50, acc_iter=9100, cur_iter=475/539, batch_size=8, iter_cost=0.46s, time_cost(epoch): 03:40/00:29, time_cost(all): 1:12:18/2:17:39, ade_TYPE_VEHICLE_layer_5=0.769, ade_TYPE_PEDESTRIAN_layer_5=0.291, ade_TYPE_CYCLIST_layer_5=0.613, loss=173.162, lr=0.0001
2026-08-20 06:41:24,452   INFO  epoch: 16/50, acc_iter=9150, cur_iter=525/539, batch_size=8, iter_cost=0.46s, time_cost(epoch): 04:03/00:06, time_cost(all): 1:12:41/2:17:10, ade_TYPE_VEHICLE_layer_5=0.658, ade_TYPE_PEDESTRIAN_layer_5=0.130, ade_TYPE_CYCLIST_layer_5=0.834, loss=213.539, lr=0.0001
2026-08-20 06:41:29,796   INFO  epoch: 16/50, acc_iter=9163, cur_iter=538/539, batch_size=4, iter_cost=0.46s, time_cost(epoch): 04:08/00:00, time_cost(all): 1:12:46/2:16:42, ade_TYPE_VEHICLE_layer_5=1.109, ade_TYPE_PEDESTRIAN_layer_5=0.097, ade_TYPE_CYCLIST_layer_5=-0.000, loss=130.337, lr=0.0001
epochs:  34%|███████████████████████████████████████████████████████████▌                                                                                                                   | 17/50 [1:12:47<2:20:33, 255.56s/it]
2026-08-20 06:41:31,536   INFO  epoch: 17/50, acc_iter=9164, cur_iter=0/539, batch_size=8, iter_cost=1.03s, time_cost(epoch): 00:01/09:16, time_cost(all): 1:12:48/5:06:16, ade_TYPE_VEHICLE_layer_5=0.872, ade_TYPE_PEDESTRIAN_layer_5=0.281, ade_TYPE_CYCLIST_layer_5=-0.000, loss=121.614, lr=0.0001
2026-08-20 06:41:48,143   INFO  epoch: 17/50, acc_iter=9200, cur_iter=36/539, batch_size=8, iter_cost=0.48s, time_cost(epoch): 00:17/03:59, time_cost(all): 1:13:05/2:21:03, ade_TYPE_VEHICLE_layer_5=0.692, ade_TYPE_PEDESTRIAN_layer_5=0.157, ade_TYPE_CYCLIST_layer_5=0.509, loss=146.038, lr=0.0001
2026-08-20 06:42:11,283   INFO  epoch: 17/50, acc_iter=9250, cur_iter=86/539, batch_size=8, iter_cost=0.47s, time_cost(epoch): 00:40/03:32, time_cost(all): 1:13:28/2:18:17, ade_TYPE_VEHICLE_layer_5=0.802, ade_TYPE_PEDESTRIAN_layer_5=0.170, ade_TYPE_CYCLIST_layer_5=-0.000, loss=132.548, lr=0.0001
2026-08-20 06:42:33,995   INFO  epoch: 17/50, acc_iter=9300, cur_iter=136/539, batch_size=8, iter_cost=0.46s, time_cost(epoch): 01:03/03:06, time_cost(all): 1:13:51/2:16:20, ade_TYPE_VEHICLE_layer_5=0.831, ade_TYPE_PEDESTRIAN_layer_5=0.239, ade_TYPE_CYCLIST_layer_5=-0.000, loss=273.060, lr=0.0001
2026-08-20 06:42:56,300   INFO  epoch: 17/50, acc_iter=9350, cur_iter=186/539, batch_size=8, iter_cost=0.46s, time_cost(epoch): 01:25/02:41, time_cost(all): 1:14:13/2:14:35, ade_TYPE_VEHICLE_layer_5=0.982, ade_TYPE_PEDESTRIAN_layer_5=-0.000, ade_TYPE_CYCLIST_layer_5=-0.000, loss=151.159, lr=0.0001
2026-08-20 06:43:19,423   INFO  epoch: 17/50, acc_iter=9400, cur_iter=236/539, batch_size=8, iter_cost=0.46s, time_cost(epoch): 01:48/02:19, time_cost(all): 1:14:36/2:14:26, ade_TYPE_VEHICLE_layer_5=0.763, ade_TYPE_PEDESTRIAN_layer_5=0.206, ade_TYPE_CYCLIST_layer_5=-0.000, loss=67.299, lr=0.0001
2026-08-20 06:43:42,156   INFO  epoch: 17/50, acc_iter=9450, cur_iter=286/539, batch_size=8, iter_cost=0.46s, time_cost(epoch): 02:11/01:56, time_cost(all): 1:14:59/2:13:48, ade_TYPE_VEHICLE_layer_5=0.849, ade_TYPE_PEDESTRIAN_layer_5=0.138, ade_TYPE_CYCLIST_layer_5=0.495, loss=231.271, lr=0.0001
2026-08-20 06:44:05,443   INFO  epoch: 17/50, acc_iter=9500, cur_iter=336/539, batch_size=8, iter_cost=0.46s, time_cost(epoch): 02:34/01:33, time_cost(all): 1:15:22/2:13:43, ade_TYPE_VEHICLE_layer_5=0.700, ade_TYPE_PEDESTRIAN_layer_5=0.328, ade_TYPE_CYCLIST_layer_5=0.443, loss=132.456, lr=0.0001
2026-08-20 06:44:28,371   INFO  epoch: 17/50, acc_iter=9550, cur_iter=386/539, batch_size=8, iter_cost=0.46s, time_cost(epoch): 02:57/01:10, time_cost(all): 1:15:45/2:13:17, ade_TYPE_VEHICLE_layer_5=0.742, ade_TYPE_PEDESTRIAN_layer_5=0.203, ade_TYPE_CYCLIST_layer_5=0.381, loss=199.200, lr=0.0001
2026-08-20 06:44:51,195   INFO  epoch: 17/50, acc_iter=9600, cur_iter=436/539, batch_size=8, iter_cost=0.46s, time_cost(epoch): 03:20/00:47, time_cost(all): 1:16:08/2:12:48, ade_TYPE_VEHICLE_layer_5=0.748, ade_TYPE_PEDESTRIAN_layer_5=0.166, ade_TYPE_CYCLIST_layer_5=0.273, loss=196.826, lr=0.0001
2026-08-20 06:45:14,061   INFO  epoch: 17/50, acc_iter=9650, cur_iter=486/539, batch_size=8, iter_cost=0.46s, time_cost(epoch): 03:43/00:24, time_cost(all): 1:16:31/2:12:22, ade_TYPE_VEHICLE_layer_5=0.617, ade_TYPE_PEDESTRIAN_layer_5=0.316, ade_TYPE_CYCLIST_layer_5=-0.000, loss=83.890, lr=0.0001
2026-08-20 06:45:36,799   INFO  epoch: 17/50, acc_iter=9700, cur_iter=536/539, batch_size=8, iter_cost=0.46s, time_cost(epoch): 04:06/00:01, time_cost(all): 1:16:54/2:11:52, ade_TYPE_VEHICLE_layer_5=0.873, ade_TYPE_PEDESTRIAN_layer_5=0.181, ade_TYPE_CYCLIST_layer_5=0.490, loss=238.453, lr=0.0001
2026-08-20 06:45:37,530   INFO  epoch: 17/50, acc_iter=9702, cur_iter=538/539, batch_size=4, iter_cost=0.46s, time_cost(epoch): 04:07/00:00, time_cost(all): 1:16:54/2:11:45, ade_TYPE_VEHICLE_layer_5=0.677, ade_TYPE_PEDESTRIAN_layer_5=0.133, ade_TYPE_CYCLIST_layer_5=0.964, loss=185.835, lr=0.0001
2026-08-20 06:45:39,036   INFO  ==> Eval with EMA weights (epoch 18)
2026-08-20 06:45:39,150   INFO  *************** EPOCH 18 EVALUATION *****************
2026-08-20 06:45:39,966   INFO  eval: epoch=18, batch_iter=0/79, batch_size=8, iter_cost=0.81s, time_cost: 00:00/01:04, 
2026-08-20 06:45:40,957   INFO  eval: epoch=18, batch_iter=10/79, batch_size=8, iter_cost=0.18s, time_cost: 00:01/00:12, 
2026-08-20 06:45:41,986   INFO  eval: epoch=18, batch_iter=20/79, batch_size=8, iter_cost=0.14s, time_cost: 00:02/00:08, 
2026-08-20 06:45:43,013   INFO  eval: epoch=18, batch_iter=30/79, batch_size=8, iter_cost=0.13s, time_cost: 00:03/00:06, 
2026-08-20 06:45:44,070   INFO  eval: epoch=18, batch_iter=40/79, batch_size=8, iter_cost=0.12s, time_cost: 00:04/00:04, 
2026-08-20 06:45:45,089   INFO  eval: epoch=18, batch_iter=50/79, batch_size=8, iter_cost=0.12s, time_cost: 00:05/00:03, 
2026-08-20 06:45:46,109   INFO  eval: epoch=18, batch_iter=60/79, batch_size=8, iter_cost=0.12s, time_cost: 00:06/00:02, 
2026-08-20 06:45:47,080   INFO  eval: epoch=18, batch_iter=70/79, batch_size=8, iter_cost=0.11s, time_cost: 00:07/00:01, 
2026-08-20 06:45:47,778   INFO  eval: epoch=18, batch_iter=78/79, batch_size=1, iter_cost=0.11s, time_cost: 00:08/00:00, 
eval:   0%|                                                                                                                                                                                               | 0/79 [00:08<?, ?it/s]
2026-08-20 06:45:47,863   INFO  Total number of samples before merging from multiple GPUs: 625
2026-08-20 06:45:48,303   INFO  Total number of samples after merging from multiple GPUs (removing duplicate): 5000
2026-08-20 06:45:48,307   INFO  *************** Performance of EPOCH 18 *****************
2026-08-20 06:45:48,308   INFO  Generate label finished(sec_per_example: 0.0018 second).
Total number for evaluation (intput): 5000
Total number for evaluation (after processed): 22520
Total number for evaluation (intput): 5000
Total number for evaluation (after processed): 22520
Total number for evaluation (intput): 5000
Total number for evaluation (after processed): 22520
2026-08-20 06:45:54,475   INFO  
========== Evaluation @ 3s ==========
minADE - VEHICLE: 0.5353 
minADE - PEDESTRIAN: 0.2132 
minADE - CYCLIST: 0.4484 
minFDE - VEHICLE: 0.8725 
minFDE - PEDESTRIAN: 0.3966 
minFDE - CYCLIST: 0.8371 
MissRate - VEHICLE: 0.2108 
MissRate - PEDESTRIAN: 0.1113 
MissRate - CYCLIST: 0.2719 
OverlapRate - VEHICLE: 0.0098 
OverlapRate - PEDESTRIAN: 0.0627 
OverlapRate - CYCLIST: 0.0217 
mAP - VEHICLE: 0.2340 
mAP - PEDESTRIAN: 0.4250 
mAP - CYCLIST: 0.4179 
minADE: 0.3990 
minFDE: 0.7020 
MissRate: 0.1980 
mAP: 0.3589 
       Waymo          mAP       minADE       minFDE     MissRate            
      VEHICLE      0.2340,      0.5353,      0.8725,      0.2108,            
   PEDESTRIAN      0.4250,      0.2132,      0.3966,      0.1113,            
      CYCLIST      0.4179,      0.4484,      0.8371,      0.2719,            
          Avg      0.3589,      0.3990,      0.7020,      0.1980,            
========== Evaluation @ 5s ==========
minADE - VEHICLE: 0.7513 
minADE - PEDESTRIAN: 0.3108 
minADE - CYCLIST: 0.6508 
minFDE - VEHICLE: 1.3131 
minFDE - PEDESTRIAN: 0.6140 
minFDE - CYCLIST: 1.2823 
MissRate - VEHICLE: 0.2283 
MissRate - PEDESTRIAN: 0.1242 
MissRate - CYCLIST: 0.2782 
OverlapRate - VEHICLE: 0.0216 
OverlapRate - PEDESTRIAN: 0.0706 
OverlapRate - CYCLIST: 0.0369 
mAP - VEHICLE: 0.2273 
mAP - PEDESTRIAN: 0.5010 
mAP - CYCLIST: 0.2053 
minADE: 0.5710 
minFDE: 1.0698 
MissRate: 0.2102 
mAP: 0.3112 
       Waymo          mAP       minADE       minFDE     MissRate            
      VEHICLE      0.2273,      0.7513,      1.3131,      0.2283,            
   PEDESTRIAN      0.5010,      0.3108,      0.6140,      0.1242,            
      CYCLIST      0.2053,      0.6508,      1.2823,      0.2782,            
          Avg      0.3112,      0.5710,      1.0698,      0.2102,            
========== Evaluation @ 8s ==========
minADE - VEHICLE: 1.0816 
minADE - PEDESTRIAN: 0.4501 
minADE - CYCLIST: 0.9303 
minFDE - VEHICLE: 2.1100 
minFDE - PEDESTRIAN: 0.9602 
minFDE - CYCLIST: 1.9189 
MissRate - VEHICLE: 0.2634 
MissRate - PEDESTRIAN: 0.1369 
MissRate - CYCLIST: 0.2863 
OverlapRate - VEHICLE: 0.0404 
OverlapRate - PEDESTRIAN: 0.0775 
OverlapRate - CYCLIST: 0.0507 
mAP - VEHICLE: 0.2485 
mAP - PEDESTRIAN: 0.3064 
mAP - CYCLIST: 0.2154 
minADE: 0.8207 
minFDE: 1.6630 
MissRate: 0.2289 
mAP: 0.2568 
       Waymo          mAP       minADE       minFDE     MissRate            
      VEHICLE      0.2485,      1.0816,      2.1100,      0.2634,            
   PEDESTRIAN      0.3064,      0.4501,      0.9602,      0.1369,            
      CYCLIST      0.2154,      0.9303,      1.9189,      0.2863,            
          Avg      0.2568,      0.8207,      1.6630,      0.2289,            
2026-08-20 06:45:54,476   INFO  Result is save to /root/wanqinghua/MTR/output/waymo/mtr_voyah_data/mtr_with_qcnet_v2/eval/eval_with_train
2026-08-20 06:45:54,476   INFO  ****************Evaluation done.*****************
2026-08-20 06:45:55,504   INFO  Save best model to /root/wanqinghua/MTR/output/waymo/mtr_voyah_data/mtr_with_qcnet_v2/ckpt/best_model
2026-08-20 06:45:57,195   INFO  Save EMA best model to /root/wanqinghua/MTR/output/waymo/mtr_voyah_data/mtr_with_qcnet_v2/ckpt/best_model_ema
epochs:  36%|███████████████████████████████████████████████████████████████                                                                                                                | 18/50 [1:17:14<2:18:10, 259.08s/it]
2026-08-20 06:45:58,698   INFO  epoch: 18/50, acc_iter=9703, cur_iter=0/539, batch_size=8, iter_cost=1.01s, time_cost(epoch): 00:01/09:03, time_cost(all): 1:17:15/4:49:59, ade_TYPE_VEHICLE_layer_5=0.732, ade_TYPE_PEDESTRIAN_layer_5=0.199, ade_TYPE_CYCLIST_layer_5=0.262, loss=128.116, lr=0.0001
2026-08-20 06:46:20,650   INFO  epoch: 18/50, acc_iter=9750, cur_iter=47/539, batch_size=8, iter_cost=0.48s, time_cost(epoch): 00:22/03:55, time_cost(all): 1:17:37/2:17:07, ade_TYPE_VEHICLE_layer_5=0.726, ade_TYPE_PEDESTRIAN_layer_5=0.238, ade_TYPE_CYCLIST_layer_5=0.396, loss=136.157, lr=0.0001
2026-08-20 06:46:43,776   INFO  epoch: 18/50, acc_iter=9800, cur_iter=97/539, batch_size=8, iter_cost=0.47s, time_cost(epoch): 00:46/03:27, time_cost(all): 1:18:00/2:14:25, ade_TYPE_VEHICLE_layer_5=0.719, ade_TYPE_PEDESTRIAN_layer_5=0.099, ade_TYPE_CYCLIST_layer_5=0.705, loss=162.843, lr=0.0001
2026-08-20 06:47:06,349   INFO  epoch: 18/50, acc_iter=9850, cur_iter=147/539, batch_size=8, iter_cost=0.46s, time_cost(epoch): 01:08/03:01, time_cost(all): 1:18:23/2:12:13, ade_TYPE_VEHICLE_layer_5=0.660, ade_TYPE_PEDESTRIAN_layer_5=0.303, ade_TYPE_CYCLIST_layer_5=0.457, loss=130.780, lr=0.0001
2026-08-20 06:47:29,306   INFO  epoch: 18/50, acc_iter=9900, cur_iter=197/539, batch_size=8, iter_cost=0.46s, time_cost(epoch): 01:31/02:38, time_cost(all): 1:18:46/2:11:29, ade_TYPE_VEHICLE_layer_5=0.631, ade_TYPE_PEDESTRIAN_layer_5=0.272, ade_TYPE_CYCLIST_layer_5=0.753, loss=155.145, lr=0.0001
2026-08-20 06:47:51,826   INFO  epoch: 18/50, acc_iter=9950, cur_iter=247/539, batch_size=8, iter_cost=0.46s, time_cost(epoch): 01:54/02:14, time_cost(all): 1:19:09/2:10:24, ade_TYPE_VEHICLE_layer_5=0.810, ade_TYPE_PEDESTRIAN_layer_5=-0.000, ade_TYPE_CYCLIST_layer_5=5.349, loss=211.774, lr=0.0001
2026-08-20 06:48:14,774   INFO  epoch: 18/50, acc_iter=10000, cur_iter=297/539, batch_size=8, iter_cost=0.46s, time_cost(epoch): 02:17/01:51, time_cost(all): 1:19:31/2:09:57, ade_TYPE_VEHICLE_layer_5=0.758, ade_TYPE_PEDESTRIAN_layer_5=0.582, ade_TYPE_CYCLIST_layer_5=-0.000, loss=178.056, lr=0.0001
2026-08-20 06:48:37,173   INFO  epoch: 18/50, acc_iter=10050, cur_iter=347/539, batch_size=8, iter_cost=0.46s, time_cost(epoch): 02:39/01:27, time_cost(all): 1:19:54/2:09:05, ade_TYPE_VEHICLE_layer_5=0.944, ade_TYPE_PEDESTRIAN_layer_5=0.197, ade_TYPE_CYCLIST_layer_5=0.458, loss=161.539, lr=0.0001
2026-08-20 06:48:59,485   INFO  epoch: 18/50, acc_iter=10100, cur_iter=397/539, batch_size=8, iter_cost=0.46s, time_cost(epoch): 03:01/01:04, time_cost(all): 1:20:16/2:08:17, ade_TYPE_VEHICLE_layer_5=0.670, ade_TYPE_PEDESTRIAN_layer_5=0.250, ade_TYPE_CYCLIST_layer_5=0.530, loss=115.537, lr=0.0001
2026-08-20 06:49:21,586   INFO  epoch: 18/50, acc_iter=10150, cur_iter=447/539, batch_size=8, iter_cost=0.46s, time_cost(epoch): 03:23/00:41, time_cost(all): 1:20:38/2:07:26, ade_TYPE_VEHICLE_layer_5=0.828, ade_TYPE_PEDESTRIAN_layer_5=0.226, ade_TYPE_CYCLIST_layer_5=-0.000, loss=175.487, lr=0.0001
2026-08-20 06:49:44,170   INFO  epoch: 18/50, acc_iter=10200, cur_iter=497/539, batch_size=8, iter_cost=0.45s, time_cost(epoch): 03:46/00:19, time_cost(all): 1:21:01/2:06:58, ade_TYPE_VEHICLE_layer_5=0.685, ade_TYPE_PEDESTRIAN_layer_5=0.236, ade_TYPE_CYCLIST_layer_5=0.569, loss=198.192, lr=0.0001
2026-08-20 06:50:02,434   INFO  epoch: 18/50, acc_iter=10241, cur_iter=538/539, batch_size=4, iter_cost=0.45s, time_cost(epoch): 04:04/00:00, time_cost(all): 1:21:19/2:06:27, ade_TYPE_VEHICLE_layer_5=0.813, ade_TYPE_PEDESTRIAN_layer_5=0.583, ade_TYPE_CYCLIST_layer_5=0.487, loss=1.134, lr=0.0001
epochs:  38%|██████████████████████████████████████████████████████████████████▌                                                                                                            | 19/50 [1:21:19<2:11:43, 254.96s/it]
2026-08-20 06:50:04,137   INFO  epoch: 19/50, acc_iter=10242, cur_iter=0/539, batch_size=8, iter_cost=0.94s, time_cost(epoch): 00:00/08:25, time_cost(all): 1:21:21/4:21:16, ade_TYPE_VEHICLE_layer_5=0.746, ade_TYPE_PEDESTRIAN_layer_5=0.348, ade_TYPE_CYCLIST_layer_5=0.732, loss=142.562, lr=0.0001
2026-08-20 06:50:08,148   INFO  epoch: 19/50, acc_iter=10250, cur_iter=8/539, batch_size=8, iter_cost=0.55s, time_cost(epoch): 00:04/04:51, time_cost(all): 1:21:25/2:33:02, ade_TYPE_VEHICLE_layer_5=0.769, ade_TYPE_PEDESTRIAN_layer_5=0.243, ade_TYPE_CYCLIST_layer_5=1.175, loss=198.207, lr=0.0001
2026-08-20 06:50:30,725   INFO  epoch: 19/50, acc_iter=10300, cur_iter=58/539, batch_size=8, iter_cost=0.47s, time_cost(epoch): 00:27/03:44, time_cost(all): 1:21:47/2:09:28, ade_TYPE_VEHICLE_layer_5=0.679, ade_TYPE_PEDESTRIAN_layer_5=0.264, ade_TYPE_CYCLIST_layer_5=0.542, loss=116.216, lr=0.0001
2026-08-20 06:50:53,297   INFO  epoch: 19/50, acc_iter=10350, cur_iter=108/539, batch_size=8, iter_cost=0.46s, time_cost(epoch): 00:50/03:18, time_cost(all): 1:22:10/2:07:10, ade_TYPE_VEHICLE_layer_5=0.744, ade_TYPE_PEDESTRIAN_layer_5=0.268, ade_TYPE_CYCLIST_layer_5=-0.000, loss=58.780, lr=0.0001
2026-08-20 06:51:16,806   INFO  epoch: 19/50, acc_iter=10400, cur_iter=158/539, batch_size=8, iter_cost=0.46s, time_cost(epoch): 01:13/02:56, time_cost(all): 1:22:34/2:07:42, ade_TYPE_VEHICLE_layer_5=0.755, ade_TYPE_PEDESTRIAN_layer_5=0.154, ade_TYPE_CYCLIST_layer_5=-0.000, loss=146.748, lr=0.0001
2026-08-20 06:51:39,798   INFO  epoch: 19/50, acc_iter=10450, cur_iter=208/539, batch_size=8, iter_cost=0.46s, time_cost(epoch): 01:36/02:32, time_cost(all): 1:22:57/2:07:06, ade_TYPE_VEHICLE_layer_5=0.642, ade_TYPE_PEDESTRIAN_layer_5=0.162, ade_TYPE_CYCLIST_layer_5=-0.000, loss=107.065, lr=0.0001
2026-08-20 06:52:02,648   INFO  epoch: 19/50, acc_iter=10500, cur_iter=258/539, batch_size=8, iter_cost=0.46s, time_cost(epoch): 01:59/02:09, time_cost(all): 1:23:19/2:06:27, ade_TYPE_VEHICLE_layer_5=0.609, ade_TYPE_PEDESTRIAN_layer_5=-0.000, ade_TYPE_CYCLIST_layer_5=-0.000, loss=200.659, lr=0.0001
2026-08-20 06:52:24,876   INFO  epoch: 19/50, acc_iter=10550, cur_iter=308/539, batch_size=8, iter_cost=0.46s, time_cost(epoch): 02:21/01:45, time_cost(all): 1:23:42/2:05:19, ade_TYPE_VEHICLE_layer_5=0.773, ade_TYPE_PEDESTRIAN_layer_5=0.200, ade_TYPE_CYCLIST_layer_5=0.413, loss=191.196, lr=0.0001
2026-08-20 06:52:47,452   INFO  epoch: 19/50, acc_iter=10600, cur_iter=358/539, batch_size=8, iter_cost=0.46s, time_cost(epoch): 02:44/01:22, time_cost(all): 1:24:04/2:04:41, ade_TYPE_VEHICLE_layer_5=0.672, ade_TYPE_PEDESTRIAN_layer_5=0.134, ade_TYPE_CYCLIST_layer_5=0.414, loss=170.281, lr=0.0001
2026-08-20 06:53:11,094   INFO  epoch: 19/50, acc_iter=10650, cur_iter=408/539, batch_size=8, iter_cost=0.46s, time_cost(epoch): 03:07/01:00, time_cost(all): 1:24:28/2:04:48, ade_TYPE_VEHICLE_layer_5=0.781, ade_TYPE_PEDESTRIAN_layer_5=0.230, ade_TYPE_CYCLIST_layer_5=0.438, loss=139.048, lr=0.0001
2026-08-20 06:53:33,397   INFO  epoch: 19/50, acc_iter=10700, cur_iter=458/539, batch_size=8, iter_cost=0.46s, time_cost(epoch): 03:30/00:37, time_cost(all): 1:24:50/2:04:02, ade_TYPE_VEHICLE_layer_5=0.708, ade_TYPE_PEDESTRIAN_layer_5=0.137, ade_TYPE_CYCLIST_layer_5=-0.000, loss=138.125, lr=0.0001
2026-08-20 06:53:56,426   INFO  epoch: 19/50, acc_iter=10750, cur_iter=508/539, batch_size=8, iter_cost=0.46s, time_cost(epoch): 03:53/00:14, time_cost(all): 1:25:13/2:03:43, ade_TYPE_VEHICLE_layer_5=0.684, ade_TYPE_PEDESTRIAN_layer_5=0.251, ade_TYPE_CYCLIST_layer_5=0.361, loss=170.318, lr=0.0001
2026-08-20 06:54:09,982   INFO  epoch: 19/50, acc_iter=10780, cur_iter=538/539, batch_size=4, iter_cost=0.46s, time_cost(epoch): 04:06/00:00, time_cost(all): 1:25:27/2:03:23, ade_TYPE_VEHICLE_layer_5=0.823, ade_TYPE_PEDESTRIAN_layer_5=0.391, ade_TYPE_CYCLIST_layer_5=-0.000, loss=116.777, lr=0.0001
2026-08-20 06:54:11,478   INFO  ==> Eval with EMA weights (epoch 20)
2026-08-20 06:54:11,610   INFO  *************** EPOCH 20 EVALUATION *****************
2026-08-20 06:54:12,430   INFO  eval: epoch=20, batch_iter=0/79, batch_size=8, iter_cost=0.82s, time_cost: 00:00/01:04, 
2026-08-20 06:54:13,418   INFO  eval: epoch=20, batch_iter=10/79, batch_size=8, iter_cost=0.18s, time_cost: 00:01/00:12, 
2026-08-20 06:54:14,448   INFO  eval: epoch=20, batch_iter=20/79, batch_size=8, iter_cost=0.14s, time_cost: 00:02/00:08, 
2026-08-20 06:54:15,470   INFO  eval: epoch=20, batch_iter=30/79, batch_size=8, iter_cost=0.13s, time_cost: 00:03/00:06, 
2026-08-20 06:54:16,524   INFO  eval: epoch=20, batch_iter=40/79, batch_size=8, iter_cost=0.12s, time_cost: 00:04/00:04, 
2026-08-20 06:54:17,570   INFO  eval: epoch=20, batch_iter=50/79, batch_size=8, iter_cost=0.12s, time_cost: 00:05/00:03, 
2026-08-20 06:54:18,639   INFO  eval: epoch=20, batch_iter=60/79, batch_size=8, iter_cost=0.12s, time_cost: 00:07/00:02, 
2026-08-20 06:54:19,607   INFO  eval: epoch=20, batch_iter=70/79, batch_size=8, iter_cost=0.11s, time_cost: 00:07/00:01, 
2026-08-20 06:54:20,302   INFO  eval: epoch=20, batch_iter=78/79, batch_size=1, iter_cost=0.11s, time_cost: 00:08/00:00, 
eval:   0%|                                                                                                                                                                                               | 0/79 [00:08<?, ?it/s]
2026-08-20 06:54:20,385   INFO  Total number of samples before merging from multiple GPUs: 625
2026-08-20 06:54:20,822   INFO  Total number of samples after merging from multiple GPUs (removing duplicate): 5000
2026-08-20 06:54:20,826   INFO  *************** Performance of EPOCH 20 *****************
2026-08-20 06:54:20,826   INFO  Generate label finished(sec_per_example: 0.0018 second).
Total number for evaluation (intput): 5000
Total number for evaluation (after processed): 22520
Total number for evaluation (intput): 5000
Total number for evaluation (after processed): 22520
Total number for evaluation (intput): 5000
Total number for evaluation (after processed): 22520
2026-08-20 06:54:26,969   INFO  
========== Evaluation @ 3s ==========
minADE - VEHICLE: 0.9321 
minADE - PEDESTRIAN: 0.2236 
minADE - CYCLIST: 0.6756 
minFDE - VEHICLE: 1.5483 
minFDE - PEDESTRIAN: 0.4207 
minFDE - CYCLIST: 1.1992 
MissRate - VEHICLE: 0.3810 
MissRate - PEDESTRIAN: 0.1204 
MissRate - CYCLIST: 0.3947 
OverlapRate - VEHICLE: 0.0143 
OverlapRate - PEDESTRIAN: 0.0610 
OverlapRate - CYCLIST: 0.0275 
mAP - VEHICLE: 0.1351 
mAP - PEDESTRIAN: 0.3868 
mAP - CYCLIST: 0.3169 
minADE: 0.6104 
minFDE: 1.0561 
MissRate: 0.2987 
mAP: 0.2796 
       Waymo          mAP       minADE       minFDE     MissRate            
      VEHICLE      0.1351,      0.9321,      1.5483,      0.3810,            
   PEDESTRIAN      0.3868,      0.2236,      0.4207,      0.1204,            
      CYCLIST      0.3169,      0.6756,      1.1992,      0.3947,            
          Avg      0.2796,      0.6104,      1.0561,      0.2987,            
========== Evaluation @ 5s ==========
minADE - VEHICLE: 1.2370 
minADE - PEDESTRIAN: 0.3255 
minADE - CYCLIST: 0.9133 
minFDE - VEHICLE: 2.0949 
minFDE - PEDESTRIAN: 0.6457 
minFDE - CYCLIST: 1.6591 
MissRate - VEHICLE: 0.3725 
MissRate - PEDESTRIAN: 0.1316 
MissRate - CYCLIST: 0.3729 
OverlapRate - VEHICLE: 0.0314 
OverlapRate - PEDESTRIAN: 0.0687 
OverlapRate - CYCLIST: 0.0384 
mAP - VEHICLE: 0.1549 
mAP - PEDESTRIAN: 0.4674 
mAP - CYCLIST: 0.1786 
minADE: 0.8253 
minFDE: 1.4665 
MissRate: 0.2923 
mAP: 0.2670 
       Waymo          mAP       minADE       minFDE     MissRate            
      VEHICLE      0.1549,      1.2370,      2.0949,      0.3725,            
   PEDESTRIAN      0.4674,      0.3255,      0.6457,      0.1316,            
      CYCLIST      0.1786,      0.9133,      1.6591,      0.3729,            
          Avg      0.2670,      0.8253,      1.4665,      0.2923,            
========== Evaluation @ 8s ==========
minADE - VEHICLE: 1.5955 
minADE - PEDESTRIAN: 0.4720 
minADE - CYCLIST: 1.2059 
minFDE - VEHICLE: 2.7015 
minFDE - PEDESTRIAN: 1.0092 
minFDE - CYCLIST: 2.2549 
MissRate - VEHICLE: 0.3635 
MissRate - PEDESTRIAN: 0.1421 
MissRate - CYCLIST: 0.3575 
OverlapRate - VEHICLE: 0.0531 
OverlapRate - PEDESTRIAN: 0.0761 
OverlapRate - CYCLIST: 0.0521 
mAP - VEHICLE: 0.1825 
mAP - PEDESTRIAN: 0.2720 
mAP - CYCLIST: 0.1577 
minADE: 1.0911 
minFDE: 1.9885 
MissRate: 0.2877 
mAP: 0.2040 
       Waymo          mAP       minADE       minFDE     MissRate            
      VEHICLE      0.1825,      1.5955,      2.7015,      0.3635,            
   PEDESTRIAN      0.2720,      0.4720,      1.0092,      0.1421,            
      CYCLIST      0.1577,      1.2059,      2.2549,      0.3575,            
          Avg      0.2040,      1.0911,      1.9885,      0.2877,            
2026-08-20 06:54:26,970   INFO  Result is save to /root/wanqinghua/MTR/output/waymo/mtr_voyah_data/mtr_with_qcnet_v2/eval/eval_with_train
2026-08-20 06:54:26,971   INFO  ****************Evaluation done.*****************
epochs:  40%|██████████████████████████████████████████████████████████████████████                                                                                                         | 20/50 [1:25:44<2:08:54, 257.81s/it]
2026-08-20 06:54:28,447   INFO  epoch: 20/50, acc_iter=10781, cur_iter=0/539, batch_size=8, iter_cost=0.94s, time_cost(epoch): 00:00/08:28, time_cost(all): 1:25:45/4:14:23, ade_TYPE_VEHICLE_layer_5=0.759, ade_TYPE_PEDESTRIAN_layer_5=0.388, ade_TYPE_CYCLIST_layer_5=-0.000, loss=216.969, lr=0.0001
2026-08-20 06:54:37,598   INFO  epoch: 20/50, acc_iter=10800, cur_iter=19/539, batch_size=8, iter_cost=0.50s, time_cost(epoch): 00:10/04:22, time_cost(all): 1:25:54/2:15:52, ade_TYPE_VEHICLE_layer_5=0.695, ade_TYPE_PEDESTRIAN_layer_5=-0.000, ade_TYPE_CYCLIST_layer_5=-0.000, loss=222.190, lr=0.0001
2026-08-20 06:54:59,955   INFO  epoch: 20/50, acc_iter=10850, cur_iter=69/539, batch_size=8, iter_cost=0.46s, time_cost(epoch): 00:32/03:37, time_cost(all): 1:26:17/2:04:24, ade_TYPE_VEHICLE_layer_5=0.670, ade_TYPE_PEDESTRIAN_layer_5=0.364, ade_TYPE_CYCLIST_layer_5=-0.000, loss=84.187, lr=0.0001
2026-08-20 06:55:23,681   INFO  epoch: 20/50, acc_iter=10900, cur_iter=119/539, batch_size=8, iter_cost=0.47s, time_cost(epoch): 00:56/03:16, time_cost(all): 1:26:40/2:05:14, ade_TYPE_VEHICLE_layer_5=0.759, ade_TYPE_PEDESTRIAN_layer_5=0.378, ade_TYPE_CYCLIST_layer_5=-0.000, loss=194.696, lr=0.0001
2026-08-20 06:55:46,587   INFO  epoch: 20/50, acc_iter=10950, cur_iter=169/539, batch_size=8, iter_cost=0.47s, time_cost(epoch): 01:19/02:52, time_cost(all): 1:27:03/2:04:03, ade_TYPE_VEHICLE_layer_5=0.626, ade_TYPE_PEDESTRIAN_layer_5=0.092, ade_TYPE_CYCLIST_layer_5=1.016, loss=67.161, lr=0.0001
2026-08-20 06:56:09,820   INFO  epoch: 20/50, acc_iter=11000, cur_iter=219/539, batch_size=8, iter_cost=0.47s, time_cost(epoch): 01:42/02:28, time_cost(all): 1:27:27/2:03:38, ade_TYPE_VEHICLE_layer_5=0.874, ade_TYPE_PEDESTRIAN_layer_5=0.235, ade_TYPE_CYCLIST_layer_5=-0.000, loss=172.861, lr=0.0001
2026-08-20 06:56:32,648   INFO  epoch: 20/50, acc_iter=11050, cur_iter=269/539, batch_size=8, iter_cost=0.46s, time_cost(epoch): 02:05/02:05, time_cost(all): 1:27:49/2:02:50, ade_TYPE_VEHICLE_layer_5=0.812, ade_TYPE_PEDESTRIAN_layer_5=0.164, ade_TYPE_CYCLIST_layer_5=0.463, loss=181.267, lr=0.0001
2026-08-20 06:56:54,811   INFO  epoch: 20/50, acc_iter=11100, cur_iter=319/539, batch_size=8, iter_cost=0.46s, time_cost(epoch): 02:27/01:41, time_cost(all): 1:28:12/2:01:36, ade_TYPE_VEHICLE_layer_5=0.881, ade_TYPE_PEDESTRIAN_layer_5=0.316, ade_TYPE_CYCLIST_layer_5=0.321, loss=137.492, lr=0.0001
2026-08-20 06:57:17,817   INFO  epoch: 20/50, acc_iter=11150, cur_iter=369/539, batch_size=8, iter_cost=0.46s, time_cost(epoch): 02:50/01:18, time_cost(all): 1:28:35/2:01:13, ade_TYPE_VEHICLE_layer_5=0.883, ade_TYPE_PEDESTRIAN_layer_5=0.342, ade_TYPE_CYCLIST_layer_5=-0.000, loss=146.640, lr=0.0001
2026-08-20 06:57:39,744   INFO  epoch: 20/50, acc_iter=11200, cur_iter=419/539, batch_size=8, iter_cost=0.46s, time_cost(epoch): 03:12/00:54, time_cost(all): 1:28:56/2:00:09, ade_TYPE_VEHICLE_layer_5=0.849, ade_TYPE_PEDESTRIAN_layer_5=0.258, ade_TYPE_CYCLIST_layer_5=0.676, loss=87.891, lr=0.0001
2026-08-20 06:58:03,044   INFO  epoch: 20/50, acc_iter=11250, cur_iter=469/539, batch_size=8, iter_cost=0.46s, time_cost(epoch): 03:35/00:32, time_cost(all): 1:29:20/2:00:00, ade_TYPE_VEHICLE_layer_5=0.840, ade_TYPE_PEDESTRIAN_layer_5=0.175, ade_TYPE_CYCLIST_layer_5=0.824, loss=231.579, lr=0.0001
2026-08-20 06:58:25,656   INFO  epoch: 20/50, acc_iter=11300, cur_iter=519/539, batch_size=8, iter_cost=0.46s, time_cost(epoch): 03:58/00:09, time_cost(all): 1:29:42/1:59:27, ade_TYPE_VEHICLE_layer_5=0.652, ade_TYPE_PEDESTRIAN_layer_5=0.338, ade_TYPE_CYCLIST_layer_5=0.109, loss=167.882, lr=0.0001
2026-08-20 06:58:34,009   INFO  epoch: 20/50, acc_iter=11319, cur_iter=538/539, batch_size=4, iter_cost=0.46s, time_cost(epoch): 04:06/00:00, time_cost(all): 1:29:51/1:59:09, ade_TYPE_VEHICLE_layer_5=0.912, ade_TYPE_PEDESTRIAN_layer_5=0.140, ade_TYPE_CYCLIST_layer_5=-0.000, loss=67.476, lr=0.0001
epochs:  42%|█████████████████████████████████████████████████████████████████████████▌                                                                                                     | 21/50 [1:29:51<2:03:03, 254.60s/it]
2026-08-20 06:58:35,714   INFO  epoch: 21/50, acc_iter=11320, cur_iter=0/539, batch_size=8, iter_cost=0.99s, time_cost(epoch): 00:00/08:55, time_cost(all): 1:29:52/4:18:41, ade_TYPE_VEHICLE_layer_5=0.792, ade_TYPE_PEDESTRIAN_layer_5=0.234, ade_TYPE_CYCLIST_layer_5=1.008, loss=106.597, lr=0.0001
2026-08-20 06:58:48,926   INFO  epoch: 21/50, acc_iter=11350, cur_iter=30/539, batch_size=8, iter_cost=0.46s, time_cost(epoch): 00:14/03:53, time_cost(all): 1:30:06/1:59:08, ade_TYPE_VEHICLE_layer_5=0.621, ade_TYPE_PEDESTRIAN_layer_5=0.273, ade_TYPE_CYCLIST_layer_5=0.460, loss=169.814, lr=0.0001
2026-08-20 06:59:11,368   INFO  epoch: 21/50, acc_iter=11400, cur_iter=80/539, batch_size=8, iter_cost=0.45s, time_cost(epoch): 00:36/03:27, time_cost(all): 1:30:28/1:57:15, ade_TYPE_VEHICLE_layer_5=0.682, ade_TYPE_PEDESTRIAN_layer_5=0.159, ade_TYPE_CYCLIST_layer_5=0.289, loss=39.911, lr=0.0001
2026-08-20 06:59:34,495   INFO  epoch: 21/50, acc_iter=11450, cur_iter=130/539, batch_size=8, iter_cost=0.46s, time_cost(epoch): 00:59/03:06, time_cost(all): 1:30:51/1:57:52, ade_TYPE_VEHICLE_layer_5=0.733, ade_TYPE_PEDESTRIAN_layer_5=0.207, ade_TYPE_CYCLIST_layer_5=0.259, loss=145.445, lr=0.0001
2026-08-20 06:59:57,336   INFO  epoch: 21/50, acc_iter=11500, cur_iter=180/539, batch_size=8, iter_cost=0.46s, time_cost(epoch): 01:22/02:43, time_cost(all): 1:31:14/1:57:32, ade_TYPE_VEHICLE_layer_5=0.673, ade_TYPE_PEDESTRIAN_layer_5=0.322, ade_TYPE_CYCLIST_layer_5=0.360, loss=142.815, lr=0.0001
2026-08-20 07:00:19,980   INFO  epoch: 21/50, acc_iter=11550, cur_iter=230/539, batch_size=8, iter_cost=0.46s, time_cost(epoch): 01:45/02:20, time_cost(all): 1:31:37/1:56:57, ade_TYPE_VEHICLE_layer_5=0.793, ade_TYPE_PEDESTRIAN_layer_5=0.221, ade_TYPE_CYCLIST_layer_5=-0.000, loss=193.320, lr=0.0001
2026-08-20 07:00:43,085   INFO  epoch: 21/50, acc_iter=11600, cur_iter=280/539, batch_size=8, iter_cost=0.46s, time_cost(epoch): 02:08/01:58, time_cost(all): 1:32:00/1:56:52, ade_TYPE_VEHICLE_layer_5=0.771, ade_TYPE_PEDESTRIAN_layer_5=0.261, ade_TYPE_CYCLIST_layer_5=0.936, loss=164.124, lr=0.0001
2026-08-20 07:01:06,777   INFO  epoch: 21/50, acc_iter=11650, cur_iter=330/539, batch_size=8, iter_cost=0.46s, time_cost(epoch): 02:32/01:36, time_cost(all): 1:32:23/1:57:09, ade_TYPE_VEHICLE_layer_5=0.659, ade_TYPE_PEDESTRIAN_layer_5=0.264, ade_TYPE_CYCLIST_layer_5=0.340, loss=84.493, lr=0.0001
2026-08-20 07:01:29,594   INFO  epoch: 21/50, acc_iter=11700, cur_iter=380/539, batch_size=8, iter_cost=0.46s, time_cost(epoch): 02:54/01:12, time_cost(all): 1:32:46/1:56:39, ade_TYPE_VEHICLE_layer_5=0.667, ade_TYPE_PEDESTRIAN_layer_5=0.374, ade_TYPE_CYCLIST_layer_5=0.613, loss=189.445, lr=0.0001
2026-08-20 07:01:52,701   INFO  epoch: 21/50, acc_iter=11750, cur_iter=430/539, batch_size=8, iter_cost=0.46s, time_cost(epoch): 03:17/00:50, time_cost(all): 1:33:09/1:56:22, ade_TYPE_VEHICLE_layer_5=0.708, ade_TYPE_PEDESTRIAN_layer_5=0.385, ade_TYPE_CYCLIST_layer_5=-0.000, loss=120.586, lr=0.0001
2026-08-20 07:02:15,671   INFO  epoch: 21/50, acc_iter=11800, cur_iter=480/539, batch_size=8, iter_cost=0.46s, time_cost(epoch): 03:40/00:27, time_cost(all): 1:33:32/1:55:59, ade_TYPE_VEHICLE_layer_5=0.601, ade_TYPE_PEDESTRIAN_layer_5=0.244, ade_TYPE_CYCLIST_layer_5=0.333, loss=19.922, lr=0.0001
2026-08-20 07:02:39,600   INFO  epoch: 21/50, acc_iter=11850, cur_iter=530/539, batch_size=8, iter_cost=0.46s, time_cost(epoch): 04:04/00:04, time_cost(all): 1:33:56/1:56:04, ade_TYPE_VEHICLE_layer_5=0.782, ade_TYPE_PEDESTRIAN_layer_5=0.218, ade_TYPE_CYCLIST_layer_5=0.483, loss=136.851, lr=0.0001
2026-08-20 07:02:42,863   INFO  epoch: 21/50, acc_iter=11858, cur_iter=538/539, batch_size=4, iter_cost=0.46s, time_cost(epoch): 04:08/00:00, time_cost(all): 1:34:00/1:55:48, ade_TYPE_VEHICLE_layer_5=0.710, ade_TYPE_PEDESTRIAN_layer_5=0.312, ade_TYPE_CYCLIST_layer_5=0.395, loss=100.663, lr=0.0001
2026-08-20 07:02:44,371   INFO  ==> Eval with EMA weights (epoch 22)
2026-08-20 07:02:44,485   INFO  *************** EPOCH 22 EVALUATION *****************
2026-08-20 07:02:45,309   INFO  eval: epoch=22, batch_iter=0/79, batch_size=8, iter_cost=0.82s, time_cost: 00:00/01:04, 
2026-08-20 07:02:46,303   INFO  eval: epoch=22, batch_iter=10/79, batch_size=8, iter_cost=0.18s, time_cost: 00:01/00:12, 
2026-08-20 07:02:47,369   INFO  eval: epoch=22, batch_iter=20/79, batch_size=8, iter_cost=0.14s, time_cost: 00:02/00:08, 
2026-08-20 07:02:48,398   INFO  eval: epoch=22, batch_iter=30/79, batch_size=8, iter_cost=0.13s, time_cost: 00:03/00:06, 
2026-08-20 07:02:49,451   INFO  eval: epoch=22, batch_iter=40/79, batch_size=8, iter_cost=0.12s, time_cost: 00:04/00:04, 
2026-08-20 07:02:50,471   INFO  eval: epoch=22, batch_iter=50/79, batch_size=8, iter_cost=0.12s, time_cost: 00:05/00:03, 
2026-08-20 07:02:51,494   INFO  eval: epoch=22, batch_iter=60/79, batch_size=8, iter_cost=0.12s, time_cost: 00:07/00:02, 
2026-08-20 07:02:52,461   INFO  eval: epoch=22, batch_iter=70/79, batch_size=8, iter_cost=0.11s, time_cost: 00:07/00:01, 
2026-08-20 07:02:53,161   INFO  eval: epoch=22, batch_iter=78/79, batch_size=1, iter_cost=0.11s, time_cost: 00:08/00:00, 
eval:   0%|                                                                                                                                                                                               | 0/79 [00:08<?, ?it/s]
2026-08-20 07:02:53,244   INFO  Total number of samples before merging from multiple GPUs: 625
2026-08-20 07:02:53,679   INFO  Total number of samples after merging from multiple GPUs (removing duplicate): 5000
2026-08-20 07:02:53,683   INFO  *************** Performance of EPOCH 22 *****************
2026-08-20 07:02:53,683   INFO  Generate label finished(sec_per_example: 0.0018 second).
Total number for evaluation (intput): 5000
Total number for evaluation (after processed): 22520
Total number for evaluation (intput): 5000
Total number for evaluation (after processed): 22520
Total number for evaluation (intput): 5000
Total number for evaluation (after processed): 22520
2026-08-20 07:02:59,773   INFO  
========== Evaluation @ 3s ==========
minADE - VEHICLE: 0.5380 
minADE - PEDESTRIAN: 0.2078 
minADE - CYCLIST: 0.4660 
minFDE - VEHICLE: 0.8307 
minFDE - PEDESTRIAN: 0.3797 
minFDE - CYCLIST: 0.8256 
MissRate - VEHICLE: 0.1973 
MissRate - PEDESTRIAN: 0.0996 
MissRate - CYCLIST: 0.2749 
OverlapRate - VEHICLE: 0.0106 
OverlapRate - PEDESTRIAN: 0.0636 
OverlapRate - CYCLIST: 0.0217 
mAP - VEHICLE: 0.2518 
mAP - PEDESTRIAN: 0.4632 
mAP - CYCLIST: 0.4126 
minADE: 0.4039 
minFDE: 0.6786 
MissRate: 0.1906 
mAP: 0.3759 
       Waymo          mAP       minADE       minFDE     MissRate            
      VEHICLE      0.2518,      0.5380,      0.8307,      0.1973,            
   PEDESTRIAN      0.4632,      0.2078,      0.3797,      0.0996,            
      CYCLIST      0.4126,      0.4660,      0.8256,      0.2749,            
          Avg      0.3759,      0.4039,      0.6786,      0.1906,            
========== Evaluation @ 5s ==========
minADE - VEHICLE: 0.7433 
minADE - PEDESTRIAN: 0.3004 
minADE - CYCLIST: 0.6540 
minFDE - VEHICLE: 1.2378 
minFDE - PEDESTRIAN: 0.5811 
minFDE - CYCLIST: 1.2287 
MissRate - VEHICLE: 0.2087 
MissRate - PEDESTRIAN: 0.1037 
MissRate - CYCLIST: 0.2663 
OverlapRate - VEHICLE: 0.0210 
OverlapRate - PEDESTRIAN: 0.0710 
OverlapRate - CYCLIST: 0.0355 
mAP - VEHICLE: 0.2659 
mAP - PEDESTRIAN: 0.5244 
mAP - CYCLIST: 0.2336 
minADE: 0.5659 
minFDE: 1.0159 
MissRate: 0.1929 
mAP: 0.3413 
       Waymo          mAP       minADE       minFDE     MissRate            
      VEHICLE      0.2659,      0.7433,      1.2378,      0.2087,            
   PEDESTRIAN      0.5244,      0.3004,      0.5811,      0.1037,            
      CYCLIST      0.2336,      0.6540,      1.2287,      0.2663,            
          Avg      0.3413,      0.5659,      1.0159,      0.1929,            
========== Evaluation @ 8s ==========
minADE - VEHICLE: 1.0552 
minADE - PEDESTRIAN: 0.4291 
minADE - CYCLIST: 0.9126 
minFDE - VEHICLE: 1.9757 
minFDE - PEDESTRIAN: 0.8925 
minFDE - CYCLIST: 1.8276 
MissRate - VEHICLE: 0.2421 
MissRate - PEDESTRIAN: 0.1136 
MissRate - CYCLIST: 0.2685 
OverlapRate - VEHICLE: 0.0381 
OverlapRate - PEDESTRIAN: 0.0776 
OverlapRate - CYCLIST: 0.0492 
mAP - VEHICLE: 0.2792 
mAP - PEDESTRIAN: 0.3000 
mAP - CYCLIST: 0.2382 
minADE: 0.7990 
minFDE: 1.5653 
MissRate: 0.2081 
mAP: 0.2725 
       Waymo          mAP       minADE       minFDE     MissRate            
      VEHICLE      0.2792,      1.0552,      1.9757,      0.2421,            
   PEDESTRIAN      0.3000,      0.4291,      0.8925,      0.1136,            
      CYCLIST      0.2382,      0.9126,      1.8276,      0.2685,            
          Avg      0.2725,      0.7990,      1.5653,      0.2081,            
2026-08-20 07:02:59,774   INFO  Result is save to /root/wanqinghua/MTR/output/waymo/mtr_voyah_data/mtr_with_qcnet_v2/eval/eval_with_train
2026-08-20 07:02:59,774   INFO  ****************Evaluation done.*****************
2026-08-20 07:03:00,811   INFO  Save best model to /root/wanqinghua/MTR/output/waymo/mtr_voyah_data/mtr_with_qcnet_v2/ckpt/best_model
2026-08-20 07:03:02,431   INFO  Save EMA best model to /root/wanqinghua/MTR/output/waymo/mtr_voyah_data/mtr_with_qcnet_v2/ckpt/best_model_ema
epochs:  44%|█████████████████████████████████████████████████████████████████████████████                                                                                                  | 22/50 [1:34:19<2:00:43, 258.71s/it]
2026-08-20 07:03:03,857   INFO  epoch: 22/50, acc_iter=11859, cur_iter=0/539, batch_size=8, iter_cost=0.95s, time_cost(epoch): 00:00/08:30, time_cost(all): 1:34:21/3:58:00, ade_TYPE_VEHICLE_layer_5=0.672, ade_TYPE_PEDESTRIAN_layer_5=0.243, ade_TYPE_CYCLIST_layer_5=0.757, loss=160.840, lr=0.0001
2026-08-20 07:03:22,514   INFO  epoch: 22/50, acc_iter=11900, cur_iter=41/539, batch_size=8, iter_cost=0.47s, time_cost(epoch): 00:19/03:52, time_cost(all): 1:34:39/1:57:05, ade_TYPE_VEHICLE_layer_5=0.794, ade_TYPE_PEDESTRIAN_layer_5=0.146, ade_TYPE_CYCLIST_layer_5=-0.000, loss=96.602, lr=0.0001
2026-08-20 07:03:45,652   INFO  epoch: 22/50, acc_iter=11950, cur_iter=91/539, batch_size=8, iter_cost=0.46s, time_cost(epoch): 00:42/03:28, time_cost(all): 1:35:02/1:56:09, ade_TYPE_VEHICLE_layer_5=1.039, ade_TYPE_PEDESTRIAN_layer_5=0.315, ade_TYPE_CYCLIST_layer_5=0.871, loss=321.859, lr=0.0001
2026-08-20 07:04:08,583   INFO  epoch: 22/50, acc_iter=12000, cur_iter=141/539, batch_size=8, iter_cost=0.46s, time_cost(epoch): 01:05/03:04, time_cost(all): 1:35:25/1:55:14, ade_TYPE_VEHICLE_layer_5=0.653, ade_TYPE_PEDESTRIAN_layer_5=0.121, ade_TYPE_CYCLIST_layer_5=0.429, loss=190.017, lr=0.0001
2026-08-20 07:04:31,585   INFO  epoch: 22/50, acc_iter=12050, cur_iter=191/539, batch_size=8, iter_cost=0.46s, time_cost(epoch): 01:28/02:40, time_cost(all): 1:35:48/1:54:42, ade_TYPE_VEHICLE_layer_5=0.677, ade_TYPE_PEDESTRIAN_layer_5=0.189, ade_TYPE_CYCLIST_layer_5=0.378, loss=37.849, lr=0.0001
2026-08-20 07:04:53,550   INFO  epoch: 22/50, acc_iter=12100, cur_iter=241/539, batch_size=8, iter_cost=0.46s, time_cost(epoch): 01:50/02:16, time_cost(all): 1:36:10/1:53:09, ade_TYPE_VEHICLE_layer_5=0.684, ade_TYPE_PEDESTRIAN_layer_5=0.234, ade_TYPE_CYCLIST_layer_5=-0.000, loss=62.579, lr=0.0001
2026-08-20 07:05:15,631   INFO  epoch: 22/50, acc_iter=12150, cur_iter=291/539, batch_size=8, iter_cost=0.45s, time_cost(epoch): 02:12/01:52, time_cost(all): 1:36:32/1:52:07, ade_TYPE_VEHICLE_layer_5=0.828, ade_TYPE_PEDESTRIAN_layer_5=0.256, ade_TYPE_CYCLIST_layer_5=0.484, loss=156.255, lr=0.0001
2026-08-20 07:05:38,949   INFO  epoch: 22/50, acc_iter=12200, cur_iter=341/539, batch_size=8, iter_cost=0.46s, time_cost(epoch): 02:36/01:30, time_cost(all): 1:36:56/1:52:10, ade_TYPE_VEHICLE_layer_5=0.890, ade_TYPE_PEDESTRIAN_layer_5=-0.000, ade_TYPE_CYCLIST_layer_5=0.502, loss=192.348, lr=0.0001
2026-08-20 07:06:00,904   INFO  epoch: 22/50, acc_iter=12250, cur_iter=391/539, batch_size=8, iter_cost=0.45s, time_cost(epoch): 02:57/01:07, time_cost(all): 1:37:18/1:51:15, ade_TYPE_VEHICLE_layer_5=0.758, ade_TYPE_PEDESTRIAN_layer_5=0.230, ade_TYPE_CYCLIST_layer_5=-0.000, loss=186.680, lr=0.0001
2026-08-20 07:06:23,459   INFO  epoch: 22/50, acc_iter=12300, cur_iter=441/539, batch_size=8, iter_cost=0.45s, time_cost(epoch): 03:20/00:44, time_cost(all): 1:37:40/1:50:47, ade_TYPE_VEHICLE_layer_5=0.749, ade_TYPE_PEDESTRIAN_layer_5=0.264, ade_TYPE_CYCLIST_layer_5=0.402, loss=108.229, lr=0.0001
2026-08-20 07:06:45,964   INFO  epoch: 22/50, acc_iter=12350, cur_iter=491/539, batch_size=8, iter_cost=0.45s, time_cost(epoch): 03:43/00:21, time_cost(all): 1:38:03/1:50:19, ade_TYPE_VEHICLE_layer_5=0.651, ade_TYPE_PEDESTRIAN_layer_5=0.179, ade_TYPE_CYCLIST_layer_5=0.961, loss=85.140, lr=0.0001
2026-08-20 07:07:06,989   INFO  epoch: 22/50, acc_iter=12397, cur_iter=538/539, batch_size=4, iter_cost=0.45s, time_cost(epoch): 04:04/00:00, time_cost(all): 1:38:24/1:49:50, ade_TYPE_VEHICLE_layer_5=0.772, ade_TYPE_PEDESTRIAN_layer_5=0.145, ade_TYPE_CYCLIST_layer_5=-0.000, loss=59.920, lr=0.0001
epochs:  46%|████████████████████████████████████████████████████████████████████████████████▌                                                                                              | 23/50 [1:38:24<1:54:31, 254.51s/it]
2026-08-20 07:07:08,516   INFO  epoch: 23/50, acc_iter=12398, cur_iter=0/539, batch_size=8, iter_cost=0.84s, time_cost(epoch): 00:00/07:34, time_cost(all): 1:38:25/3:24:28, ade_TYPE_VEHICLE_layer_5=0.743, ade_TYPE_PEDESTRIAN_layer_5=0.224, ade_TYPE_CYCLIST_layer_5=0.766, loss=137.805, lr=0.0001
2026-08-20 07:07:09,855   INFO  epoch: 23/50, acc_iter=12400, cur_iter=2/539, batch_size=8, iter_cost=0.73s, time_cost(epoch): 00:02/06:30, time_cost(all): 1:38:27/2:56:27, ade_TYPE_VEHICLE_layer_5=0.846, ade_TYPE_PEDESTRIAN_layer_5=0.317, ade_TYPE_CYCLIST_layer_5=-0.000, loss=129.288, lr=0.0001
2026-08-20 07:07:32,178   INFO  epoch: 23/50, acc_iter=12450, cur_iter=52/539, batch_size=8, iter_cost=0.46s, time_cost(epoch): 00:24/03:45, time_cost(all): 1:38:49/1:51:44, ade_TYPE_VEHICLE_layer_5=0.846, ade_TYPE_PEDESTRIAN_layer_5=0.113, ade_TYPE_CYCLIST_layer_5=0.591, loss=179.131, lr=0.0001
2026-08-20 07:07:55,168   INFO  epoch: 23/50, acc_iter=12500, cur_iter=102/539, batch_size=8, iter_cost=0.46s, time_cost(epoch): 00:47/03:21, time_cost(all): 1:39:12/1:51:03, ade_TYPE_VEHICLE_layer_5=0.639, ade_TYPE_PEDESTRIAN_layer_5=0.347, ade_TYPE_CYCLIST_layer_5=-0.000, loss=31.632, lr=0.0001
2026-08-20 07:08:18,000   INFO  epoch: 23/50, acc_iter=12550, cur_iter=152/539, batch_size=8, iter_cost=0.46s, time_cost(epoch): 01:10/02:57, time_cost(all): 1:39:35/1:50:19, ade_TYPE_VEHICLE_layer_5=0.795, ade_TYPE_PEDESTRIAN_layer_5=0.179, ade_TYPE_CYCLIST_layer_5=1.079, loss=96.945, lr=0.0001
2026-08-20 07:08:40,639   INFO  epoch: 23/50, acc_iter=12600, cur_iter=202/539, batch_size=8, iter_cost=0.46s, time_cost(epoch): 01:32/02:34, time_cost(all): 1:39:57/1:49:32, ade_TYPE_VEHICLE_layer_5=0.722, ade_TYPE_PEDESTRIAN_layer_5=0.221, ade_TYPE_CYCLIST_layer_5=-0.000, loss=62.122, lr=0.0001
2026-08-20 07:09:03,423   INFO  epoch: 23/50, acc_iter=12650, cur_iter=252/539, batch_size=8, iter_cost=0.46s, time_cost(epoch): 01:55/02:11, time_cost(all): 1:40:20/1:49:02, ade_TYPE_VEHICLE_layer_5=0.662, ade_TYPE_PEDESTRIAN_layer_5=0.254, ade_TYPE_CYCLIST_layer_5=0.573, loss=53.243, lr=0.0001
2026-08-20 07:09:26,474   INFO  epoch: 23/50, acc_iter=12700, cur_iter=302/539, batch_size=8, iter_cost=0.46s, time_cost(epoch): 02:18/01:48, time_cost(all): 1:40:43/1:48:48, ade_TYPE_VEHICLE_layer_5=0.652, ade_TYPE_PEDESTRIAN_layer_5=0.293, ade_TYPE_CYCLIST_layer_5=-0.000, loss=21.063, lr=0.0001
2026-08-20 07:09:49,816   INFO  epoch: 23/50, acc_iter=12750, cur_iter=352/539, batch_size=8, iter_cost=0.46s, time_cost(epoch): 02:42/01:25, time_cost(all): 1:41:07/1:48:42, ade_TYPE_VEHICLE_layer_5=0.741, ade_TYPE_PEDESTRIAN_layer_5=0.224, ade_TYPE_CYCLIST_layer_5=-0.000, loss=106.408, lr=0.0001
2026-08-20 07:10:12,793   INFO  epoch: 23/50, acc_iter=12800, cur_iter=402/539, batch_size=8, iter_cost=0.46s, time_cost(epoch): 03:05/01:02, time_cost(all): 1:41:29/1:48:20, ade_TYPE_VEHICLE_layer_5=0.744, ade_TYPE_PEDESTRIAN_layer_5=0.276, ade_TYPE_CYCLIST_layer_5=0.400, loss=109.835, lr=0.0001
2026-08-20 07:10:35,620   INFO  epoch: 23/50, acc_iter=12850, cur_iter=452/539, batch_size=8, iter_cost=0.46s, time_cost(epoch): 03:27/00:39, time_cost(all): 1:41:52/1:47:52, ade_TYPE_VEHICLE_layer_5=0.840, ade_TYPE_PEDESTRIAN_layer_5=0.260, ade_TYPE_CYCLIST_layer_5=0.571, loss=122.074, lr=0.0001
2026-08-20 07:10:58,694   INFO  epoch: 23/50, acc_iter=12900, cur_iter=502/539, batch_size=8, iter_cost=0.46s, time_cost(epoch): 03:51/00:16, time_cost(all): 1:42:15/1:47:33, ade_TYPE_VEHICLE_layer_5=0.722, ade_TYPE_PEDESTRIAN_layer_5=0.238, ade_TYPE_CYCLIST_layer_5=0.779, loss=46.612, lr=0.0001
2026-08-20 07:11:14,575   INFO  epoch: 23/50, acc_iter=12936, cur_iter=538/539, batch_size=4, iter_cost=0.46s, time_cost(epoch): 04:06/00:00, time_cost(all): 1:42:31/1:46:59, ade_TYPE_VEHICLE_layer_5=0.709, ade_TYPE_PEDESTRIAN_layer_5=0.145, ade_TYPE_CYCLIST_layer_5=-0.000, loss=38.405, lr=0.0001
2026-08-20 07:11:16,091   INFO  ==> Eval with EMA weights (epoch 24)
2026-08-20 07:11:16,208   INFO  *************** EPOCH 24 EVALUATION *****************
2026-08-20 07:11:17,076   INFO  eval: epoch=24, batch_iter=0/79, batch_size=8, iter_cost=0.86s, time_cost: 00:00/01:08, 
2026-08-20 07:11:18,087   INFO  eval: epoch=24, batch_iter=10/79, batch_size=8, iter_cost=0.19s, time_cost: 00:01/00:12, 
2026-08-20 07:11:19,168   INFO  eval: epoch=24, batch_iter=20/79, batch_size=8, iter_cost=0.15s, time_cost: 00:02/00:08, 
2026-08-20 07:11:20,204   INFO  eval: epoch=24, batch_iter=30/79, batch_size=8, iter_cost=0.13s, time_cost: 00:03/00:06, 
2026-08-20 07:11:21,260   INFO  eval: epoch=24, batch_iter=40/79, batch_size=8, iter_cost=0.13s, time_cost: 00:05/00:04, 
2026-08-20 07:11:22,292   INFO  eval: epoch=24, batch_iter=50/79, batch_size=8, iter_cost=0.12s, time_cost: 00:06/00:03, 
2026-08-20 07:11:23,338   INFO  eval: epoch=24, batch_iter=60/79, batch_size=8, iter_cost=0.12s, time_cost: 00:07/00:02, 
2026-08-20 07:11:24,305   INFO  eval: epoch=24, batch_iter=70/79, batch_size=8, iter_cost=0.12s, time_cost: 00:08/00:01, 
2026-08-20 07:11:25,004   INFO  eval: epoch=24, batch_iter=78/79, batch_size=1, iter_cost=0.11s, time_cost: 00:08/00:00, 
eval:   0%|                                                                                                                                                                                               | 0/79 [00:08<?, ?it/s]
2026-08-20 07:11:25,086   INFO  Total number of samples before merging from multiple GPUs: 625
2026-08-20 07:11:25,527   INFO  Total number of samples after merging from multiple GPUs (removing duplicate): 5000
2026-08-20 07:11:25,531   INFO  *************** Performance of EPOCH 24 *****************
2026-08-20 07:11:25,531   INFO  Generate label finished(sec_per_example: 0.0019 second).
Total number for evaluation (intput): 5000
Total number for evaluation (after processed): 22520
Total number for evaluation (intput): 5000
Total number for evaluation (after processed): 22520
Total number for evaluation (intput): 5000
Total number for evaluation (after processed): 22520
2026-08-20 07:11:31,679   INFO  
========== Evaluation @ 3s ==========
minADE - VEHICLE: 0.6837 
minADE - PEDESTRIAN: 0.2190 
minADE - CYCLIST: 0.4578 
minFDE - VEHICLE: 1.1338 
minFDE - PEDESTRIAN: 0.4001 
minFDE - CYCLIST: 0.8213 
MissRate - VEHICLE: 0.2733 
MissRate - PEDESTRIAN: 0.1009 
MissRate - CYCLIST: 0.2763 
OverlapRate - VEHICLE: 0.0115 
OverlapRate - PEDESTRIAN: 0.0657 
OverlapRate - CYCLIST: 0.0232 
mAP - VEHICLE: 0.2114 
mAP - PEDESTRIAN: 0.4181 
mAP - CYCLIST: 0.4284 
minADE: 0.4535 
minFDE: 0.7851 
MissRate: 0.2168 
mAP: 0.3526 
       Waymo          mAP       minADE       minFDE     MissRate            
      VEHICLE      0.2114,      0.6837,      1.1338,      0.2733,            
   PEDESTRIAN      0.4181,      0.2190,      0.4001,      0.1009,            
      CYCLIST      0.4284,      0.4578,      0.8213,      0.2763,            
          Avg      0.3526,      0.4535,      0.7851,      0.2168,            
========== Evaluation @ 5s ==========
minADE - VEHICLE: 0.9163 
minADE - PEDESTRIAN: 0.3112 
minADE - CYCLIST: 0.6510 
minFDE - VEHICLE: 1.5492 
minFDE - PEDESTRIAN: 0.5975 
minFDE - CYCLIST: 1.2245 
MissRate - VEHICLE: 0.2692 
MissRate - PEDESTRIAN: 0.1092 
MissRate - CYCLIST: 0.2708 
OverlapRate - VEHICLE: 0.0263 
OverlapRate - PEDESTRIAN: 0.0712 
OverlapRate - CYCLIST: 0.0347 
mAP - VEHICLE: 0.2194 
mAP - PEDESTRIAN: 0.5168 
mAP - CYCLIST: 0.2778 
minADE: 0.6262 
minFDE: 1.1237 
MissRate: 0.2164 
mAP: 0.3380 
       Waymo          mAP       minADE       minFDE     MissRate            
      VEHICLE      0.2194,      0.9163,      1.5492,      0.2692,            
   PEDESTRIAN      0.5168,      0.3112,      0.5975,      0.1092,            
      CYCLIST      0.2778,      0.6510,      1.2245,      0.2708,            
          Avg      0.3380,      0.6262,      1.1237,      0.2164,            
========== Evaluation @ 8s ==========
minADE - VEHICLE: 1.2407 
minADE - PEDESTRIAN: 0.4423 
minADE - CYCLIST: 0.9123 
minFDE - VEHICLE: 2.2470 
minFDE - PEDESTRIAN: 0.9200 
minFDE - CYCLIST: 1.8204 
MissRate - VEHICLE: 0.2873 
MissRate - PEDESTRIAN: 0.1220 
MissRate - CYCLIST: 0.2844 
OverlapRate - VEHICLE: 0.0469 
OverlapRate - PEDESTRIAN: 0.0771 
OverlapRate - CYCLIST: 0.0468 
mAP - VEHICLE: 0.2377 
mAP - PEDESTRIAN: 0.3355 
mAP - CYCLIST: 0.2391 
minADE: 0.8651 
minFDE: 1.6625 
MissRate: 0.2313 
mAP: 0.2708 
       Waymo          mAP       minADE       minFDE     MissRate            
      VEHICLE      0.2377,      1.2407,      2.2470,      0.2873,            
   PEDESTRIAN      0.3355,      0.4423,      0.9200,      0.1220,            
      CYCLIST      0.2391,      0.9123,      1.8204,      0.2844,            
          Avg      0.2708,      0.8651,      1.6625,      0.2313,            
2026-08-20 07:11:31,680   INFO  Result is save to /root/wanqinghua/MTR/output/waymo/mtr_voyah_data/mtr_with_qcnet_v2/eval/eval_with_train
2026-08-20 07:11:31,680   INFO  ****************Evaluation done.*****************
epochs:  48%|████████████████████████████████████████████████████████████████████████████████████                                                                                           | 24/50 [1:42:48<1:51:36, 257.54s/it]
2026-08-20 07:11:33,132   INFO  epoch: 24/50, acc_iter=12937, cur_iter=0/539, batch_size=8, iter_cost=0.91s, time_cost(epoch): 00:00/08:08, time_cost(all): 1:42:50/3:31:42, ade_TYPE_VEHICLE_layer_5=0.617, ade_TYPE_PEDESTRIAN_layer_5=0.253, ade_TYPE_CYCLIST_layer_5=0.223, loss=155.916, lr=0.0001
2026-08-20 07:11:39,362   INFO  epoch: 24/50, acc_iter=12950, cur_iter=13/539, batch_size=8, iter_cost=0.51s, time_cost(epoch): 00:07/04:28, time_cost(all): 1:42:56/1:58:56, ade_TYPE_VEHICLE_layer_5=0.721, ade_TYPE_PEDESTRIAN_layer_5=0.375, ade_TYPE_CYCLIST_layer_5=0.868, loss=73.526, lr=0.0001
2026-08-20 07:12:02,804   INFO  epoch: 24/50, acc_iter=13000, cur_iter=63/539, batch_size=8, iter_cost=0.48s, time_cost(epoch): 00:30/03:47, time_cost(all): 1:43:20/1:51:05, ade_TYPE_VEHICLE_layer_5=0.740, ade_TYPE_PEDESTRIAN_layer_5=-0.000, ade_TYPE_CYCLIST_layer_5=-0.000, loss=113.466, lr=0.0001
2026-08-20 07:12:25,338   INFO  epoch: 24/50, acc_iter=13050, cur_iter=113/539, batch_size=8, iter_cost=0.47s, time_cost(epoch): 00:53/03:18, time_cost(all): 1:43:42/1:47:56, ade_TYPE_VEHICLE_layer_5=0.690, ade_TYPE_PEDESTRIAN_layer_5=0.278, ade_TYPE_CYCLIST_layer_5=-0.000, loss=153.078, lr=0.0001
2026-08-20 07:12:48,392   INFO  epoch: 24/50, acc_iter=13100, cur_iter=163/539, batch_size=8, iter_cost=0.46s, time_cost(epoch): 01:16/02:54, time_cost(all): 1:44:05/1:47:12, ade_TYPE_VEHICLE_layer_5=0.740, ade_TYPE_PEDESTRIAN_layer_5=0.293, ade_TYPE_CYCLIST_layer_5=0.506, loss=163.200, lr=0.0001
2026-08-20 07:13:11,203   INFO  epoch: 24/50, acc_iter=13150, cur_iter=213/539, batch_size=8, iter_cost=0.46s, time_cost(epoch): 01:38/02:30, time_cost(all): 1:44:28/1:46:23, ade_TYPE_VEHICLE_layer_5=0.632, ade_TYPE_PEDESTRIAN_layer_5=0.279, ade_TYPE_CYCLIST_layer_5=0.263, loss=151.194, lr=0.0001
2026-08-20 07:13:33,874   INFO  epoch: 24/50, acc_iter=13200, cur_iter=263/539, batch_size=8, iter_cost=0.46s, time_cost(epoch): 02:01/02:07, time_cost(all): 1:44:51/1:45:36, ade_TYPE_VEHICLE_layer_5=0.892, ade_TYPE_PEDESTRIAN_layer_5=0.193, ade_TYPE_CYCLIST_layer_5=-0.000, loss=232.356, lr=0.0001
2026-08-20 07:13:56,466   INFO  epoch: 24/50, acc_iter=13250, cur_iter=313/539, batch_size=8, iter_cost=0.46s, time_cost(epoch): 02:24/01:43, time_cost(all): 1:45:13/1:44:53, ade_TYPE_VEHICLE_layer_5=0.703, ade_TYPE_PEDESTRIAN_layer_5=0.258, ade_TYPE_CYCLIST_layer_5=0.645, loss=40.585, lr=0.0001
2026-08-20 07:14:19,569   INFO  epoch: 24/50, acc_iter=13300, cur_iter=363/539, batch_size=8, iter_cost=0.46s, time_cost(epoch): 02:47/01:20, time_cost(all): 1:45:36/1:44:35, ade_TYPE_VEHICLE_layer_5=1.285, ade_TYPE_PEDESTRIAN_layer_5=0.127, ade_TYPE_CYCLIST_layer_5=-0.000, loss=242.548, lr=0.0001
2026-08-20 07:14:42,187   INFO  epoch: 24/50, acc_iter=13350, cur_iter=413/539, batch_size=8, iter_cost=0.46s, time_cost(epoch): 03:09/00:57, time_cost(all): 1:45:59/1:44:00, ade_TYPE_VEHICLE_layer_5=0.716, ade_TYPE_PEDESTRIAN_layer_5=0.249, ade_TYPE_CYCLIST_layer_5=0.283, loss=188.081, lr=0.0001
2026-08-20 07:15:04,549   INFO  epoch: 24/50, acc_iter=13400, cur_iter=463/539, batch_size=8, iter_cost=0.46s, time_cost(epoch): 03:32/00:34, time_cost(all): 1:46:21/1:43:20, ade_TYPE_VEHICLE_layer_5=0.773, ade_TYPE_PEDESTRIAN_layer_5=0.422, ade_TYPE_CYCLIST_layer_5=0.569, loss=162.932, lr=0.0001
2026-08-20 07:15:27,392   INFO  epoch: 24/50, acc_iter=13450, cur_iter=513/539, batch_size=8, iter_cost=0.46s, time_cost(epoch): 03:55/00:11, time_cost(all): 1:46:44/1:42:57, ade_TYPE_VEHICLE_layer_5=0.655, ade_TYPE_PEDESTRIAN_layer_5=0.164, ade_TYPE_CYCLIST_layer_5=-0.000, loss=60.016, lr=0.0001
2026-08-20 07:15:38,404   INFO  epoch: 24/50, acc_iter=13475, cur_iter=538/539, batch_size=4, iter_cost=0.46s, time_cost(epoch): 04:06/00:00, time_cost(all): 1:46:55/1:42:34, ade_TYPE_VEHICLE_layer_5=0.790, ade_TYPE_PEDESTRIAN_layer_5=0.409, ade_TYPE_CYCLIST_layer_5=0.435, loss=138.315, lr=0.0001
epochs:  50%|███████████████████████████████████████████████████████████████████████████████████████▌                                                                                       | 25/50 [1:46:55<1:45:57, 254.32s/it]
2026-08-20 07:15:40,038   INFO  epoch: 25/50, acc_iter=13476, cur_iter=0/539, batch_size=8, iter_cost=0.91s, time_cost(epoch): 00:00/08:12, time_cost(all): 1:46:57/3:25:20, ade_TYPE_VEHICLE_layer_5=0.677, ade_TYPE_PEDESTRIAN_layer_5=0.204, ade_TYPE_CYCLIST_layer_5=0.304, loss=144.130, lr=0.0001
2026-08-20 07:15:50,908   INFO  epoch: 25/50, acc_iter=13500, cur_iter=24/539, batch_size=8, iter_cost=0.47s, time_cost(epoch): 00:11/04:02, time_cost(all): 1:47:08/1:45:40, ade_TYPE_VEHICLE_layer_5=0.648, ade_TYPE_PEDESTRIAN_layer_5=0.155, ade_TYPE_CYCLIST_layer_5=0.265, loss=93.210, lr=0.0001
2026-08-20 07:16:14,665   INFO  epoch: 25/50, acc_iter=13550, cur_iter=74/539, batch_size=8, iter_cost=0.47s, time_cost(epoch): 00:35/03:40, time_cost(all): 1:47:31/1:45:50, ade_TYPE_VEHICLE_layer_5=0.694, ade_TYPE_PEDESTRIAN_layer_5=0.215, ade_TYPE_CYCLIST_layer_5=-0.000, loss=164.094, lr=0.0001
2026-08-20 07:16:37,297   INFO  epoch: 25/50, acc_iter=13600, cur_iter=124/539, batch_size=8, iter_cost=0.47s, time_cost(epoch): 00:58/03:13, time_cost(all): 1:47:54/1:43:33, ade_TYPE_VEHICLE_layer_5=0.732, ade_TYPE_PEDESTRIAN_layer_5=0.233, ade_TYPE_CYCLIST_layer_5=-0.000, loss=191.438, lr=0.0001
2026-08-20 07:17:00,307   INFO  epoch: 25/50, acc_iter=13650, cur_iter=174/539, batch_size=8, iter_cost=0.46s, time_cost(epoch): 01:21/02:49, time_cost(all): 1:48:17/1:42:50, ade_TYPE_VEHICLE_layer_5=0.656, ade_TYPE_PEDESTRIAN_layer_5=0.454, ade_TYPE_CYCLIST_layer_5=-0.000, loss=107.198, lr=0.0001
2026-08-20 07:17:24,065   INFO  epoch: 25/50, acc_iter=13700, cur_iter=224/539, batch_size=8, iter_cost=0.47s, time_cost(epoch): 01:44/02:26, time_cost(all): 1:48:41/1:43:00, ade_TYPE_VEHICLE_layer_5=1.250, ade_TYPE_PEDESTRIAN_layer_5=0.279, ade_TYPE_CYCLIST_layer_5=-0.000, loss=202.370, lr=0.0001
2026-08-20 07:17:47,038   INFO  epoch: 25/50, acc_iter=13750, cur_iter=274/539, batch_size=8, iter_cost=0.47s, time_cost(epoch): 02:07/02:03, time_cost(all): 1:49:04/1:42:20, ade_TYPE_VEHICLE_layer_5=0.664, ade_TYPE_PEDESTRIAN_layer_5=0.086, ade_TYPE_CYCLIST_layer_5=0.235, loss=165.819, lr=0.0001
2026-08-20 07:18:10,472   INFO  epoch: 25/50, acc_iter=13800, cur_iter=324/539, batch_size=8, iter_cost=0.47s, time_cost(epoch): 02:31/01:40, time_cost(all): 1:49:27/1:42:04, ade_TYPE_VEHICLE_layer_5=0.600, ade_TYPE_PEDESTRIAN_layer_5=0.222, ade_TYPE_CYCLIST_layer_5=0.353, loss=22.565, lr=0.0001
2026-08-20 07:18:33,427   INFO  epoch: 25/50, acc_iter=13850, cur_iter=374/539, batch_size=8, iter_cost=0.46s, time_cost(epoch): 02:54/01:16, time_cost(all): 1:49:50/1:41:29, ade_TYPE_VEHICLE_layer_5=0.802, ade_TYPE_PEDESTRIAN_layer_5=0.248, ade_TYPE_CYCLIST_layer_5=-0.000, loss=175.572, lr=0.0001
2026-08-20 07:18:56,350   INFO  epoch: 25/50, acc_iter=13900, cur_iter=424/539, batch_size=8, iter_cost=0.46s, time_cost(epoch): 03:17/00:53, time_cost(all): 1:50:13/1:40:56, ade_TYPE_VEHICLE_layer_5=0.930, ade_TYPE_PEDESTRIAN_layer_5=0.516, ade_TYPE_CYCLIST_layer_5=-0.000, loss=164.620, lr=0.0001
2026-08-20 07:19:19,685   INFO  epoch: 25/50, acc_iter=13950, cur_iter=474/539, batch_size=8, iter_cost=0.46s, time_cost(epoch): 03:40/00:30, time_cost(all): 1:50:36/1:40:36, ade_TYPE_VEHICLE_layer_5=0.682, ade_TYPE_PEDESTRIAN_layer_5=0.204, ade_TYPE_CYCLIST_layer_5=0.772, loss=103.067, lr=0.0001
2026-08-20 07:19:42,335   INFO  epoch: 25/50, acc_iter=14000, cur_iter=524/539, batch_size=8, iter_cost=0.46s, time_cost(epoch): 04:03/00:06, time_cost(all): 1:50:59/1:39:59, ade_TYPE_VEHICLE_layer_5=0.993, ade_TYPE_PEDESTRIAN_layer_5=0.254, ade_TYPE_CYCLIST_layer_5=0.300, loss=146.550, lr=0.0001
2026-08-20 07:19:48,250   INFO  epoch: 25/50, acc_iter=14014, cur_iter=538/539, batch_size=4, iter_cost=0.46s, time_cost(epoch): 04:09/00:00, time_cost(all): 1:51:05/1:39:39, ade_TYPE_VEHICLE_layer_5=0.805, ade_TYPE_PEDESTRIAN_layer_5=-0.000, ade_TYPE_CYCLIST_layer_5=-0.000, loss=127.162, lr=0.0001
2026-08-20 07:19:50,106   INFO  ==> Eval with EMA weights (epoch 26)
2026-08-20 07:19:50,225   INFO  *************** EPOCH 26 EVALUATION *****************
2026-08-20 07:19:51,100   INFO  eval: epoch=26, batch_iter=0/79, batch_size=8, iter_cost=0.87s, time_cost: 00:00/01:08, 
2026-08-20 07:19:52,097   INFO  eval: epoch=26, batch_iter=10/79, batch_size=8, iter_cost=0.19s, time_cost: 00:01/00:12, 
2026-08-20 07:19:53,123   INFO  eval: epoch=26, batch_iter=20/79, batch_size=8, iter_cost=0.14s, time_cost: 00:02/00:08, 
2026-08-20 07:19:54,155   INFO  eval: epoch=26, batch_iter=30/79, batch_size=8, iter_cost=0.13s, time_cost: 00:03/00:06, 
2026-08-20 07:19:55,213   INFO  eval: epoch=26, batch_iter=40/79, batch_size=8, iter_cost=0.12s, time_cost: 00:04/00:04, 
2026-08-20 07:19:56,233   INFO  eval: epoch=26, batch_iter=50/79, batch_size=8, iter_cost=0.12s, time_cost: 00:06/00:03, 
2026-08-20 07:19:57,261   INFO  eval: epoch=26, batch_iter=60/79, batch_size=8, iter_cost=0.12s, time_cost: 00:07/00:02, 
2026-08-20 07:19:58,230   INFO  eval: epoch=26, batch_iter=70/79, batch_size=8, iter_cost=0.11s, time_cost: 00:08/00:01, 
2026-08-20 07:19:58,925   INFO  eval: epoch=26, batch_iter=78/79, batch_size=1, iter_cost=0.11s, time_cost: 00:08/00:00, 
eval:   0%|                                                                                                                                                                                               | 0/79 [00:08<?, ?it/s]
2026-08-20 07:19:59,017   INFO  Total number of samples before merging from multiple GPUs: 625
2026-08-20 07:19:59,623   INFO  Total number of samples after merging from multiple GPUs (removing duplicate): 5000
2026-08-20 07:19:59,628   INFO  *************** Performance of EPOCH 26 *****************
2026-08-20 07:19:59,628   INFO  Generate label finished(sec_per_example: 0.0019 second).
Total number for evaluation (intput): 5000
Total number for evaluation (after processed): 22520
Total number for evaluation (intput): 5000
Total number for evaluation (after processed): 22520
Total number for evaluation (intput): 5000
Total number for evaluation (after processed): 22520
2026-08-20 07:20:05,823   INFO  
========== Evaluation @ 3s ==========
minADE - VEHICLE: 0.7002 
minADE - PEDESTRIAN: 0.2045 
minADE - CYCLIST: 0.5156 
minFDE - VEHICLE: 1.0505 
minFDE - PEDESTRIAN: 0.3787 
minFDE - CYCLIST: 0.8760 
MissRate - VEHICLE: 0.2615 
MissRate - PEDESTRIAN: 0.1000 
MissRate - CYCLIST: 0.2807 
OverlapRate - VEHICLE: 0.0123 
OverlapRate - PEDESTRIAN: 0.0640 
OverlapRate - CYCLIST: 0.0203 
mAP - VEHICLE: 0.1892 
mAP - PEDESTRIAN: 0.4756 
mAP - CYCLIST: 0.3765 
minADE: 0.4734 
minFDE: 0.7684 
MissRate: 0.2141 
mAP: 0.3471 
       Waymo          mAP       minADE       minFDE     MissRate            
      VEHICLE      0.1892,      0.7002,      1.0505,      0.2615,            
   PEDESTRIAN      0.4756,      0.2045,      0.3787,      0.1000,            
      CYCLIST      0.3765,      0.5156,      0.8760,      0.2807,            
          Avg      0.3471,      0.4734,      0.7684,      0.2141,            
========== Evaluation @ 5s ==========
minADE - VEHICLE: 0.9140 
minADE - PEDESTRIAN: 0.2953 
minADE - CYCLIST: 0.7016 
minFDE - VEHICLE: 1.4409 
minFDE - PEDESTRIAN: 0.5745 
minFDE - CYCLIST: 1.2623 
MissRate - VEHICLE: 0.2572 
MissRate - PEDESTRIAN: 0.1048 
MissRate - CYCLIST: 0.2692 
OverlapRate - VEHICLE: 0.0241 
OverlapRate - PEDESTRIAN: 0.0710 
OverlapRate - CYCLIST: 0.0340 
mAP - VEHICLE: 0.2122 
mAP - PEDESTRIAN: 0.5227 
mAP - CYCLIST: 0.2449 
minADE: 0.6370 
minFDE: 1.0925 
MissRate: 0.2104 
mAP: 0.3266 
       Waymo          mAP       minADE       minFDE     MissRate            
      VEHICLE      0.2122,      0.9140,      1.4409,      0.2572,            
   PEDESTRIAN      0.5227,      0.2953,      0.5745,      0.1048,            
      CYCLIST      0.2449,      0.7016,      1.2623,      0.2692,            
          Avg      0.3266,      0.6370,      1.0925,      0.2104,            
========== Evaluation @ 8s ==========
minADE - VEHICLE: 1.2236 
minADE - PEDESTRIAN: 0.4235 
minADE - CYCLIST: 0.9592 
minFDE - VEHICLE: 2.1069 
minFDE - PEDESTRIAN: 0.8797 
minFDE - CYCLIST: 1.8239 
MissRate - VEHICLE: 0.2741 
MissRate - PEDESTRIAN: 0.1136 
MissRate - CYCLIST: 0.2747 
OverlapRate - VEHICLE: 0.0424 
OverlapRate - PEDESTRIAN: 0.0778 
OverlapRate - CYCLIST: 0.0497 
mAP - VEHICLE: 0.2383 
mAP - PEDESTRIAN: 0.3273 
mAP - CYCLIST: 0.2299 
minADE: 0.8687 
minFDE: 1.6035 
MissRate: 0.2208 
mAP: 0.2652 
       Waymo          mAP       minADE       minFDE     MissRate            
      VEHICLE      0.2383,      1.2236,      2.1069,      0.2741,            
   PEDESTRIAN      0.3273,      0.4235,      0.8797,      0.1136,            
      CYCLIST      0.2299,      0.9592,      1.8239,      0.2747,            
          Avg      0.2652,      0.8687,      1.6035,      0.2208,            
2026-08-20 07:20:05,824   INFO  Result is save to /root/wanqinghua/MTR/output/waymo/mtr_voyah_data/mtr_with_qcnet_v2/eval/eval_with_train
2026-08-20 07:20:05,824   INFO  ****************Evaluation done.*****************
epochs:  52%|███████████████████████████████████████████████████████████████████████████████████████████                                                                                    | 26/50 [1:51:23<1:43:17, 258.22s/it]
2026-08-20 07:20:07,196   INFO  epoch: 26/50, acc_iter=14015, cur_iter=0/539, batch_size=8, iter_cost=0.82s, time_cost(epoch): 00:00/07:24, time_cost(all): 1:51:24/2:57:44, ade_TYPE_VEHICLE_layer_5=0.567, ade_TYPE_PEDESTRIAN_layer_5=0.163, ade_TYPE_CYCLIST_layer_5=0.749, loss=53.187, lr=0.0001
2026-08-20 07:20:22,907   INFO  epoch: 26/50, acc_iter=14050, cur_iter=35/539, batch_size=8, iter_cost=0.46s, time_cost(epoch): 00:16/03:51, time_cost(all): 1:51:40/1:38:45, ade_TYPE_VEHICLE_layer_5=0.687, ade_TYPE_PEDESTRIAN_layer_5=0.199, ade_TYPE_CYCLIST_layer_5=0.766, loss=170.062, lr=0.0001
2026-08-20 07:20:45,674   INFO  epoch: 26/50, acc_iter=14100, cur_iter=85/539, batch_size=8, iter_cost=0.46s, time_cost(epoch): 00:39/03:27, time_cost(all): 1:52:02/1:37:53, ade_TYPE_VEHICLE_layer_5=0.624, ade_TYPE_PEDESTRIAN_layer_5=0.318, ade_TYPE_CYCLIST_layer_5=-0.000, loss=104.971, lr=0.0001
2026-08-20 07:21:08,170   INFO  epoch: 26/50, acc_iter=14150, cur_iter=135/539, batch_size=8, iter_cost=0.45s, time_cost(epoch): 01:01/03:03, time_cost(all): 1:52:25/1:36:56, ade_TYPE_VEHICLE_layer_5=0.808, ade_TYPE_PEDESTRIAN_layer_5=0.207, ade_TYPE_CYCLIST_layer_5=0.466, loss=207.642, lr=0.0001
2026-08-20 07:21:30,589   INFO  epoch: 26/50, acc_iter=14200, cur_iter=185/539, batch_size=8, iter_cost=0.45s, time_cost(epoch): 01:24/02:40, time_cost(all): 1:52:47/1:36:13, ade_TYPE_VEHICLE_layer_5=0.807, ade_TYPE_PEDESTRIAN_layer_5=0.219, ade_TYPE_CYCLIST_layer_5=-0.000, loss=104.196, lr=0.0001
2026-08-20 07:21:53,076   INFO  epoch: 26/50, acc_iter=14250, cur_iter=235/539, batch_size=8, iter_cost=0.45s, time_cost(epoch): 01:46/02:17, time_cost(all): 1:53:10/1:35:42, ade_TYPE_VEHICLE_layer_5=0.773, ade_TYPE_PEDESTRIAN_layer_5=0.240, ade_TYPE_CYCLIST_layer_5=-0.000, loss=164.354, lr=0.0001
2026-08-20 07:22:15,604   INFO  epoch: 26/50, acc_iter=14300, cur_iter=285/539, batch_size=8, iter_cost=0.45s, time_cost(epoch): 02:09/01:54, time_cost(all): 1:53:32/1:35:16, ade_TYPE_VEHICLE_layer_5=0.661, ade_TYPE_PEDESTRIAN_layer_5=0.160, ade_TYPE_CYCLIST_layer_5=-0.000, loss=77.905, lr=0.0001
2026-08-20 07:22:38,567   INFO  epoch: 26/50, acc_iter=14350, cur_iter=335/539, batch_size=8, iter_cost=0.45s, time_cost(epoch): 02:32/01:32, time_cost(all): 1:53:55/1:35:07, ade_TYPE_VEHICLE_layer_5=0.829, ade_TYPE_PEDESTRIAN_layer_5=0.150, ade_TYPE_CYCLIST_layer_5=-0.000, loss=90.161, lr=0.0001
2026-08-20 07:23:00,960   INFO  epoch: 26/50, acc_iter=14400, cur_iter=385/539, batch_size=8, iter_cost=0.45s, time_cost(epoch): 02:54/01:09, time_cost(all): 1:54:18/1:34:36, ade_TYPE_VEHICLE_layer_5=0.681, ade_TYPE_PEDESTRIAN_layer_5=0.497, ade_TYPE_CYCLIST_layer_5=-0.000, loss=222.338, lr=0.0001
2026-08-20 07:23:23,670   INFO  epoch: 26/50, acc_iter=14450, cur_iter=435/539, batch_size=8, iter_cost=0.45s, time_cost(epoch): 03:17/00:47, time_cost(all): 1:54:40/1:34:16, ade_TYPE_VEHICLE_layer_5=0.833, ade_TYPE_PEDESTRIAN_layer_5=0.239, ade_TYPE_CYCLIST_layer_5=-0.000, loss=183.958, lr=0.0001
2026-08-20 07:23:46,411   INFO  epoch: 26/50, acc_iter=14500, cur_iter=485/539, batch_size=8, iter_cost=0.45s, time_cost(epoch): 03:40/00:24, time_cost(all): 1:55:03/1:33:57, ade_TYPE_VEHICLE_layer_5=0.771, ade_TYPE_PEDESTRIAN_layer_5=0.125, ade_TYPE_CYCLIST_layer_5=0.271, loss=145.045, lr=0.0001
2026-08-20 07:24:08,553   INFO  epoch: 26/50, acc_iter=14550, cur_iter=535/539, batch_size=8, iter_cost=0.45s, time_cost(epoch): 04:02/00:01, time_cost(all): 1:55:25/1:33:23, ade_TYPE_VEHICLE_layer_5=0.641, ade_TYPE_PEDESTRIAN_layer_5=0.209, ade_TYPE_CYCLIST_layer_5=-0.000, loss=13.177, lr=0.0001
2026-08-20 07:24:09,700   INFO  epoch: 26/50, acc_iter=14553, cur_iter=538/539, batch_size=4, iter_cost=0.45s, time_cost(epoch): 04:03/00:00, time_cost(all): 1:55:26/1:33:17, ade_TYPE_VEHICLE_layer_5=0.615, ade_TYPE_PEDESTRIAN_layer_5=0.180, ade_TYPE_CYCLIST_layer_5=-0.000, loss=34.137, lr=0.0001
epochs:  54%|██████████████████████████████████████████████████████████████████████████████████████████████▌                                                                                | 27/50 [1:55:27<1:37:20, 253.94s/it]
2026-08-20 07:24:11,340   INFO  epoch: 27/50, acc_iter=14554, cur_iter=0/539, batch_size=8, iter_cost=0.88s, time_cost(epoch): 00:00/07:54, time_cost(all): 1:55:28/3:02:04, ade_TYPE_VEHICLE_layer_5=0.735, ade_TYPE_PEDESTRIAN_layer_5=0.213, ade_TYPE_CYCLIST_layer_5=0.799, loss=113.241, lr=0.0001
2026-08-20 07:24:32,384   INFO  epoch: 27/50, acc_iter=14600, cur_iter=46/539, batch_size=8, iter_cost=0.47s, time_cost(epoch): 00:21/03:49, time_cost(all): 1:55:49/1:36:01, ade_TYPE_VEHICLE_layer_5=0.730, ade_TYPE_PEDESTRIAN_layer_5=-0.000, ade_TYPE_CYCLIST_layer_5=-0.000, loss=153.094, lr=0.0001
2026-08-20 07:24:56,033   INFO  epoch: 27/50, acc_iter=14650, cur_iter=96/539, batch_size=8, iter_cost=0.47s, time_cost(epoch): 00:45/03:28, time_cost(all): 1:56:13/1:36:19, ade_TYPE_VEHICLE_layer_5=0.853, ade_TYPE_PEDESTRIAN_layer_5=0.355, ade_TYPE_CYCLIST_layer_5=0.877, loss=152.841, lr=0.0001
2026-08-20 07:25:18,401   INFO  epoch: 27/50, acc_iter=14700, cur_iter=146/539, batch_size=8, iter_cost=0.46s, time_cost(epoch): 01:07/03:01, time_cost(all): 1:56:35/1:34:22, ade_TYPE_VEHICLE_layer_5=0.729, ade_TYPE_PEDESTRIAN_layer_5=0.066, ade_TYPE_CYCLIST_layer_5=-0.000, loss=129.483, lr=0.0001
2026-08-20 07:25:41,746   INFO  epoch: 27/50, acc_iter=14750, cur_iter=196/539, batch_size=8, iter_cost=0.46s, time_cost(epoch): 01:31/02:38, time_cost(all): 1:56:58/1:34:13, ade_TYPE_VEHICLE_layer_5=0.862, ade_TYPE_PEDESTRIAN_layer_5=0.194, ade_TYPE_CYCLIST_layer_5=0.575, loss=114.504, lr=0.0001
2026-08-20 07:26:04,581   INFO  epoch: 27/50, acc_iter=14800, cur_iter=246/539, batch_size=8, iter_cost=0.46s, time_cost(epoch): 01:54/02:15, time_cost(all): 1:57:21/1:33:34, ade_TYPE_VEHICLE_layer_5=0.665, ade_TYPE_PEDESTRIAN_layer_5=0.190, ade_TYPE_CYCLIST_layer_5=0.831, loss=21.627, lr=0.0001
2026-08-20 07:26:27,750   INFO  epoch: 27/50, acc_iter=14850, cur_iter=296/539, batch_size=8, iter_cost=0.46s, time_cost(epoch): 02:17/01:52, time_cost(all): 1:57:44/1:33:13, ade_TYPE_VEHICLE_layer_5=0.947, ade_TYPE_PEDESTRIAN_layer_5=0.317, ade_TYPE_CYCLIST_layer_5=0.564, loss=175.635, lr=0.0001
2026-08-20 07:26:50,695   INFO  epoch: 27/50, acc_iter=14900, cur_iter=346/539, batch_size=8, iter_cost=0.46s, time_cost(epoch): 02:40/01:29, time_cost(all): 1:58:07/1:32:44, ade_TYPE_VEHICLE_layer_5=1.022, ade_TYPE_PEDESTRIAN_layer_5=0.384, ade_TYPE_CYCLIST_layer_5=-0.000, loss=142.512, lr=0.0001
2026-08-20 07:27:13,706   INFO  epoch: 27/50, acc_iter=14950, cur_iter=396/539, batch_size=8, iter_cost=0.46s, time_cost(epoch): 03:03/01:06, time_cost(all): 1:58:30/1:32:19, ade_TYPE_VEHICLE_layer_5=0.646, ade_TYPE_PEDESTRIAN_layer_5=0.208, ade_TYPE_CYCLIST_layer_5=0.363, loss=101.951, lr=0.0001
2026-08-20 07:27:37,139   INFO  epoch: 27/50, acc_iter=15000, cur_iter=446/539, batch_size=8, iter_cost=0.46s, time_cost(epoch): 03:26/00:43, time_cost(all): 1:58:54/1:32:05, ade_TYPE_VEHICLE_layer_5=0.690, ade_TYPE_PEDESTRIAN_layer_5=0.237, ade_TYPE_CYCLIST_layer_5=-0.000, loss=76.602, lr=0.0001
2026-08-20 07:27:59,826   INFO  epoch: 27/50, acc_iter=15050, cur_iter=496/539, batch_size=8, iter_cost=0.46s, time_cost(epoch): 03:49/00:19, time_cost(all): 1:59:17/1:31:32, ade_TYPE_VEHICLE_layer_5=0.637, ade_TYPE_PEDESTRIAN_layer_5=0.208, ade_TYPE_CYCLIST_layer_5=0.752, loss=95.719, lr=0.0001
2026-08-20 07:28:18,491   INFO  epoch: 27/50, acc_iter=15092, cur_iter=538/539, batch_size=4, iter_cost=0.46s, time_cost(epoch): 04:08/00:00, time_cost(all): 1:59:35/1:30:57, ade_TYPE_VEHICLE_layer_5=0.750, ade_TYPE_PEDESTRIAN_layer_5=-0.000, ade_TYPE_CYCLIST_layer_5=0.384, loss=151.547, lr=0.0001
2026-08-20 07:28:20,053   INFO  ==> Eval with EMA weights (epoch 28)
2026-08-20 07:28:20,160   INFO  *************** EPOCH 28 EVALUATION *****************
2026-08-20 07:28:21,024   INFO  eval: epoch=28, batch_iter=0/79, batch_size=8, iter_cost=0.86s, time_cost: 00:00/01:08, 
2026-08-20 07:28:22,021   INFO  eval: epoch=28, batch_iter=10/79, batch_size=8, iter_cost=0.19s, time_cost: 00:01/00:12, 
2026-08-20 07:28:23,056   INFO  eval: epoch=28, batch_iter=20/79, batch_size=8, iter_cost=0.14s, time_cost: 00:02/00:08, 
2026-08-20 07:28:24,087   INFO  eval: epoch=28, batch_iter=30/79, batch_size=8, iter_cost=0.13s, time_cost: 00:03/00:06, 
2026-08-20 07:28:25,151   INFO  eval: epoch=28, batch_iter=40/79, batch_size=8, iter_cost=0.12s, time_cost: 00:04/00:04, 
2026-08-20 07:28:26,176   INFO  eval: epoch=28, batch_iter=50/79, batch_size=8, iter_cost=0.12s, time_cost: 00:06/00:03, 
2026-08-20 07:28:27,211   INFO  eval: epoch=28, batch_iter=60/79, batch_size=8, iter_cost=0.12s, time_cost: 00:07/00:02, 
2026-08-20 07:28:28,178   INFO  eval: epoch=28, batch_iter=70/79, batch_size=8, iter_cost=0.11s, time_cost: 00:08/00:01, 
2026-08-20 07:28:28,874   INFO  eval: epoch=28, batch_iter=78/79, batch_size=1, iter_cost=0.11s, time_cost: 00:08/00:00, 
eval:   0%|                                                                                                                                                                                               | 0/79 [00:08<?, ?it/s]
2026-08-20 07:28:28,960   INFO  Total number of samples before merging from multiple GPUs: 625
2026-08-20 07:28:29,401   INFO  Total number of samples after merging from multiple GPUs (removing duplicate): 5000
2026-08-20 07:28:29,405   INFO  *************** Performance of EPOCH 28 *****************
2026-08-20 07:28:29,406   INFO  Generate label finished(sec_per_example: 0.0018 second).
Total number for evaluation (intput): 5000
Total number for evaluation (after processed): 22520
Total number for evaluation (intput): 5000
Total number for evaluation (after processed): 22520
Total number for evaluation (intput): 5000
Total number for evaluation (after processed): 22520
2026-08-20 07:28:35,485   INFO  
========== Evaluation @ 3s ==========
minADE - VEHICLE: 0.6248 
minADE - PEDESTRIAN: 0.1986 
minADE - CYCLIST: 0.4413 
minFDE - VEHICLE: 1.0437 
minFDE - PEDESTRIAN: 0.3718 
minFDE - CYCLIST: 0.7915 
MissRate - VEHICLE: 0.2563 
MissRate - PEDESTRIAN: 0.0957 
MissRate - CYCLIST: 0.2515 
OverlapRate - VEHICLE: 0.0105 
OverlapRate - PEDESTRIAN: 0.0644 
OverlapRate - CYCLIST: 0.0203 
mAP - VEHICLE: 0.1952 
mAP - PEDESTRIAN: 0.4753 
mAP - CYCLIST: 0.3979 
minADE: 0.4216 
minFDE: 0.7357 
MissRate: 0.2012 
mAP: 0.3561 
       Waymo          mAP       minADE       minFDE     MissRate            
      VEHICLE      0.1952,      0.6248,      1.0437,      0.2563,            
   PEDESTRIAN      0.4753,      0.1986,      0.3718,      0.0957,            
      CYCLIST      0.3979,      0.4413,      0.7915,      0.2515,            
          Avg      0.3561,      0.4216,      0.7357,      0.2012,            
========== Evaluation @ 5s ==========
minADE - VEHICLE: 0.8566 
minADE - PEDESTRIAN: 0.2912 
minADE - CYCLIST: 0.6279 
minFDE - VEHICLE: 1.4860 
minFDE - PEDESTRIAN: 0.5748 
minFDE - CYCLIST: 1.1937 
MissRate - VEHICLE: 0.2657 
MissRate - PEDESTRIAN: 0.1008 
MissRate - CYCLIST: 0.2546 
OverlapRate - VEHICLE: 0.0237 
OverlapRate - PEDESTRIAN: 0.0712 
OverlapRate - CYCLIST: 0.0326 
mAP - VEHICLE: 0.2067 
mAP - PEDESTRIAN: 0.5390 
mAP - CYCLIST: 0.2370 
minADE: 0.5919 
minFDE: 1.0848 
MissRate: 0.2070 
mAP: 0.3276 
       Waymo          mAP       minADE       minFDE     MissRate            
      VEHICLE      0.2067,      0.8566,      1.4860,      0.2657,            
   PEDESTRIAN      0.5390,      0.2912,      0.5748,      0.1008,            
      CYCLIST      0.2370,      0.6279,      1.1937,      0.2546,            
          Avg      0.3276,      0.5919,      1.0848,      0.2070,            
========== Evaluation @ 8s ==========
minADE - VEHICLE: 1.1862 
minADE - PEDESTRIAN: 0.4215 
minADE - CYCLIST: 0.8866 
minFDE - VEHICLE: 2.1727 
minFDE - PEDESTRIAN: 0.8916 
minFDE - CYCLIST: 1.7859 
MissRate - VEHICLE: 0.2848 
MissRate - PEDESTRIAN: 0.1111 
MissRate - CYCLIST: 0.2594 
OverlapRate - VEHICLE: 0.0429 
OverlapRate - PEDESTRIAN: 0.0776 
OverlapRate - CYCLIST: 0.0487 
mAP - VEHICLE: 0.2357 
mAP - PEDESTRIAN: 0.3337 
mAP - CYCLIST: 0.2592 
minADE: 0.8314 
minFDE: 1.6167 
MissRate: 0.2185 
mAP: 0.2762 
       Waymo          mAP       minADE       minFDE     MissRate            
      VEHICLE      0.2357,      1.1862,      2.1727,      0.2848,            
   PEDESTRIAN      0.3337,      0.4215,      0.8916,      0.1111,            
      CYCLIST      0.2592,      0.8866,      1.7859,      0.2594,            
          Avg      0.2762,      0.8314,      1.6167,      0.2185,            
2026-08-20 07:28:35,487   INFO  Result is save to /root/wanqinghua/MTR/output/waymo/mtr_voyah_data/mtr_with_qcnet_v2/eval/eval_with_train
2026-08-20 07:28:35,487   INFO  ****************Evaluation done.*****************
2026-08-20 07:28:36,523   INFO  Save best model to /root/wanqinghua/MTR/output/waymo/mtr_voyah_data/mtr_with_qcnet_v2/ckpt/best_model
2026-08-20 07:28:38,180   INFO  Save EMA best model to /root/wanqinghua/MTR/output/waymo/mtr_voyah_data/mtr_with_qcnet_v2/ckpt/best_model_ema
epochs:  56%|██████████████████████████████████████████████████████████████████████████████████████████████████                                                                             | 28/50 [1:59:55<1:34:41, 258.26s/it]
2026-08-20 07:28:39,667   INFO  epoch: 28/50, acc_iter=15093, cur_iter=0/539, batch_size=8, iter_cost=1.00s, time_cost(epoch): 00:00/08:57, time_cost(all): 1:59:56/3:17:08, ade_TYPE_VEHICLE_layer_5=0.776, ade_TYPE_PEDESTRIAN_layer_5=0.139, ade_TYPE_CYCLIST_layer_5=0.317, loss=146.699, lr=0.0001
2026-08-20 07:28:43,251   INFO  epoch: 28/50, acc_iter=15100, cur_iter=7/539, batch_size=8, iter_cost=0.57s, time_cost(epoch): 00:04/05:04, time_cost(all): 2:00:00/1:53:07, ade_TYPE_VEHICLE_layer_5=0.770, ade_TYPE_PEDESTRIAN_layer_5=0.215, ade_TYPE_CYCLIST_layer_5=0.917, loss=198.162, lr=0.0001
2026-08-20 07:29:05,786   INFO  epoch: 28/50, acc_iter=15150, cur_iter=57/539, batch_size=8, iter_cost=0.47s, time_cost(epoch): 00:27/03:45, time_cost(all): 2:00:22/1:31:57, ade_TYPE_VEHICLE_layer_5=0.756, ade_TYPE_PEDESTRIAN_layer_5=0.130, ade_TYPE_CYCLIST_layer_5=0.526, loss=76.882, lr=0.0001
2026-08-20 07:29:28,310   INFO  epoch: 28/50, acc_iter=15200, cur_iter=107/539, batch_size=8, iter_cost=0.46s, time_cost(epoch): 00:49/03:18, time_cost(all): 2:00:45/1:30:01, ade_TYPE_VEHICLE_layer_5=0.597, ade_TYPE_PEDESTRIAN_layer_5=0.207, ade_TYPE_CYCLIST_layer_5=0.905, loss=49.963, lr=0.0001
2026-08-20 07:29:51,077   INFO  epoch: 28/50, acc_iter=15250, cur_iter=157/539, batch_size=8, iter_cost=0.46s, time_cost(epoch): 01:12/02:55, time_cost(all): 2:01:08/1:29:22, ade_TYPE_VEHICLE_layer_5=0.667, ade_TYPE_PEDESTRIAN_layer_5=0.184, ade_TYPE_CYCLIST_layer_5=0.749, loss=77.145, lr=0.0001
2026-08-20 07:30:13,517   INFO  epoch: 28/50, acc_iter=15300, cur_iter=207/539, batch_size=8, iter_cost=0.46s, time_cost(epoch): 01:34/02:31, time_cost(all): 2:01:30/1:28:32, ade_TYPE_VEHICLE_layer_5=0.675, ade_TYPE_PEDESTRIAN_layer_5=0.249, ade_TYPE_CYCLIST_layer_5=-0.000, loss=111.611, lr=0.0001
2026-08-20 07:30:35,746   INFO  epoch: 28/50, acc_iter=15350, cur_iter=257/539, batch_size=8, iter_cost=0.45s, time_cost(epoch): 01:57/02:07, time_cost(all): 2:01:52/1:27:44, ade_TYPE_VEHICLE_layer_5=0.860, ade_TYPE_PEDESTRIAN_layer_5=0.217, ade_TYPE_CYCLIST_layer_5=-0.000, loss=103.015, lr=0.0001
2026-08-20 07:30:58,224   INFO  epoch: 28/50, acc_iter=15400, cur_iter=307/539, batch_size=8, iter_cost=0.45s, time_cost(epoch): 02:19/01:45, time_cost(all): 2:02:15/1:27:13, ade_TYPE_VEHICLE_layer_5=0.780, ade_TYPE_PEDESTRIAN_layer_5=0.191, ade_TYPE_CYCLIST_layer_5=-0.000, loss=59.683, lr=0.0001
2026-08-20 07:31:21,133   INFO  epoch: 28/50, acc_iter=15450, cur_iter=357/539, batch_size=8, iter_cost=0.45s, time_cost(epoch): 02:42/01:22, time_cost(all): 2:02:38/1:26:59, ade_TYPE_VEHICLE_layer_5=0.622, ade_TYPE_PEDESTRIAN_layer_5=-0.000, ade_TYPE_CYCLIST_layer_5=0.275, loss=107.678, lr=0.0001
2026-08-20 07:31:44,040   INFO  epoch: 28/50, acc_iter=15500, cur_iter=407/539, batch_size=8, iter_cost=0.45s, time_cost(epoch): 03:05/00:59, time_cost(all): 2:03:01/1:26:42, ade_TYPE_VEHICLE_layer_5=0.827, ade_TYPE_PEDESTRIAN_layer_5=0.155, ade_TYPE_CYCLIST_layer_5=-0.000, loss=140.307, lr=0.0001
2026-08-20 07:32:06,929   INFO  epoch: 28/50, acc_iter=15550, cur_iter=457/539, batch_size=8, iter_cost=0.45s, time_cost(epoch): 03:28/00:37, time_cost(all): 2:03:24/1:26:24, ade_TYPE_VEHICLE_layer_5=0.635, ade_TYPE_PEDESTRIAN_layer_5=0.180, ade_TYPE_CYCLIST_layer_5=0.389, loss=89.136, lr=0.0001
2026-08-20 07:32:29,593   INFO  epoch: 28/50, acc_iter=15600, cur_iter=507/539, batch_size=8, iter_cost=0.45s, time_cost(epoch): 03:50/00:14, time_cost(all): 2:03:46/1:25:59, ade_TYPE_VEHICLE_layer_5=0.667, ade_TYPE_PEDESTRIAN_layer_5=0.236, ade_TYPE_CYCLIST_layer_5=0.981, loss=136.314, lr=0.0001
2026-08-20 07:32:43,114   INFO  epoch: 28/50, acc_iter=15631, cur_iter=538/539, batch_size=4, iter_cost=0.45s, time_cost(epoch): 04:04/00:00, time_cost(all): 2:04:00/1:25:33, ade_TYPE_VEHICLE_layer_5=0.633, ade_TYPE_PEDESTRIAN_layer_5=0.536, ade_TYPE_CYCLIST_layer_5=0.310, loss=-8.998, lr=0.0001
epochs:  58%|█████████████████████████████████████████████████████████████████████████████████████████████████████▌                                                                         | 29/50 [2:04:00<1:29:00, 254.31s/it]
2026-08-20 07:32:44,970   INFO  epoch: 29/50, acc_iter=15632, cur_iter=0/539, batch_size=8, iter_cost=1.09s, time_cost(epoch): 00:01/09:45, time_cost(all): 2:04:02/3:24:48, ade_TYPE_VEHICLE_layer_5=0.823, ade_TYPE_PEDESTRIAN_layer_5=0.125, ade_TYPE_CYCLIST_layer_5=-0.000, loss=126.534, lr=0.0001
2026-08-20 07:32:53,230   INFO  epoch: 29/50, acc_iter=15650, cur_iter=18/539, batch_size=8, iter_cost=0.49s, time_cost(epoch): 00:09/04:16, time_cost(all): 2:04:10/1:32:38, ade_TYPE_VEHICLE_layer_5=0.759, ade_TYPE_PEDESTRIAN_layer_5=0.297, ade_TYPE_CYCLIST_layer_5=-0.000, loss=106.272, lr=0.0001
2026-08-20 07:33:16,323   INFO  epoch: 29/50, acc_iter=15700, cur_iter=68/539, batch_size=8, iter_cost=0.47s, time_cost(epoch): 00:32/03:41, time_cost(all): 2:04:33/1:28:09, ade_TYPE_VEHICLE_layer_5=0.746, ade_TYPE_PEDESTRIAN_layer_5=0.319, ade_TYPE_CYCLIST_layer_5=-0.000, loss=112.308, lr=0.0001
2026-08-20 07:33:39,831   INFO  epoch: 29/50, acc_iter=15750, cur_iter=118/539, batch_size=8, iter_cost=0.47s, time_cost(epoch): 00:55/03:17, time_cost(all): 2:04:57/1:27:46, ade_TYPE_VEHICLE_layer_5=0.706, ade_TYPE_PEDESTRIAN_layer_5=0.178, ade_TYPE_CYCLIST_layer_5=-0.000, loss=167.120, lr=0.0001
2026-08-20 07:34:02,672   INFO  epoch: 29/50, acc_iter=15800, cur_iter=168/539, batch_size=8, iter_cost=0.47s, time_cost(epoch): 01:18/02:52, time_cost(all): 2:05:19/1:26:38, ade_TYPE_VEHICLE_layer_5=0.634, ade_TYPE_PEDESTRIAN_layer_5=0.206, ade_TYPE_CYCLIST_layer_5=-0.000, loss=147.613, lr=0.0001
2026-08-20 07:34:25,928   INFO  epoch: 29/50, acc_iter=15850, cur_iter=218/539, batch_size=8, iter_cost=0.47s, time_cost(epoch): 01:42/02:29, time_cost(all): 2:05:43/1:26:12, ade_TYPE_VEHICLE_layer_5=0.716, ade_TYPE_PEDESTRIAN_layer_5=0.180, ade_TYPE_CYCLIST_layer_5=0.506, loss=76.461, lr=0.0001
2026-08-20 07:34:48,183   INFO  epoch: 29/50, acc_iter=15900, cur_iter=268/539, batch_size=8, iter_cost=0.46s, time_cost(epoch): 02:04/02:05, time_cost(all): 2:06:05/1:25:06, ade_TYPE_VEHICLE_layer_5=0.617, ade_TYPE_PEDESTRIAN_layer_5=0.195, ade_TYPE_CYCLIST_layer_5=-0.000, loss=68.796, lr=0.0001
2026-08-20 07:35:11,151   INFO  epoch: 29/50, acc_iter=15950, cur_iter=318/539, batch_size=8, iter_cost=0.46s, time_cost(epoch): 02:27/01:42, time_cost(all): 2:06:28/1:24:38, ade_TYPE_VEHICLE_layer_5=0.544, ade_TYPE_PEDESTRIAN_layer_5=0.224, ade_TYPE_CYCLIST_layer_5=0.540, loss=10.372, lr=0.0001
2026-08-20 07:35:33,813   INFO  epoch: 29/50, acc_iter=16000, cur_iter=368/539, batch_size=8, iter_cost=0.46s, time_cost(epoch): 02:49/01:18, time_cost(all): 2:06:51/1:24:03, ade_TYPE_VEHICLE_layer_5=0.660, ade_TYPE_PEDESTRIAN_layer_5=0.196, ade_TYPE_CYCLIST_layer_5=-0.000, loss=111.979, lr=0.0001
2026-08-20 07:35:56,574   INFO  epoch: 29/50, acc_iter=16050, cur_iter=418/539, batch_size=8, iter_cost=0.46s, time_cost(epoch): 03:12/00:55, time_cost(all): 2:07:13/1:23:33, ade_TYPE_VEHICLE_layer_5=0.686, ade_TYPE_PEDESTRIAN_layer_5=0.215, ade_TYPE_CYCLIST_layer_5=-0.000, loss=155.401, lr=0.0001
2026-08-20 07:36:18,659   INFO  epoch: 29/50, acc_iter=16100, cur_iter=468/539, batch_size=8, iter_cost=0.46s, time_cost(epoch): 03:34/00:32, time_cost(all): 2:07:35/1:22:49, ade_TYPE_VEHICLE_layer_5=0.688, ade_TYPE_PEDESTRIAN_layer_5=0.276, ade_TYPE_CYCLIST_layer_5=-0.000, loss=80.188, lr=0.0001
2026-08-20 07:36:40,624   INFO  epoch: 29/50, acc_iter=16150, cur_iter=518/539, batch_size=8, iter_cost=0.46s, time_cost(epoch): 03:56/00:09, time_cost(all): 2:07:57/1:22:06, ade_TYPE_VEHICLE_layer_5=0.796, ade_TYPE_PEDESTRIAN_layer_5=0.398, ade_TYPE_CYCLIST_layer_5=0.765, loss=94.647, lr=0.0001
2026-08-20 07:36:49,319   INFO  epoch: 29/50, acc_iter=16170, cur_iter=538/539, batch_size=4, iter_cost=0.46s, time_cost(epoch): 04:05/00:00, time_cost(all): 2:08:06/1:21:49, ade_TYPE_VEHICLE_layer_5=0.630, ade_TYPE_PEDESTRIAN_layer_5=0.230, ade_TYPE_CYCLIST_layer_5=-0.000, loss=87.387, lr=0.0001
2026-08-20 07:36:50,831   INFO  ==> Eval with EMA weights (epoch 30)
2026-08-20 07:36:50,945   INFO  *************** EPOCH 30 EVALUATION *****************
2026-08-20 07:36:51,799   INFO  eval: epoch=30, batch_iter=0/79, batch_size=8, iter_cost=0.85s, time_cost: 00:00/01:07, 
2026-08-20 07:36:52,781   INFO  eval: epoch=30, batch_iter=10/79, batch_size=8, iter_cost=0.18s, time_cost: 00:01/00:12, 
2026-08-20 07:36:53,807   INFO  eval: epoch=30, batch_iter=20/79, batch_size=8, iter_cost=0.14s, time_cost: 00:02/00:08, 
2026-08-20 07:36:54,836   INFO  eval: epoch=30, batch_iter=30/79, batch_size=8, iter_cost=0.13s, time_cost: 00:03/00:06, 
2026-08-20 07:36:55,888   INFO  eval: epoch=30, batch_iter=40/79, batch_size=8, iter_cost=0.12s, time_cost: 00:04/00:04, 
2026-08-20 07:36:56,912   INFO  eval: epoch=30, batch_iter=50/79, batch_size=8, iter_cost=0.12s, time_cost: 00:05/00:03, 
2026-08-20 07:36:57,939   INFO  eval: epoch=30, batch_iter=60/79, batch_size=8, iter_cost=0.12s, time_cost: 00:06/00:02, 
2026-08-20 07:36:58,913   INFO  eval: epoch=30, batch_iter=70/79, batch_size=8, iter_cost=0.11s, time_cost: 00:07/00:01, 
2026-08-20 07:36:59,611   INFO  eval: epoch=30, batch_iter=78/79, batch_size=1, iter_cost=0.11s, time_cost: 00:08/00:00, 
eval:   0%|                                                                                                                                                                                               | 0/79 [00:08<?, ?it/s]
2026-08-20 07:36:59,694   INFO  Total number of samples before merging from multiple GPUs: 625
2026-08-20 07:37:00,388   INFO  Total number of samples after merging from multiple GPUs (removing duplicate): 5000
2026-08-20 07:37:00,389   INFO  *************** Performance of EPOCH 30 *****************
2026-08-20 07:37:00,389   INFO  Generate label finished(sec_per_example: 0.0019 second).
Total number for evaluation (intput): 5000
Total number for evaluation (after processed): 22520
Total number for evaluation (intput): 5000
Total number for evaluation (after processed): 22520
Total number for evaluation (intput): 5000
Total number for evaluation (after processed): 22520
2026-08-20 07:37:06,677   INFO  
========== Evaluation @ 3s ==========
minADE - VEHICLE: 0.4948 
minADE - PEDESTRIAN: 0.2024 
minADE - CYCLIST: 0.4045 
minFDE - VEHICLE: 0.8641 
minFDE - PEDESTRIAN: 0.3764 
minFDE - CYCLIST: 0.7445 
MissRate - VEHICLE: 0.2031 
MissRate - PEDESTRIAN: 0.0810 
MissRate - CYCLIST: 0.2529 
OverlapRate - VEHICLE: 0.0091 
OverlapRate - PEDESTRIAN: 0.0636 
OverlapRate - CYCLIST: 0.0246 
mAP - VEHICLE: 0.2414 
mAP - PEDESTRIAN: 0.5247 
mAP - CYCLIST: 0.4291 
minADE: 0.3672 
minFDE: 0.6617 
MissRate: 0.1790 
mAP: 0.3984 
       Waymo          mAP       minADE       minFDE     MissRate            
      VEHICLE      0.2414,      0.4948,      0.8641,      0.2031,            
   PEDESTRIAN      0.5247,      0.2024,      0.3764,      0.0810,            
      CYCLIST      0.4291,      0.4045,      0.7445,      0.2529,            
          Avg      0.3984,      0.3672,      0.6617,      0.1790,            
========== Evaluation @ 5s ==========
minADE - VEHICLE: 0.7118 
minADE - PEDESTRIAN: 0.2936 
minADE - CYCLIST: 0.5831 
minFDE - VEHICLE: 1.3111 
minFDE - PEDESTRIAN: 0.5730 
minFDE - CYCLIST: 1.1366 
MissRate - VEHICLE: 0.2203 
MissRate - PEDESTRIAN: 0.0937 
MissRate - CYCLIST: 0.2605 
OverlapRate - VEHICLE: 0.0217 
OverlapRate - PEDESTRIAN: 0.0708 
OverlapRate - CYCLIST: 0.0369 
mAP - VEHICLE: 0.2399 
mAP - PEDESTRIAN: 0.5479 
mAP - CYCLIST: 0.2857 
minADE: 0.5295 
minFDE: 1.0069 
MissRate: 0.1915 
mAP: 0.3578 
       Waymo          mAP       minADE       minFDE     MissRate            
      VEHICLE      0.2399,      0.7118,      1.3111,      0.2203,            
   PEDESTRIAN      0.5479,      0.2936,      0.5730,      0.0937,            
      CYCLIST      0.2857,      0.5831,      1.1366,      0.2605,            
          Avg      0.3578,      0.5295,      1.0069,      0.1915,            
========== Evaluation @ 8s ==========
minADE - VEHICLE: 1.0324 
minADE - PEDESTRIAN: 0.4214 
minADE - CYCLIST: 0.8293 
minFDE - VEHICLE: 2.0459 
minFDE - PEDESTRIAN: 0.8862 
minFDE - CYCLIST: 1.6825 
MissRate - VEHICLE: 0.2502 
MissRate - PEDESTRIAN: 0.1036 
MissRate - CYCLIST: 0.2640 
OverlapRate - VEHICLE: 0.0408 
OverlapRate - PEDESTRIAN: 0.0768 
OverlapRate - CYCLIST: 0.0497 
mAP - VEHICLE: 0.2627 
mAP - PEDESTRIAN: 0.3399 
mAP - CYCLIST: 0.2860 
minADE: 0.7610 
minFDE: 1.5382 
MissRate: 0.2060 
mAP: 0.2962 
       Waymo          mAP       minADE       minFDE     MissRate            
      VEHICLE      0.2627,      1.0324,      2.0459,      0.2502,            
   PEDESTRIAN      0.3399,      0.4214,      0.8862,      0.1036,            
      CYCLIST      0.2860,      0.8293,      1.6825,      0.2640,            
          Avg      0.2962,      0.7610,      1.5382,      0.2060,            
2026-08-20 07:37:06,678   INFO  Result is save to /root/wanqinghua/MTR/output/waymo/mtr_voyah_data/mtr_with_qcnet_v2/eval/eval_with_train
2026-08-20 07:37:06,678   INFO  ****************Evaluation done.*****************
2026-08-20 07:37:07,721   INFO  Save best model to /root/wanqinghua/MTR/output/waymo/mtr_voyah_data/mtr_with_qcnet_v2/ckpt/best_model
2026-08-20 07:37:09,369   INFO  Save EMA best model to /root/wanqinghua/MTR/output/waymo/mtr_voyah_data/mtr_with_qcnet_v2/ckpt/best_model_ema
epochs:  60%|█████████████████████████████████████████████████████████████████████████████████████████████████████████                                                                      | 30/50 [2:08:26<1:25:56, 257.85s/it]
2026-08-20 07:37:10,812   INFO  epoch: 30/50, acc_iter=16171, cur_iter=0/539, batch_size=8, iter_cost=0.96s, time_cost(epoch): 00:00/08:36, time_cost(all): 2:08:28/2:52:03, ade_TYPE_VEHICLE_layer_5=0.785, ade_TYPE_PEDESTRIAN_layer_5=0.384, ade_TYPE_CYCLIST_layer_5=0.545, loss=122.045, lr=0.0001
2026-08-20 07:37:24,236   INFO  epoch: 30/50, acc_iter=16200, cur_iter=29/539, batch_size=8, iter_cost=0.48s, time_cost(epoch): 00:14/04:04, time_cost(all): 2:08:41/1:25:53, ade_TYPE_VEHICLE_layer_5=0.594, ade_TYPE_PEDESTRIAN_layer_5=0.204, ade_TYPE_CYCLIST_layer_5=0.555, loss=109.496, lr=0.0001
2026-08-20 07:37:47,326   INFO  epoch: 30/50, acc_iter=16250, cur_iter=79/539, batch_size=8, iter_cost=0.47s, time_cost(epoch): 00:37/03:35, time_cost(all): 2:09:04/1:23:32, ade_TYPE_VEHICLE_layer_5=0.758, ade_TYPE_PEDESTRIAN_layer_5=0.195, ade_TYPE_CYCLIST_layer_5=0.362, loss=124.503, lr=0.0001
2026-08-20 07:38:09,751   INFO  epoch: 30/50, acc_iter=16300, cur_iter=129/539, batch_size=8, iter_cost=0.46s, time_cost(epoch): 00:59/03:08, time_cost(all): 2:09:26/1:21:47, ade_TYPE_VEHICLE_layer_5=0.717, ade_TYPE_PEDESTRIAN_layer_5=0.175, ade_TYPE_CYCLIST_layer_5=-0.000, loss=122.183, lr=0.0001
2026-08-20 07:38:32,881   INFO  epoch: 30/50, acc_iter=16350, cur_iter=179/539, batch_size=8, iter_cost=0.46s, time_cost(epoch): 01:23/02:46, time_cost(all): 2:09:50/1:21:29, ade_TYPE_VEHICLE_layer_5=0.641, ade_TYPE_PEDESTRIAN_layer_5=0.189, ade_TYPE_CYCLIST_layer_5=0.260, loss=61.371, lr=0.0001
2026-08-20 07:38:54,700   INFO  epoch: 30/50, acc_iter=16400, cur_iter=229/539, batch_size=8, iter_cost=0.46s, time_cost(epoch): 01:44/02:21, time_cost(all): 2:10:11/1:20:09, ade_TYPE_VEHICLE_layer_5=0.649, ade_TYPE_PEDESTRIAN_layer_5=0.233, ade_TYPE_CYCLIST_layer_5=0.345, loss=137.596, lr=0.0001
2026-08-20 07:39:17,933   INFO  epoch: 30/50, acc_iter=16450, cur_iter=279/539, batch_size=8, iter_cost=0.46s, time_cost(epoch): 02:08/01:58, time_cost(all): 2:10:35/1:20:03, ade_TYPE_VEHICLE_layer_5=0.767, ade_TYPE_PEDESTRIAN_layer_5=0.298, ade_TYPE_CYCLIST_layer_5=0.291, loss=114.143, lr=0.0001
2026-08-20 07:39:40,571   INFO  epoch: 30/50, acc_iter=16500, cur_iter=329/539, batch_size=8, iter_cost=0.46s, time_cost(epoch): 02:30/01:35, time_cost(all): 2:10:57/1:19:33, ade_TYPE_VEHICLE_layer_5=0.824, ade_TYPE_PEDESTRIAN_layer_5=0.169, ade_TYPE_CYCLIST_layer_5=-0.000, loss=204.231, lr=0.0001
2026-08-20 07:40:04,023   INFO  epoch: 30/50, acc_iter=16550, cur_iter=379/539, batch_size=8, iter_cost=0.46s, time_cost(epoch): 02:54/01:13, time_cost(all): 2:11:21/1:19:27, ade_TYPE_VEHICLE_layer_5=0.570, ade_TYPE_PEDESTRIAN_layer_5=0.227, ade_TYPE_CYCLIST_layer_5=0.402, loss=75.798, lr=0.0001
2026-08-20 07:40:26,844   INFO  epoch: 30/50, acc_iter=16600, cur_iter=429/539, batch_size=8, iter_cost=0.46s, time_cost(epoch): 03:16/00:50, time_cost(all): 2:11:44/1:19:01, ade_TYPE_VEHICLE_layer_5=0.800, ade_TYPE_PEDESTRIAN_layer_5=0.154, ade_TYPE_CYCLIST_layer_5=-0.000, loss=265.413, lr=0.0001
2026-08-20 07:40:49,387   INFO  epoch: 30/50, acc_iter=16650, cur_iter=479/539, batch_size=8, iter_cost=0.46s, time_cost(epoch): 03:39/00:27, time_cost(all): 2:12:06/1:18:31, ade_TYPE_VEHICLE_layer_5=0.702, ade_TYPE_PEDESTRIAN_layer_5=0.233, ade_TYPE_CYCLIST_layer_5=0.803, loss=50.746, lr=0.0001
2026-08-20 07:41:13,052   INFO  epoch: 30/50, acc_iter=16700, cur_iter=529/539, batch_size=8, iter_cost=0.46s, time_cost(epoch): 04:03/00:04, time_cost(all): 2:12:30/1:18:23, ade_TYPE_VEHICLE_layer_5=0.621, ade_TYPE_PEDESTRIAN_layer_5=0.235, ade_TYPE_CYCLIST_layer_5=0.418, loss=70.926, lr=0.0001
2026-08-20 07:41:16,772   INFO  epoch: 30/50, acc_iter=16709, cur_iter=538/539, batch_size=4, iter_cost=0.46s, time_cost(epoch): 04:06/00:00, time_cost(all): 2:12:33/1:18:11, ade_TYPE_VEHICLE_layer_5=0.668, ade_TYPE_PEDESTRIAN_layer_5=0.601, ade_TYPE_CYCLIST_layer_5=0.382, loss=65.505, lr=0.0001
epochs:  62%|████████████████████████████████████████████████████████████████████████████████████████████████████████████▌                                                                  | 31/50 [2:12:34<1:20:40, 254.76s/it]
2026-08-20 07:41:18,635   INFO  epoch: 31/50, acc_iter=16710, cur_iter=0/539, batch_size=8, iter_cost=1.09s, time_cost(epoch): 00:01/09:50, time_cost(all): 2:12:35/3:06:50, ade_TYPE_VEHICLE_layer_5=0.809, ade_TYPE_PEDESTRIAN_layer_5=0.114, ade_TYPE_CYCLIST_layer_5=0.668, loss=74.004, lr=0.0001
2026-08-20 07:41:36,570   INFO  epoch: 31/50, acc_iter=16750, cur_iter=40/539, batch_size=8, iter_cost=0.46s, time_cost(epoch): 00:19/03:51, time_cost(all): 2:12:53/1:18:54, ade_TYPE_VEHICLE_layer_5=0.847, ade_TYPE_PEDESTRIAN_layer_5=0.321, ade_TYPE_CYCLIST_layer_5=0.877, loss=145.246, lr=0.0001
2026-08-20 07:41:59,795   INFO  epoch: 31/50, acc_iter=16800, cur_iter=90/539, batch_size=8, iter_cost=0.46s, time_cost(epoch): 00:42/03:28, time_cost(all): 2:13:16/1:18:33, ade_TYPE_VEHICLE_layer_5=0.747, ade_TYPE_PEDESTRIAN_layer_5=0.431, ade_TYPE_CYCLIST_layer_5=0.606, loss=80.520, lr=0.0001
2026-08-20 07:42:22,759   INFO  epoch: 31/50, acc_iter=16850, cur_iter=140/539, batch_size=8, iter_cost=0.46s, time_cost(epoch): 01:05/03:04, time_cost(all): 2:13:39/1:17:52, ade_TYPE_VEHICLE_layer_5=0.687, ade_TYPE_PEDESTRIAN_layer_5=0.267, ade_TYPE_CYCLIST_layer_5=-0.000, loss=109.292, lr=0.0001
2026-08-20 07:42:45,601   INFO  epoch: 31/50, acc_iter=16900, cur_iter=190/539, batch_size=8, iter_cost=0.46s, time_cost(epoch): 01:28/02:40, time_cost(all): 2:14:02/1:17:14, ade_TYPE_VEHICLE_layer_5=0.798, ade_TYPE_PEDESTRIAN_layer_5=0.140, ade_TYPE_CYCLIST_layer_5=0.356, loss=52.059, lr=0.0001
2026-08-20 07:43:09,652   INFO  epoch: 31/50, acc_iter=16950, cur_iter=240/539, batch_size=8, iter_cost=0.47s, time_cost(epoch): 01:52/02:19, time_cost(all): 2:14:26/1:17:32, ade_TYPE_VEHICLE_layer_5=0.735, ade_TYPE_PEDESTRIAN_layer_5=0.282, ade_TYPE_CYCLIST_layer_5=-0.000, loss=198.645, lr=0.0001
2026-08-20 07:43:32,244   INFO  epoch: 31/50, acc_iter=17000, cur_iter=290/539, batch_size=8, iter_cost=0.46s, time_cost(epoch): 02:14/01:55, time_cost(all): 2:14:49/1:16:46, ade_TYPE_VEHICLE_layer_5=0.735, ade_TYPE_PEDESTRIAN_layer_5=0.260, ade_TYPE_CYCLIST_layer_5=-0.000, loss=-53.285, lr=0.0001
2026-08-20 07:43:55,318   INFO  epoch: 31/50, acc_iter=17050, cur_iter=340/539, batch_size=8, iter_cost=0.46s, time_cost(epoch): 02:37/01:32, time_cost(all): 2:15:12/1:16:21, ade_TYPE_VEHICLE_layer_5=0.656, ade_TYPE_PEDESTRIAN_layer_5=0.235, ade_TYPE_CYCLIST_layer_5=0.423, loss=130.584, lr=0.0001
2026-08-20 07:44:18,034   INFO  epoch: 31/50, acc_iter=17100, cur_iter=390/539, batch_size=8, iter_cost=0.46s, time_cost(epoch): 03:00/01:08, time_cost(all): 2:15:35/1:15:47, ade_TYPE_VEHICLE_layer_5=0.683, ade_TYPE_PEDESTRIAN_layer_5=0.209, ade_TYPE_CYCLIST_layer_5=-0.000, loss=59.587, lr=0.0001
2026-08-20 07:44:40,294   INFO  epoch: 31/50, acc_iter=17150, cur_iter=440/539, batch_size=8, iter_cost=0.46s, time_cost(epoch): 03:22/00:45, time_cost(all): 2:15:57/1:15:06, ade_TYPE_VEHICLE_layer_5=0.671, ade_TYPE_PEDESTRIAN_layer_5=0.102, ade_TYPE_CYCLIST_layer_5=0.580, loss=42.348, lr=0.0001
2026-08-20 07:45:03,184   INFO  epoch: 31/50, acc_iter=17200, cur_iter=490/539, batch_size=8, iter_cost=0.46s, time_cost(epoch): 03:45/00:22, time_cost(all): 2:16:20/1:14:41, ade_TYPE_VEHICLE_layer_5=0.632, ade_TYPE_PEDESTRIAN_layer_5=0.157, ade_TYPE_CYCLIST_layer_5=0.123, loss=92.992, lr=0.0001
2026-08-20 07:45:23,967   INFO  epoch: 31/50, acc_iter=17248, cur_iter=538/539, batch_size=4, iter_cost=0.46s, time_cost(epoch): 04:06/00:00, time_cost(all): 2:16:41/1:13:56, ade_TYPE_VEHICLE_layer_5=0.870, ade_TYPE_PEDESTRIAN_layer_5=0.175, ade_TYPE_CYCLIST_layer_5=0.390, loss=105.962, lr=0.0001
2026-08-20 07:45:25,464   INFO  ==> Eval with EMA weights (epoch 32)
2026-08-20 07:45:25,581   INFO  *************** EPOCH 32 EVALUATION *****************
2026-08-20 07:45:26,443   INFO  eval: epoch=32, batch_iter=0/79, batch_size=8, iter_cost=0.86s, time_cost: 00:00/01:07, 
2026-08-20 07:45:27,482   INFO  eval: epoch=32, batch_iter=10/79, batch_size=8, iter_cost=0.19s, time_cost: 00:01/00:13, 
2026-08-20 07:45:28,508   INFO  eval: epoch=32, batch_iter=20/79, batch_size=8, iter_cost=0.15s, time_cost: 00:02/00:08, 
2026-08-20 07:45:29,536   INFO  eval: epoch=32, batch_iter=30/79, batch_size=8, iter_cost=0.13s, time_cost: 00:03/00:06, 
2026-08-20 07:45:30,657   INFO  eval: epoch=32, batch_iter=40/79, batch_size=8, iter_cost=0.13s, time_cost: 00:05/00:04, 
2026-08-20 07:45:31,730   INFO  eval: epoch=32, batch_iter=50/79, batch_size=8, iter_cost=0.12s, time_cost: 00:06/00:03, 
2026-08-20 07:45:32,776   INFO  eval: epoch=32, batch_iter=60/79, batch_size=8, iter_cost=0.12s, time_cost: 00:07/00:02, 
2026-08-20 07:45:33,743   INFO  eval: epoch=32, batch_iter=70/79, batch_size=8, iter_cost=0.12s, time_cost: 00:08/00:01, 
2026-08-20 07:45:34,443   INFO  eval: epoch=32, batch_iter=78/79, batch_size=1, iter_cost=0.11s, time_cost: 00:08/00:00, 
eval:   0%|                                                                                                                                                                                               | 0/79 [00:08<?, ?it/s]
2026-08-20 07:45:34,522   INFO  Total number of samples before merging from multiple GPUs: 625
2026-08-20 07:45:34,960   INFO  Total number of samples after merging from multiple GPUs (removing duplicate): 5000
2026-08-20 07:45:34,965   INFO  *************** Performance of EPOCH 32 *****************
2026-08-20 07:45:34,965   INFO  Generate label finished(sec_per_example: 0.0019 second).
Total number for evaluation (intput): 5000
Total number for evaluation (after processed): 22520
Total number for evaluation (intput): 5000
Total number for evaluation (after processed): 22520
Total number for evaluation (intput): 5000
Total number for evaluation (after processed): 22520
2026-08-20 07:45:41,358   INFO  
========== Evaluation @ 3s ==========
minADE - VEHICLE: 0.4824 
minADE - PEDESTRIAN: 0.2063 
minADE - CYCLIST: 0.4240 
minFDE - VEHICLE: 0.8750 
minFDE - PEDESTRIAN: 0.3775 
minFDE - CYCLIST: 0.7444 
MissRate - VEHICLE: 0.2094 
MissRate - PEDESTRIAN: 0.0931 
MissRate - CYCLIST: 0.2544 
OverlapRate - VEHICLE: 0.0104 
OverlapRate - PEDESTRIAN: 0.0640 
OverlapRate - CYCLIST: 0.0203 
mAP - VEHICLE: 0.2643 
mAP - PEDESTRIAN: 0.4738 
mAP - CYCLIST: 0.4354 
minADE: 0.3709 
minFDE: 0.6656 
MissRate: 0.1856 
mAP: 0.3912 
       Waymo          mAP       minADE       minFDE     MissRate            
      VEHICLE      0.2643,      0.4824,      0.8750,      0.2094,            
   PEDESTRIAN      0.4738,      0.2063,      0.3775,      0.0931,            
      CYCLIST      0.4354,      0.4240,      0.7444,      0.2544,            
          Avg      0.3912,      0.3709,      0.6656,      0.1856,            
========== Evaluation @ 5s ==========
minADE - VEHICLE: 0.7074 
minADE - PEDESTRIAN: 0.2983 
minADE - CYCLIST: 0.6044 
minFDE - VEHICLE: 1.3416 
minFDE - PEDESTRIAN: 0.5802 
minFDE - CYCLIST: 1.1366 
MissRate - VEHICLE: 0.2277 
MissRate - PEDESTRIAN: 0.1018 
MissRate - CYCLIST: 0.2561 
OverlapRate - VEHICLE: 0.0226 
OverlapRate - PEDESTRIAN: 0.0719 
OverlapRate - CYCLIST: 0.0333 
mAP - VEHICLE: 0.2568 
mAP - PEDESTRIAN: 0.5391 
mAP - CYCLIST: 0.3183 
minADE: 0.5367 
minFDE: 1.0195 
MissRate: 0.1952 
mAP: 0.3714 
       Waymo          mAP       minADE       minFDE     MissRate            
      VEHICLE      0.2568,      0.7074,      1.3416,      0.2277,            
   PEDESTRIAN      0.5391,      0.2983,      0.5802,      0.1018,            
      CYCLIST      0.3183,      0.6044,      1.1366,      0.2561,            
          Avg      0.3714,      0.5367,      1.0195,      0.1952,            
========== Evaluation @ 8s ==========
minADE - VEHICLE: 1.0231 
minADE - PEDESTRIAN: 0.4264 
minADE - CYCLIST: 0.8537 
minFDE - VEHICLE: 2.0404 
minFDE - PEDESTRIAN: 0.8876 
minFDE - CYCLIST: 1.7082 
MissRate - VEHICLE: 0.2534 
MissRate - PEDESTRIAN: 0.1145 
MissRate - CYCLIST: 0.2592 
OverlapRate - VEHICLE: 0.0421 
OverlapRate - PEDESTRIAN: 0.0791 
OverlapRate - CYCLIST: 0.0444 
mAP - VEHICLE: 0.2669 
mAP - PEDESTRIAN: 0.3431 
mAP - CYCLIST: 0.2507 
minADE: 0.7678 
minFDE: 1.5454 
MissRate: 0.2090 
mAP: 0.2869 
       Waymo          mAP       minADE       minFDE     MissRate            
      VEHICLE      0.2669,      1.0231,      2.0404,      0.2534,            
   PEDESTRIAN      0.3431,      0.4264,      0.8876,      0.1145,            
      CYCLIST      0.2507,      0.8537,      1.7082,      0.2592,            
          Avg      0.2869,      0.7678,      1.5454,      0.2090,            
2026-08-20 07:45:41,359   INFO  Result is save to /root/wanqinghua/MTR/output/waymo/mtr_voyah_data/mtr_with_qcnet_v2/eval/eval_with_train
2026-08-20 07:45:41,360   INFO  ****************Evaluation done.*****************
epochs:  64%|████████████████████████████████████████████████████████████████████████████████████████████████████████████████                                                               | 32/50 [2:16:58<1:17:18, 257.68s/it]
2026-08-20 07:45:42,810   INFO  epoch: 32/50, acc_iter=17249, cur_iter=0/539, batch_size=8, iter_cost=0.92s, time_cost(epoch): 00:00/08:15, time_cost(all): 2:17:00/2:28:33, ade_TYPE_VEHICLE_layer_5=0.728, ade_TYPE_PEDESTRIAN_layer_5=0.188, ade_TYPE_CYCLIST_layer_5=0.661, loss=151.657, lr=0.0001
2026-08-20 07:45:43,262   INFO  epoch: 32/50, acc_iter=17250, cur_iter=1/539, batch_size=8, iter_cost=0.69s, time_cost(epoch): 00:01/06:08, time_cost(all): 2:17:00/1:50:51, ade_TYPE_VEHICLE_layer_5=0.647, ade_TYPE_PEDESTRIAN_layer_5=0.252, ade_TYPE_CYCLIST_layer_5=0.587, loss=79.820, lr=0.0001
2026-08-20 07:46:06,614   INFO  epoch: 32/50, acc_iter=17300, cur_iter=51/539, batch_size=8, iter_cost=0.48s, time_cost(epoch): 00:24/03:52, time_cost(all): 2:17:23/1:16:28, ade_TYPE_VEHICLE_layer_5=0.895, ade_TYPE_PEDESTRIAN_layer_5=0.280, ade_TYPE_CYCLIST_layer_5=0.334, loss=111.895, lr=0.0001
2026-08-20 07:46:29,086   INFO  epoch: 32/50, acc_iter=17350, cur_iter=101/539, batch_size=8, iter_cost=0.46s, time_cost(epoch): 00:47/03:22, time_cost(all): 2:17:46/1:14:02, ade_TYPE_VEHICLE_layer_5=0.623, ade_TYPE_PEDESTRIAN_layer_5=0.137, ade_TYPE_CYCLIST_layer_5=-0.000, loss=148.002, lr=0.0001
2026-08-20 07:46:51,981   INFO  epoch: 32/50, acc_iter=17400, cur_iter=151/539, batch_size=8, iter_cost=0.46s, time_cost(epoch): 01:10/02:58, time_cost(all): 2:18:09/1:13:24, ade_TYPE_VEHICLE_layer_5=0.625, ade_TYPE_PEDESTRIAN_layer_5=0.320, ade_TYPE_CYCLIST_layer_5=0.448, loss=102.865, lr=0.0001
2026-08-20 07:47:14,558   INFO  epoch: 32/50, acc_iter=17450, cur_iter=201/539, batch_size=8, iter_cost=0.46s, time_cost(epoch): 01:32/02:35, time_cost(all): 2:18:31/1:12:38, ade_TYPE_VEHICLE_layer_5=0.631, ade_TYPE_PEDESTRIAN_layer_5=0.225, ade_TYPE_CYCLIST_layer_5=-0.000, loss=84.969, lr=0.0001
2026-08-20 07:47:37,666   INFO  epoch: 32/50, acc_iter=17500, cur_iter=251/539, batch_size=8, iter_cost=0.46s, time_cost(epoch): 01:55/02:12, time_cost(all): 2:18:54/1:12:22, ade_TYPE_VEHICLE_layer_5=0.638, ade_TYPE_PEDESTRIAN_layer_5=0.146, ade_TYPE_CYCLIST_layer_5=0.385, loss=95.225, lr=0.0001
2026-08-20 07:48:00,501   INFO  epoch: 32/50, acc_iter=17550, cur_iter=301/539, batch_size=8, iter_cost=0.46s, time_cost(epoch): 02:18/01:49, time_cost(all): 2:19:17/1:11:54, ade_TYPE_VEHICLE_layer_5=0.593, ade_TYPE_PEDESTRIAN_layer_5=0.308, ade_TYPE_CYCLIST_layer_5=-0.000, loss=144.797, lr=0.0001
2026-08-20 07:48:22,958   INFO  epoch: 32/50, acc_iter=17600, cur_iter=351/539, batch_size=8, iter_cost=0.46s, time_cost(epoch): 02:41/01:26, time_cost(all): 2:19:40/1:11:18, ade_TYPE_VEHICLE_layer_5=0.714, ade_TYPE_PEDESTRIAN_layer_5=0.215, ade_TYPE_CYCLIST_layer_5=0.551, loss=141.815, lr=0.0001
2026-08-20 07:48:45,941   INFO  epoch: 32/50, acc_iter=17650, cur_iter=401/539, batch_size=8, iter_cost=0.46s, time_cost(epoch): 03:04/01:03, time_cost(all): 2:20:03/1:10:58, ade_TYPE_VEHICLE_layer_5=0.829, ade_TYPE_PEDESTRIAN_layer_5=0.201, ade_TYPE_CYCLIST_layer_5=-0.000, loss=118.533, lr=0.0001
2026-08-20 07:49:08,619   INFO  epoch: 32/50, acc_iter=17700, cur_iter=451/539, batch_size=8, iter_cost=0.46s, time_cost(epoch): 03:26/00:40, time_cost(all): 2:20:25/1:10:31, ade_TYPE_VEHICLE_layer_5=0.750, ade_TYPE_PEDESTRIAN_layer_5=0.188, ade_TYPE_CYCLIST_layer_5=0.627, loss=75.216, lr=0.0001
2026-08-20 07:49:31,497   INFO  epoch: 32/50, acc_iter=17750, cur_iter=501/539, batch_size=8, iter_cost=0.46s, time_cost(epoch): 03:49/00:17, time_cost(all): 2:20:48/1:10:08, ade_TYPE_VEHICLE_layer_5=0.866, ade_TYPE_PEDESTRIAN_layer_5=0.235, ade_TYPE_CYCLIST_layer_5=0.425, loss=201.347, lr=0.0001
2026-08-20 07:49:47,736   INFO  epoch: 32/50, acc_iter=17787, cur_iter=538/539, batch_size=4, iter_cost=0.46s, time_cost(epoch): 04:05/00:00, time_cost(all): 2:21:04/1:09:39, ade_TYPE_VEHICLE_layer_5=1.066, ade_TYPE_PEDESTRIAN_layer_5=0.162, ade_TYPE_CYCLIST_layer_5=0.458, loss=166.225, lr=0.0001
epochs:  66%|███████████████████████████████████████████████████████████████████████████████████████████████████████████████████▌                                                           | 33/50 [2:21:05<1:12:03, 254.31s/it]
2026-08-20 07:49:49,291   INFO  epoch: 33/50, acc_iter=17788, cur_iter=0/539, batch_size=8, iter_cost=0.87s, time_cost(epoch): 00:00/07:48, time_cost(all): 2:21:06/2:12:41, ade_TYPE_VEHICLE_layer_5=0.920, ade_TYPE_PEDESTRIAN_layer_5=0.114, ade_TYPE_CYCLIST_layer_5=0.791, loss=225.868, lr=0.0001
2026-08-20 07:49:55,141   INFO  epoch: 33/50, acc_iter=17800, cur_iter=12/539, batch_size=8, iter_cost=0.52s, time_cost(epoch): 00:06/04:32, time_cost(all): 2:21:12/1:18:50, ade_TYPE_VEHICLE_layer_5=0.780, ade_TYPE_PEDESTRIAN_layer_5=0.301, ade_TYPE_CYCLIST_layer_5=0.435, loss=116.918, lr=0.0001
2026-08-20 07:50:18,143   INFO  epoch: 33/50, acc_iter=17850, cur_iter=62/539, batch_size=8, iter_cost=0.47s, time_cost(epoch): 00:29/03:45, time_cost(all): 2:21:35/1:11:33, ade_TYPE_VEHICLE_layer_5=0.682, ade_TYPE_PEDESTRIAN_layer_5=0.214, ade_TYPE_CYCLIST_layer_5=0.682, loss=28.754, lr=0.0001
2026-08-20 07:50:41,315   INFO  epoch: 33/50, acc_iter=17900, cur_iter=112/539, batch_size=8, iter_cost=0.47s, time_cost(epoch): 00:52/03:19, time_cost(all): 2:21:58/1:10:36, ade_TYPE_VEHICLE_layer_5=0.660, ade_TYPE_PEDESTRIAN_layer_5=0.323, ade_TYPE_CYCLIST_layer_5=0.411, loss=67.594, lr=0.0001
2026-08-20 07:51:04,036   INFO  epoch: 33/50, acc_iter=17950, cur_iter=162/539, batch_size=8, iter_cost=0.46s, time_cost(epoch): 01:15/02:54, time_cost(all): 2:22:21/1:09:35, ade_TYPE_VEHICLE_layer_5=0.806, ade_TYPE_PEDESTRIAN_layer_5=0.106, ade_TYPE_CYCLIST_layer_5=0.566, loss=73.669, lr=0.0001
2026-08-20 07:51:26,962   INFO  epoch: 33/50, acc_iter=18000, cur_iter=212/539, batch_size=8, iter_cost=0.46s, time_cost(epoch): 01:38/02:31, time_cost(all): 2:22:44/1:09:01, ade_TYPE_VEHICLE_layer_5=0.773, ade_TYPE_PEDESTRIAN_layer_5=0.145, ade_TYPE_CYCLIST_layer_5=0.363, loss=133.378, lr=0.0001
2026-08-20 07:51:49,470   INFO  epoch: 33/50, acc_iter=18050, cur_iter=262/539, batch_size=8, iter_cost=0.46s, time_cost(epoch): 02:01/02:07, time_cost(all): 2:23:06/1:08:16, ade_TYPE_VEHICLE_layer_5=0.718, ade_TYPE_PEDESTRIAN_layer_5=0.188, ade_TYPE_CYCLIST_layer_5=0.677, loss=106.288, lr=0.0001
2026-08-20 07:52:12,207   INFO  epoch: 33/50, acc_iter=18100, cur_iter=312/539, batch_size=8, iter_cost=0.46s, time_cost(epoch): 02:23/01:44, time_cost(all): 2:23:29/1:07:45, ade_TYPE_VEHICLE_layer_5=0.744, ade_TYPE_PEDESTRIAN_layer_5=0.158, ade_TYPE_CYCLIST_layer_5=0.274, loss=202.006, lr=0.0001
2026-08-20 07:52:34,807   INFO  epoch: 33/50, acc_iter=18150, cur_iter=362/539, batch_size=8, iter_cost=0.46s, time_cost(epoch): 02:46/01:21, time_cost(all): 2:23:52/1:07:14, ade_TYPE_VEHICLE_layer_5=0.830, ade_TYPE_PEDESTRIAN_layer_5=0.233, ade_TYPE_CYCLIST_layer_5=-0.000, loss=188.233, lr=0.0001
2026-08-20 07:52:57,591   INFO  epoch: 33/50, acc_iter=18200, cur_iter=412/539, batch_size=8, iter_cost=0.46s, time_cost(epoch): 03:09/00:58, time_cost(all): 2:24:14/1:06:48, ade_TYPE_VEHICLE_layer_5=0.654, ade_TYPE_PEDESTRIAN_layer_5=0.271, ade_TYPE_CYCLIST_layer_5=-0.000, loss=55.989, lr=0.0001
2026-08-20 07:53:20,558   INFO  epoch: 33/50, acc_iter=18250, cur_iter=462/539, batch_size=8, iter_cost=0.46s, time_cost(epoch): 03:32/00:35, time_cost(all): 2:24:37/1:06:26, ade_TYPE_VEHICLE_layer_5=0.651, ade_TYPE_PEDESTRIAN_layer_5=0.126, ade_TYPE_CYCLIST_layer_5=0.318, loss=85.884, lr=0.0001
2026-08-20 07:53:43,103   INFO  epoch: 33/50, acc_iter=18300, cur_iter=512/539, batch_size=8, iter_cost=0.46s, time_cost(epoch): 03:54/00:12, time_cost(all): 2:25:00/1:05:57, ade_TYPE_VEHICLE_layer_5=0.609, ade_TYPE_PEDESTRIAN_layer_5=0.313, ade_TYPE_CYCLIST_layer_5=-0.000, loss=80.707, lr=0.0001
2026-08-20 07:53:54,387   INFO  epoch: 33/50, acc_iter=18326, cur_iter=538/539, batch_size=4, iter_cost=0.46s, time_cost(epoch): 04:05/00:00, time_cost(all): 2:25:11/1:05:35, ade_TYPE_VEHICLE_layer_5=0.689, ade_TYPE_PEDESTRIAN_layer_5=-0.000, ade_TYPE_CYCLIST_layer_5=0.699, loss=164.356, lr=0.0001
2026-08-20 07:53:55,909   INFO  ==> Eval with EMA weights (epoch 34)
2026-08-20 07:53:56,022   INFO  *************** EPOCH 34 EVALUATION *****************
2026-08-20 07:53:56,833   INFO  eval: epoch=34, batch_iter=0/79, batch_size=8, iter_cost=0.81s, time_cost: 00:00/01:03, 
2026-08-20 07:53:57,822   INFO  eval: epoch=34, batch_iter=10/79, batch_size=8, iter_cost=0.18s, time_cost: 00:01/00:12, 
2026-08-20 07:53:58,852   INFO  eval: epoch=34, batch_iter=20/79, batch_size=8, iter_cost=0.14s, time_cost: 00:02/00:08, 
2026-08-20 07:53:59,883   INFO  eval: epoch=34, batch_iter=30/79, batch_size=8, iter_cost=0.13s, time_cost: 00:03/00:06, 
2026-08-20 07:54:00,943   INFO  eval: epoch=34, batch_iter=40/79, batch_size=8, iter_cost=0.12s, time_cost: 00:04/00:04, 
2026-08-20 07:54:01,958   INFO  eval: epoch=34, batch_iter=50/79, batch_size=8, iter_cost=0.12s, time_cost: 00:05/00:03, 
2026-08-20 07:54:02,977   INFO  eval: epoch=34, batch_iter=60/79, batch_size=8, iter_cost=0.12s, time_cost: 00:06/00:02, 
2026-08-20 07:54:03,953   INFO  eval: epoch=34, batch_iter=70/79, batch_size=8, iter_cost=0.11s, time_cost: 00:07/00:01, 
2026-08-20 07:54:04,653   INFO  eval: epoch=34, batch_iter=78/79, batch_size=1, iter_cost=0.11s, time_cost: 00:08/00:00, 
eval:   0%|                                                                                                                                                                                               | 0/79 [00:08<?, ?it/s]
2026-08-20 07:54:04,734   INFO  Total number of samples before merging from multiple GPUs: 625
2026-08-20 07:54:05,306   INFO  Total number of samples after merging from multiple GPUs (removing duplicate): 5000
2026-08-20 07:54:05,311   INFO  *************** Performance of EPOCH 34 *****************
2026-08-20 07:54:05,311   INFO  Generate label finished(sec_per_example: 0.0019 second).
Total number for evaluation (intput): 5000
Total number for evaluation (after processed): 22520
Total number for evaluation (intput): 5000
Total number for evaluation (after processed): 22520
Total number for evaluation (intput): 5000
Total number for evaluation (after processed): 22520
2026-08-20 07:54:11,396   INFO  
========== Evaluation @ 3s ==========
minADE - VEHICLE: 0.5402 
minADE - PEDESTRIAN: 0.1963 
minADE - CYCLIST: 0.4139 
minFDE - VEHICLE: 0.9135 
minFDE - PEDESTRIAN: 0.3677 
minFDE - CYCLIST: 0.7471 
MissRate - VEHICLE: 0.2119 
MissRate - PEDESTRIAN: 0.0931 
MissRate - CYCLIST: 0.2427 
OverlapRate - VEHICLE: 0.0099 
OverlapRate - PEDESTRIAN: 0.0657 
OverlapRate - CYCLIST: 0.0232 
mAP - VEHICLE: 0.2308 
mAP - PEDESTRIAN: 0.4799 
mAP - CYCLIST: 0.4249 
minADE: 0.3835 
minFDE: 0.6761 
MissRate: 0.1826 
mAP: 0.3786 
       Waymo          mAP       minADE       minFDE     MissRate            
      VEHICLE      0.2308,      0.5402,      0.9135,      0.2119,            
   PEDESTRIAN      0.4799,      0.1963,      0.3677,      0.0931,            
      CYCLIST      0.4249,      0.4139,      0.7471,      0.2427,            
          Avg      0.3786,      0.3835,      0.6761,      0.1826,            
========== Evaluation @ 5s ==========
minADE - VEHICLE: 0.7575 
minADE - PEDESTRIAN: 0.2877 
minADE - CYCLIST: 0.5955 
minFDE - VEHICLE: 1.3403 
minFDE - PEDESTRIAN: 0.5701 
minFDE - CYCLIST: 1.1520 
MissRate - VEHICLE: 0.2237 
MissRate - PEDESTRIAN: 0.1004 
MissRate - CYCLIST: 0.2465 
OverlapRate - VEHICLE: 0.0223 
OverlapRate - PEDESTRIAN: 0.0719 
OverlapRate - CYCLIST: 0.0340 
mAP - VEHICLE: 0.2394 
mAP - PEDESTRIAN: 0.5297 
mAP - CYCLIST: 0.2564 
minADE: 0.5469 
minFDE: 1.0208 
MissRate: 0.1902 
mAP: 0.3419 
       Waymo          mAP       minADE       minFDE     MissRate            
      VEHICLE      0.2394,      0.7575,      1.3403,      0.2237,            
   PEDESTRIAN      0.5297,      0.2877,      0.5701,      0.1004,            
      CYCLIST      0.2564,      0.5955,      1.1520,      0.2465,            
          Avg      0.3419,      0.5469,      1.0208,      0.1902,            
========== Evaluation @ 8s ==========
minADE - VEHICLE: 1.0741 
minADE - PEDESTRIAN: 0.4180 
minADE - CYCLIST: 0.8489 
minFDE - VEHICLE: 2.0235 
minFDE - PEDESTRIAN: 0.8835 
minFDE - CYCLIST: 1.7360 
MissRate - VEHICLE: 0.2486 
MissRate - PEDESTRIAN: 0.1143 
MissRate - CYCLIST: 0.2546 
OverlapRate - VEHICLE: 0.0407 
OverlapRate - PEDESTRIAN: 0.0784 
OverlapRate - CYCLIST: 0.0453 
mAP - VEHICLE: 0.2552 
mAP - PEDESTRIAN: 0.3267 
mAP - CYCLIST: 0.2510 
minADE: 0.7803 
minFDE: 1.5477 
MissRate: 0.2059 
mAP: 0.2777 
       Waymo          mAP       minADE       minFDE     MissRate            
      VEHICLE      0.2552,      1.0741,      2.0235,      0.2486,            
   PEDESTRIAN      0.3267,      0.4180,      0.8835,      0.1143,            
      CYCLIST      0.2510,      0.8489,      1.7360,      0.2546,            
          Avg      0.2777,      0.7803,      1.5477,      0.2059,            
2026-08-20 07:54:11,397   INFO  Result is save to /root/wanqinghua/MTR/output/waymo/mtr_voyah_data/mtr_with_qcnet_v2/eval/eval_with_train
2026-08-20 07:54:11,397   INFO  ****************Evaluation done.*****************
epochs:  68%|███████████████████████████████████████████████████████████████████████████████████████████████████████████████████████                                                        | 34/50 [2:25:28<1:08:33, 257.10s/it]
2026-08-20 07:54:12,781   INFO  epoch: 34/50, acc_iter=18327, cur_iter=0/539, batch_size=8, iter_cost=0.84s, time_cost(epoch): 00:00/07:33, time_cost(all): 2:25:29/2:00:50, ade_TYPE_VEHICLE_layer_5=0.621, ade_TYPE_PEDESTRIAN_layer_5=0.194, ade_TYPE_CYCLIST_layer_5=-0.000, loss=-13.024, lr=0.0001
2026-08-20 07:54:23,052   INFO  epoch: 34/50, acc_iter=18350, cur_iter=23/539, batch_size=8, iter_cost=0.46s, time_cost(epoch): 00:11/03:58, time_cost(all): 2:25:40/1:06:22, ade_TYPE_VEHICLE_layer_5=0.633, ade_TYPE_PEDESTRIAN_layer_5=0.202, ade_TYPE_CYCLIST_layer_5=-0.000, loss=59.070, lr=0.0001
2026-08-20 07:54:45,751   INFO  epoch: 34/50, acc_iter=18400, cur_iter=73/539, batch_size=8, iter_cost=0.46s, time_cost(epoch): 00:33/03:32, time_cost(all): 2:26:02/1:05:06, ade_TYPE_VEHICLE_layer_5=0.716, ade_TYPE_PEDESTRIAN_layer_5=0.331, ade_TYPE_CYCLIST_layer_5=0.379, loss=131.923, lr=0.0001
2026-08-20 07:55:08,519   INFO  epoch: 34/50, acc_iter=18450, cur_iter=123/539, batch_size=8, iter_cost=0.46s, time_cost(epoch): 00:56/03:09, time_cost(all): 2:26:25/1:04:38, ade_TYPE_VEHICLE_layer_5=0.739, ade_TYPE_PEDESTRIAN_layer_5=0.068, ade_TYPE_CYCLIST_layer_5=0.720, loss=115.124, lr=0.0001
2026-08-20 07:55:31,211   INFO  epoch: 34/50, acc_iter=18500, cur_iter=173/539, batch_size=8, iter_cost=0.46s, time_cost(epoch): 01:19/02:46, time_cost(all): 2:26:48/1:04:10, ade_TYPE_VEHICLE_layer_5=0.690, ade_TYPE_PEDESTRIAN_layer_5=0.148, ade_TYPE_CYCLIST_layer_5=0.528, loss=92.892, lr=0.0001
2026-08-20 07:55:54,158   INFO  epoch: 34/50, acc_iter=18550, cur_iter=223/539, batch_size=8, iter_cost=0.46s, time_cost(epoch): 01:42/02:24, time_cost(all): 2:27:11/1:03:53, ade_TYPE_VEHICLE_layer_5=0.701, ade_TYPE_PEDESTRIAN_layer_5=0.182, ade_TYPE_CYCLIST_layer_5=-0.000, loss=151.044, lr=0.0001
2026-08-20 07:56:17,387   INFO  epoch: 34/50, acc_iter=18600, cur_iter=273/539, batch_size=8, iter_cost=0.46s, time_cost(epoch): 02:05/02:01, time_cost(all): 2:27:34/1:03:43, ade_TYPE_VEHICLE_layer_5=0.645, ade_TYPE_PEDESTRIAN_layer_5=0.223, ade_TYPE_CYCLIST_layer_5=0.503, loss=166.926, lr=0.0001
2026-08-20 07:56:39,502   INFO  epoch: 34/50, acc_iter=18650, cur_iter=323/539, batch_size=8, iter_cost=0.46s, time_cost(epoch): 02:27/01:38, time_cost(all): 2:27:56/1:03:00, ade_TYPE_VEHICLE_layer_5=0.701, ade_TYPE_PEDESTRIAN_layer_5=0.236, ade_TYPE_CYCLIST_layer_5=-0.000, loss=67.161, lr=0.0001
2026-08-20 07:57:02,795   INFO  epoch: 34/50, acc_iter=18700, cur_iter=373/539, batch_size=8, iter_cost=0.46s, time_cost(epoch): 02:50/01:15, time_cost(all): 2:28:19/1:02:49, ade_TYPE_VEHICLE_layer_5=0.739, ade_TYPE_PEDESTRIAN_layer_5=0.284, ade_TYPE_CYCLIST_layer_5=0.547, loss=215.622, lr=0.0001
2026-08-20 07:57:26,338   INFO  epoch: 34/50, acc_iter=18750, cur_iter=423/539, batch_size=8, iter_cost=0.46s, time_cost(epoch): 03:14/00:53, time_cost(all): 2:28:43/1:02:40, ade_TYPE_VEHICLE_layer_5=0.703, ade_TYPE_PEDESTRIAN_layer_5=0.379, ade_TYPE_CYCLIST_layer_5=0.525, loss=126.553, lr=0.0001
2026-08-20 07:57:48,911   INFO  epoch: 34/50, acc_iter=18800, cur_iter=473/539, batch_size=8, iter_cost=0.46s, time_cost(epoch): 03:36/00:30, time_cost(all): 2:29:06/1:02:11, ade_TYPE_VEHICLE_layer_5=0.763, ade_TYPE_PEDESTRIAN_layer_5=0.113, ade_TYPE_CYCLIST_layer_5=-0.000, loss=239.560, lr=0.0001
2026-08-20 07:58:11,954   INFO  epoch: 34/50, acc_iter=18850, cur_iter=523/539, batch_size=8, iter_cost=0.46s, time_cost(epoch): 04:00/00:07, time_cost(all): 2:29:29/1:01:50, ade_TYPE_VEHICLE_layer_5=0.681, ade_TYPE_PEDESTRIAN_layer_5=0.318, ade_TYPE_CYCLIST_layer_5=0.485, loss=110.731, lr=0.0001
2026-08-20 07:58:18,523   INFO  epoch: 34/50, acc_iter=18865, cur_iter=538/539, batch_size=4, iter_cost=0.46s, time_cost(epoch): 04:06/00:00, time_cost(all): 2:29:35/1:01:39, ade_TYPE_VEHICLE_layer_5=0.620, ade_TYPE_PEDESTRIAN_layer_5=0.408, ade_TYPE_CYCLIST_layer_5=0.384, loss=7.820, lr=0.0001
epochs:  70%|██████████████████████████████████████████████████████████████████████████████████████████████████████████████████████████▍                                                    | 35/50 [2:29:35<1:03:31, 254.13s/it]
2026-08-20 07:58:20,221   INFO  epoch: 35/50, acc_iter=18866, cur_iter=0/539, batch_size=8, iter_cost=0.95s, time_cost(epoch): 00:00/08:34, time_cost(all): 2:29:37/2:08:38, ade_TYPE_VEHICLE_layer_5=0.651, ade_TYPE_PEDESTRIAN_layer_5=0.174, ade_TYPE_CYCLIST_layer_5=0.263, loss=127.430, lr=0.0001
2026-08-20 07:58:35,832   INFO  epoch: 35/50, acc_iter=18900, cur_iter=34/539, batch_size=8, iter_cost=0.47s, time_cost(epoch): 00:16/03:59, time_cost(all): 2:29:53/1:03:30, ade_TYPE_VEHICLE_layer_5=0.781, ade_TYPE_PEDESTRIAN_layer_5=0.246, ade_TYPE_CYCLIST_layer_5=-0.000, loss=53.930, lr=0.0001
2026-08-20 07:58:59,561   INFO  epoch: 35/50, acc_iter=18950, cur_iter=84/539, batch_size=8, iter_cost=0.47s, time_cost(epoch): 00:40/03:35, time_cost(all): 2:30:16/1:03:12, ade_TYPE_VEHICLE_layer_5=0.652, ade_TYPE_PEDESTRIAN_layer_5=0.206, ade_TYPE_CYCLIST_layer_5=0.690, loss=95.616, lr=0.0001
2026-08-20 07:59:22,524   INFO  epoch: 35/50, acc_iter=19000, cur_iter=134/539, batch_size=8, iter_cost=0.47s, time_cost(epoch): 01:03/03:09, time_cost(all): 2:30:39/1:02:05, ade_TYPE_VEHICLE_layer_5=0.708, ade_TYPE_PEDESTRIAN_layer_5=0.242, ade_TYPE_CYCLIST_layer_5=-0.000, loss=101.926, lr=0.0001
2026-08-20 07:59:44,877   INFO  epoch: 35/50, acc_iter=19050, cur_iter=184/539, batch_size=8, iter_cost=0.46s, time_cost(epoch): 01:25/02:44, time_cost(all): 2:31:02/1:00:56, ade_TYPE_VEHICLE_layer_5=0.648, ade_TYPE_PEDESTRIAN_layer_5=0.172, ade_TYPE_CYCLIST_layer_5=0.501, loss=113.362, lr=0.0001
2026-08-20 08:00:07,747   INFO  epoch: 35/50, acc_iter=19100, cur_iter=234/539, batch_size=8, iter_cost=0.46s, time_cost(epoch): 01:48/02:20, time_cost(all): 2:31:24/1:00:24, ade_TYPE_VEHICLE_layer_5=0.577, ade_TYPE_PEDESTRIAN_layer_5=0.250, ade_TYPE_CYCLIST_layer_5=0.492, loss=11.399, lr=0.0001
2026-08-20 08:00:30,036   INFO  epoch: 35/50, acc_iter=19150, cur_iter=284/539, batch_size=8, iter_cost=0.46s, time_cost(epoch): 02:10/01:57, time_cost(all): 2:31:47/59:39, ade_TYPE_VEHICLE_layer_5=0.651, ade_TYPE_PEDESTRIAN_layer_5=0.296, ade_TYPE_CYCLIST_layer_5=0.695, loss=97.681, lr=0.0001
2026-08-20 08:00:52,975   INFO  epoch: 35/50, acc_iter=19200, cur_iter=334/539, batch_size=8, iter_cost=0.46s, time_cost(epoch): 02:33/01:34, time_cost(all): 2:32:10/59:16, ade_TYPE_VEHICLE_layer_5=0.692, ade_TYPE_PEDESTRIAN_layer_5=0.184, ade_TYPE_CYCLIST_layer_5=-0.000, loss=199.872, lr=0.0001
2026-08-20 08:01:15,317   INFO  epoch: 35/50, acc_iter=19250, cur_iter=384/539, batch_size=8, iter_cost=0.46s, time_cost(epoch): 02:56/01:10, time_cost(all): 2:32:32/58:41, ade_TYPE_VEHICLE_layer_5=0.651, ade_TYPE_PEDESTRIAN_layer_5=0.251, ade_TYPE_CYCLIST_layer_5=0.479, loss=66.804, lr=0.0001
2026-08-20 08:01:38,128   INFO  epoch: 35/50, acc_iter=19300, cur_iter=434/539, batch_size=8, iter_cost=0.46s, time_cost(epoch): 03:18/00:48, time_cost(all): 2:32:55/58:17, ade_TYPE_VEHICLE_layer_5=0.756, ade_TYPE_PEDESTRIAN_layer_5=0.260, ade_TYPE_CYCLIST_layer_5=-0.000, loss=140.422, lr=0.0001
2026-08-20 08:02:01,361   INFO  epoch: 35/50, acc_iter=19350, cur_iter=484/539, batch_size=8, iter_cost=0.46s, time_cost(epoch): 03:42/00:25, time_cost(all): 2:33:18/58:00, ade_TYPE_VEHICLE_layer_5=0.714, ade_TYPE_PEDESTRIAN_layer_5=0.153, ade_TYPE_CYCLIST_layer_5=0.539, loss=157.673, lr=0.0001
2026-08-20 08:02:23,285   INFO  epoch: 35/50, acc_iter=19400, cur_iter=534/539, batch_size=8, iter_cost=0.46s, time_cost(epoch): 04:04/00:02, time_cost(all): 2:33:40/57:24, ade_TYPE_VEHICLE_layer_5=0.772, ade_TYPE_PEDESTRIAN_layer_5=0.238, ade_TYPE_CYCLIST_layer_5=0.374, loss=138.497, lr=0.0001
2026-08-20 08:02:24,860   INFO  epoch: 35/50, acc_iter=19404, cur_iter=538/539, batch_size=4, iter_cost=0.46s, time_cost(epoch): 04:05/00:00, time_cost(all): 2:33:42/57:18, ade_TYPE_VEHICLE_layer_5=0.672, ade_TYPE_PEDESTRIAN_layer_5=0.111, ade_TYPE_CYCLIST_layer_5=-0.000, loss=43.388, lr=0.0001
2026-08-20 08:02:26,392   INFO  ==> Eval with EMA weights (epoch 36)
2026-08-20 08:02:26,504   INFO  *************** EPOCH 36 EVALUATION *****************
2026-08-20 08:02:27,346   INFO  eval: epoch=36, batch_iter=0/79, batch_size=8, iter_cost=0.84s, time_cost: 00:00/01:06, 
2026-08-20 08:02:28,334   INFO  eval: epoch=36, batch_iter=10/79, batch_size=8, iter_cost=0.18s, time_cost: 00:01/00:12, 
2026-08-20 08:02:29,363   INFO  eval: epoch=36, batch_iter=20/79, batch_size=8, iter_cost=0.14s, time_cost: 00:02/00:08, 
2026-08-20 08:02:30,394   INFO  eval: epoch=36, batch_iter=30/79, batch_size=8, iter_cost=0.13s, time_cost: 00:03/00:06, 
2026-08-20 08:02:31,453   INFO  eval: epoch=36, batch_iter=40/79, batch_size=8, iter_cost=0.12s, time_cost: 00:04/00:04, 
2026-08-20 08:02:32,470   INFO  eval: epoch=36, batch_iter=50/79, batch_size=8, iter_cost=0.12s, time_cost: 00:05/00:03, 
2026-08-20 08:02:33,509   INFO  eval: epoch=36, batch_iter=60/79, batch_size=8, iter_cost=0.12s, time_cost: 00:07/00:02, 
2026-08-20 08:02:34,482   INFO  eval: epoch=36, batch_iter=70/79, batch_size=8, iter_cost=0.11s, time_cost: 00:07/00:01, 
2026-08-20 08:02:35,181   INFO  eval: epoch=36, batch_iter=78/79, batch_size=1, iter_cost=0.11s, time_cost: 00:08/00:00, 
eval:   0%|                                                                                                                                                                                               | 0/79 [00:08<?, ?it/s]
2026-08-20 08:02:35,271   INFO  Total number of samples before merging from multiple GPUs: 625
2026-08-20 08:02:35,711   INFO  Total number of samples after merging from multiple GPUs (removing duplicate): 5000
2026-08-20 08:02:35,715   INFO  *************** Performance of EPOCH 36 *****************
2026-08-20 08:02:35,715   INFO  Generate label finished(sec_per_example: 0.0018 second).
Total number for evaluation (intput): 5000
Total number for evaluation (after processed): 22520
Total number for evaluation (intput): 5000
Total number for evaluation (after processed): 22520
Total number for evaluation (intput): 5000
Total number for evaluation (after processed): 22520
2026-08-20 08:02:42,087   INFO  
========== Evaluation @ 3s ==========
minADE - VEHICLE: 0.4877 
minADE - PEDESTRIAN: 0.2007 
minADE - CYCLIST: 0.4319 
minFDE - VEHICLE: 0.8510 
minFDE - PEDESTRIAN: 0.3673 
minFDE - CYCLIST: 0.7710 
MissRate - VEHICLE: 0.1995 
MissRate - PEDESTRIAN: 0.1000 
MissRate - CYCLIST: 0.2632 
OverlapRate - VEHICLE: 0.0094 
OverlapRate - PEDESTRIAN: 0.0644 
OverlapRate - CYCLIST: 0.0188 
mAP - VEHICLE: 0.2347 
mAP - PEDESTRIAN: 0.4776 
mAP - CYCLIST: 0.3858 
minADE: 0.3734 
minFDE: 0.6631 
MissRate: 0.1876 
mAP: 0.3660 
       Waymo          mAP       minADE       minFDE     MissRate            
      VEHICLE      0.2347,      0.4877,      0.8510,      0.1995,            
   PEDESTRIAN      0.4776,      0.2007,      0.3673,      0.1000,            
      CYCLIST      0.3858,      0.4319,      0.7710,      0.2632,            
          Avg      0.3660,      0.3734,      0.6631,      0.1876,            
========== Evaluation @ 5s ==========
minADE - VEHICLE: 0.7013 
minADE - PEDESTRIAN: 0.2910 
minADE - CYCLIST: 0.6138 
minFDE - VEHICLE: 1.2847 
minFDE - PEDESTRIAN: 0.5614 
minFDE - CYCLIST: 1.1696 
MissRate - VEHICLE: 0.2138 
MissRate - PEDESTRIAN: 0.1079 
MissRate - CYCLIST: 0.2568 
OverlapRate - VEHICLE: 0.0204 
OverlapRate - PEDESTRIAN: 0.0704 
OverlapRate - CYCLIST: 0.0304 
mAP - VEHICLE: 0.2458 
mAP - PEDESTRIAN: 0.5184 
mAP - CYCLIST: 0.2609 
minADE: 0.5354 
minFDE: 1.0052 
MissRate: 0.1928 
mAP: 0.3417 
       Waymo          mAP       minADE       minFDE     MissRate            
      VEHICLE      0.2458,      0.7013,      1.2847,      0.2138,            
   PEDESTRIAN      0.5184,      0.2910,      0.5614,      0.1079,            
      CYCLIST      0.2609,      0.6138,      1.1696,      0.2568,            
          Avg      0.3417,      0.5354,      1.0052,      0.1928,            
========== Evaluation @ 8s ==========
minADE - VEHICLE: 1.0158 
minADE - PEDESTRIAN: 0.4197 
minADE - CYCLIST: 0.8683 
minFDE - VEHICLE: 1.9835 
minFDE - PEDESTRIAN: 0.8737 
minFDE - CYCLIST: 1.7435 
MissRate - VEHICLE: 0.2377 
MissRate - PEDESTRIAN: 0.1158 
MissRate - CYCLIST: 0.2627 
OverlapRate - VEHICLE: 0.0367 
OverlapRate - PEDESTRIAN: 0.0764 
OverlapRate - CYCLIST: 0.0410 
mAP - VEHICLE: 0.2658 
mAP - PEDESTRIAN: 0.3204 
mAP - CYCLIST: 0.2305 
minADE: 0.7680 
minFDE: 1.5336 
MissRate: 0.2054 
mAP: 0.2722 
       Waymo          mAP       minADE       minFDE     MissRate            
      VEHICLE      0.2658,      1.0158,      1.9835,      0.2377,            
   PEDESTRIAN      0.3204,      0.4197,      0.8737,      0.1158,            
      CYCLIST      0.2305,      0.8683,      1.7435,      0.2627,            
          Avg      0.2722,      0.7680,      1.5336,      0.2054,            
2026-08-20 08:02:42,089   INFO  Result is save to /root/wanqinghua/MTR/output/waymo/mtr_voyah_data/mtr_with_qcnet_v2/eval/eval_with_train
2026-08-20 08:02:42,089   INFO  ****************Evaluation done.*****************
epochs:  72%|███████████████████████████████████████████████████████████████████████████████████████████████████████████████████████████████▍                                                 | 36/50 [2:33:59<59:57, 256.93s/it]
2026-08-20 08:02:43,494   INFO  epoch: 36/50, acc_iter=19405, cur_iter=0/539, batch_size=8, iter_cost=0.87s, time_cost(epoch): 00:00/07:47, time_cost(all): 2:34:00/1:49:03, ade_TYPE_VEHICLE_layer_5=0.648, ade_TYPE_PEDESTRIAN_layer_5=0.161, ade_TYPE_CYCLIST_layer_5=0.509, loss=128.912, lr=0.0001
2026-08-20 08:03:04,107   INFO  epoch: 36/50, acc_iter=19450, cur_iter=45/539, batch_size=8, iter_cost=0.47s, time_cost(epoch): 00:21/03:50, time_cost(all): 2:34:21/58:22, ade_TYPE_VEHICLE_layer_5=0.610, ade_TYPE_PEDESTRIAN_layer_5=0.190, ade_TYPE_CYCLIST_layer_5=-0.000, loss=22.067, lr=0.0001
2026-08-20 08:03:26,774   INFO  epoch: 36/50, acc_iter=19500, cur_iter=95/539, batch_size=8, iter_cost=0.46s, time_cost(epoch): 00:44/03:24, time_cost(all): 2:34:43/57:06, ade_TYPE_VEHICLE_layer_5=0.646, ade_TYPE_PEDESTRIAN_layer_5=0.218, ade_TYPE_CYCLIST_layer_5=-0.000, loss=92.151, lr=0.0001
2026-08-20 08:03:49,912   INFO  epoch: 36/50, acc_iter=19550, cur_iter=145/539, batch_size=8, iter_cost=0.46s, time_cost(epoch): 01:07/03:01, time_cost(all): 2:35:07/56:50, ade_TYPE_VEHICLE_layer_5=0.761, ade_TYPE_PEDESTRIAN_layer_5=0.202, ade_TYPE_CYCLIST_layer_5=-0.000, loss=114.069, lr=0.0001
2026-08-20 08:04:12,451   INFO  epoch: 36/50, acc_iter=19600, cur_iter=195/539, batch_size=8, iter_cost=0.46s, time_cost(epoch): 01:29/02:37, time_cost(all): 2:35:29/56:08, ade_TYPE_VEHICLE_layer_5=0.551, ade_TYPE_PEDESTRIAN_layer_5=0.317, ade_TYPE_CYCLIST_layer_5=-0.000, loss=49.941, lr=0.0001
2026-08-20 08:04:35,905   INFO  epoch: 36/50, acc_iter=19650, cur_iter=245/539, batch_size=8, iter_cost=0.46s, time_cost(epoch): 01:53/02:15, time_cost(all): 2:35:53/56:01, ade_TYPE_VEHICLE_layer_5=0.721, ade_TYPE_PEDESTRIAN_layer_5=0.140, ade_TYPE_CYCLIST_layer_5=0.538, loss=52.405, lr=0.0001
2026-08-20 08:04:59,205   INFO  epoch: 36/50, acc_iter=19700, cur_iter=295/539, batch_size=8, iter_cost=0.46s, time_cost(epoch): 02:16/01:52, time_cost(all): 2:36:16/55:45, ade_TYPE_VEHICLE_layer_5=0.737, ade_TYPE_PEDESTRIAN_layer_5=0.320, ade_TYPE_CYCLIST_layer_5=0.315, loss=121.246, lr=0.0001
2026-08-20 08:05:21,804   INFO  epoch: 36/50, acc_iter=19750, cur_iter=345/539, batch_size=8, iter_cost=0.46s, time_cost(epoch): 02:39/01:29, time_cost(all): 2:36:39/55:12, ade_TYPE_VEHICLE_layer_5=0.522, ade_TYPE_PEDESTRIAN_layer_5=0.216, ade_TYPE_CYCLIST_layer_5=0.807, loss=50.811, lr=0.0001
2026-08-20 08:05:45,092   INFO  epoch: 36/50, acc_iter=19800, cur_iter=395/539, batch_size=8, iter_cost=0.46s, time_cost(epoch): 03:02/01:06, time_cost(all): 2:37:02/54:54, ade_TYPE_VEHICLE_layer_5=0.717, ade_TYPE_PEDESTRIAN_layer_5=0.343, ade_TYPE_CYCLIST_layer_5=0.685, loss=176.253, lr=0.0001
2026-08-20 08:06:07,582   INFO  epoch: 36/50, acc_iter=19850, cur_iter=445/539, batch_size=8, iter_cost=0.46s, time_cost(epoch): 03:24/00:43, time_cost(all): 2:37:24/54:23, ade_TYPE_VEHICLE_layer_5=0.725, ade_TYPE_PEDESTRIAN_layer_5=0.159, ade_TYPE_CYCLIST_layer_5=0.360, loss=165.034, lr=0.0001
2026-08-20 08:06:30,988   INFO  epoch: 36/50, acc_iter=19900, cur_iter=495/539, batch_size=8, iter_cost=0.46s, time_cost(epoch): 03:48/00:20, time_cost(all): 2:37:48/54:06, ade_TYPE_VEHICLE_layer_5=0.751, ade_TYPE_PEDESTRIAN_layer_5=0.261, ade_TYPE_CYCLIST_layer_5=0.450, loss=147.138, lr=0.0001
2026-08-20 08:06:49,743   INFO  epoch: 36/50, acc_iter=19943, cur_iter=538/539, batch_size=4, iter_cost=0.46s, time_cost(epoch): 04:07/00:00, time_cost(all): 2:38:06/53:32, ade_TYPE_VEHICLE_layer_5=0.821, ade_TYPE_PEDESTRIAN_layer_5=-0.000, ade_TYPE_CYCLIST_layer_5=-0.000, loss=165.989, lr=0.0001
epochs:  74%|██████████████████████████████████████████████████████████████████████████████████████████████████████████████████████████████████▉                                              | 37/50 [2:38:07<55:04, 254.17s/it]
2026-08-20 08:06:51,261   INFO  epoch: 37/50, acc_iter=19944, cur_iter=0/539, batch_size=8, iter_cost=0.89s, time_cost(epoch): 00:00/07:59, time_cost(all): 2:38:08/1:43:51, ade_TYPE_VEHICLE_layer_5=0.585, ade_TYPE_PEDESTRIAN_layer_5=0.183, ade_TYPE_CYCLIST_layer_5=0.568, loss=65.394, lr=0.0001
2026-08-20 08:06:53,913   INFO  epoch: 37/50, acc_iter=19950, cur_iter=6/539, batch_size=8, iter_cost=0.51s, time_cost(epoch): 00:03/04:29, time_cost(all): 2:38:11/59:01, ade_TYPE_VEHICLE_layer_5=0.759, ade_TYPE_PEDESTRIAN_layer_5=0.431, ade_TYPE_CYCLIST_layer_5=-0.000, loss=103.648, lr=0.0001
2026-08-20 08:07:17,291   INFO  epoch: 37/50, acc_iter=20000, cur_iter=56/539, batch_size=8, iter_cost=0.47s, time_cost(epoch): 00:26/03:48, time_cost(all): 2:38:34/54:42, ade_TYPE_VEHICLE_layer_5=0.782, ade_TYPE_PEDESTRIAN_layer_5=0.144, ade_TYPE_CYCLIST_layer_5=1.100, loss=149.584, lr=0.0001
2026-08-20 08:07:39,826   INFO  epoch: 37/50, acc_iter=20050, cur_iter=106/539, batch_size=8, iter_cost=0.46s, time_cost(epoch): 00:49/03:20, time_cost(all): 2:38:57/53:09, ade_TYPE_VEHICLE_layer_5=0.631, ade_TYPE_PEDESTRIAN_layer_5=0.486, ade_TYPE_CYCLIST_layer_5=1.390, loss=123.764, lr=0.0001
2026-08-20 08:08:02,695   INFO  epoch: 37/50, acc_iter=20100, cur_iter=156/539, batch_size=8, iter_cost=0.46s, time_cost(epoch): 01:12/02:56, time_cost(all): 2:39:19/52:35, ade_TYPE_VEHICLE_layer_5=0.725, ade_TYPE_PEDESTRIAN_layer_5=0.244, ade_TYPE_CYCLIST_layer_5=0.301, loss=124.734, lr=0.0001
2026-08-20 08:08:25,488   INFO  epoch: 37/50, acc_iter=20150, cur_iter=206/539, batch_size=8, iter_cost=0.46s, time_cost(epoch): 01:35/02:33, time_cost(all): 2:39:42/52:05, ade_TYPE_VEHICLE_layer_5=0.565, ade_TYPE_PEDESTRIAN_layer_5=0.243, ade_TYPE_CYCLIST_layer_5=-0.000, loss=69.021, lr=0.0001
2026-08-20 08:08:47,789   INFO  epoch: 37/50, acc_iter=20200, cur_iter=256/539, batch_size=8, iter_cost=0.46s, time_cost(epoch): 01:57/02:09, time_cost(all): 2:40:04/51:24, ade_TYPE_VEHICLE_layer_5=0.708, ade_TYPE_PEDESTRIAN_layer_5=0.210, ade_TYPE_CYCLIST_layer_5=-0.000, loss=77.023, lr=0.0001
2026-08-20 08:09:11,097   INFO  epoch: 37/50, acc_iter=20250, cur_iter=306/539, batch_size=8, iter_cost=0.46s, time_cost(epoch): 02:20/01:46, time_cost(all): 2:40:28/51:11, ade_TYPE_VEHICLE_layer_5=0.686, ade_TYPE_PEDESTRIAN_layer_5=0.175, ade_TYPE_CYCLIST_layer_5=0.326, loss=79.385, lr=0.0001
2026-08-20 08:09:33,551   INFO  epoch: 37/50, acc_iter=20300, cur_iter=356/539, batch_size=8, iter_cost=0.46s, time_cost(epoch): 02:43/01:23, time_cost(all): 2:40:50/50:40, ade_TYPE_VEHICLE_layer_5=0.585, ade_TYPE_PEDESTRIAN_layer_5=0.206, ade_TYPE_CYCLIST_layer_5=0.568, loss=92.971, lr=0.0001
2026-08-20 08:09:56,574   INFO  epoch: 37/50, acc_iter=20350, cur_iter=406/539, batch_size=8, iter_cost=0.46s, time_cost(epoch): 03:06/01:00, time_cost(all): 2:41:13/50:19, ade_TYPE_VEHICLE_layer_5=0.692, ade_TYPE_PEDESTRIAN_layer_5=0.172, ade_TYPE_CYCLIST_layer_5=0.503, loss=61.775, lr=0.0001
2026-08-20 08:10:19,704   INFO  epoch: 37/50, acc_iter=20400, cur_iter=456/539, batch_size=8, iter_cost=0.46s, time_cost(epoch): 03:29/00:38, time_cost(all): 2:41:36/50:00, ade_TYPE_VEHICLE_layer_5=0.527, ade_TYPE_PEDESTRIAN_layer_5=0.308, ade_TYPE_CYCLIST_layer_5=0.180, loss=53.410, lr=0.0001
2026-08-20 08:10:42,222   INFO  epoch: 37/50, acc_iter=20450, cur_iter=506/539, batch_size=8, iter_cost=0.46s, time_cost(epoch): 03:51/00:15, time_cost(all): 2:41:59/49:32, ade_TYPE_VEHICLE_layer_5=0.588, ade_TYPE_PEDESTRIAN_layer_5=0.059, ade_TYPE_CYCLIST_layer_5=-0.000, loss=97.012, lr=0.0001
2026-08-20 08:10:56,662   INFO  epoch: 37/50, acc_iter=20482, cur_iter=538/539, batch_size=4, iter_cost=0.46s, time_cost(epoch): 04:06/00:00, time_cost(all): 2:42:13/49:15, ade_TYPE_VEHICLE_layer_5=1.386, ade_TYPE_PEDESTRIAN_layer_5=-0.000, ade_TYPE_CYCLIST_layer_5=0.303, loss=184.367, lr=0.0001
2026-08-20 08:10:58,174   INFO  ==> Eval with EMA weights (epoch 38)
2026-08-20 08:10:58,282   INFO  *************** EPOCH 38 EVALUATION *****************
2026-08-20 08:10:59,106   INFO  eval: epoch=38, batch_iter=0/79, batch_size=8, iter_cost=0.82s, time_cost: 00:00/01:04, 
2026-08-20 08:11:00,123   INFO  eval: epoch=38, batch_iter=10/79, batch_size=8, iter_cost=0.18s, time_cost: 00:01/00:12, 
2026-08-20 08:11:01,152   INFO  eval: epoch=38, batch_iter=20/79, batch_size=8, iter_cost=0.14s, time_cost: 00:02/00:08, 
2026-08-20 08:11:02,174   INFO  eval: epoch=38, batch_iter=30/79, batch_size=8, iter_cost=0.13s, time_cost: 00:03/00:06, 
2026-08-20 08:11:03,226   INFO  eval: epoch=38, batch_iter=40/79, batch_size=8, iter_cost=0.12s, time_cost: 00:04/00:04, 
2026-08-20 08:11:04,242   INFO  eval: epoch=38, batch_iter=50/79, batch_size=8, iter_cost=0.12s, time_cost: 00:05/00:03, 
2026-08-20 08:11:05,268   INFO  eval: epoch=38, batch_iter=60/79, batch_size=8, iter_cost=0.12s, time_cost: 00:06/00:02, 
2026-08-20 08:11:06,236   INFO  eval: epoch=38, batch_iter=70/79, batch_size=8, iter_cost=0.11s, time_cost: 00:07/00:01, 
2026-08-20 08:11:06,935   INFO  eval: epoch=38, batch_iter=78/79, batch_size=1, iter_cost=0.11s, time_cost: 00:08/00:00, 
eval:   0%|                                                                                                                                                                                               | 0/79 [00:08<?, ?it/s]
2026-08-20 08:11:07,021   INFO  Total number of samples before merging from multiple GPUs: 625
2026-08-20 08:11:07,462   INFO  Total number of samples after merging from multiple GPUs (removing duplicate): 5000
2026-08-20 08:11:07,466   INFO  *************** Performance of EPOCH 38 *****************
2026-08-20 08:11:07,466   INFO  Generate label finished(sec_per_example: 0.0018 second).
Total number for evaluation (intput): 5000
Total number for evaluation (after processed): 22520
Total number for evaluation (intput): 5000
Total number for evaluation (after processed): 22520
Total number for evaluation (intput): 5000
Total number for evaluation (after processed): 22520
2026-08-20 08:11:13,553   INFO  
========== Evaluation @ 3s ==========
minADE - VEHICLE: 0.4935 
minADE - PEDESTRIAN: 0.2096 
minADE - CYCLIST: 0.4880 
minFDE - VEHICLE: 0.8042 
minFDE - PEDESTRIAN: 0.3816 
minFDE - CYCLIST: 0.8450 
MissRate - VEHICLE: 0.1873 
MissRate - PEDESTRIAN: 0.1074 
MissRate - CYCLIST: 0.2822 
OverlapRate - VEHICLE: 0.0099 
OverlapRate - PEDESTRIAN: 0.0653 
OverlapRate - CYCLIST: 0.0289 
mAP - VEHICLE: 0.2677 
mAP - PEDESTRIAN: 0.4759 
mAP - CYCLIST: 0.3974 
minADE: 0.3970 
minFDE: 0.6769 
MissRate: 0.1923 
mAP: 0.3803 
       Waymo          mAP       minADE       minFDE     MissRate            
      VEHICLE      0.2677,      0.4935,      0.8042,      0.1873,            
   PEDESTRIAN      0.4759,      0.2096,      0.3816,      0.1074,            
      CYCLIST      0.3974,      0.4880,      0.8450,      0.2822,            
          Avg      0.3803,      0.3970,      0.6769,      0.1923,            
========== Evaluation @ 5s ==========
minADE - VEHICLE: 0.6961 
minADE - PEDESTRIAN: 0.2989 
minADE - CYCLIST: 0.6736 
minFDE - VEHICLE: 1.2165 
minFDE - PEDESTRIAN: 0.5721 
minFDE - CYCLIST: 1.2168 
MissRate - VEHICLE: 0.2027 
MissRate - PEDESTRIAN: 0.1100 
MissRate - CYCLIST: 0.2789 
OverlapRate - VEHICLE: 0.0202 
OverlapRate - PEDESTRIAN: 0.0730 
OverlapRate - CYCLIST: 0.0369 
mAP - VEHICLE: 0.2770 
mAP - PEDESTRIAN: 0.5186 
mAP - CYCLIST: 0.2503 
minADE: 0.5562 
minFDE: 1.0018 
MissRate: 0.1972 
mAP: 0.3486 
       Waymo          mAP       minADE       minFDE     MissRate            
      VEHICLE      0.2770,      0.6961,      1.2165,      0.2027,            
   PEDESTRIAN      0.5186,      0.2989,      0.5721,      0.1100,            
      CYCLIST      0.2503,      0.6736,      1.2168,      0.2789,            
          Avg      0.3486,      0.5562,      1.0018,      0.1972,            
========== Evaluation @ 8s ==========
minADE - VEHICLE: 0.9999 
minADE - PEDESTRIAN: 0.4303 
minADE - CYCLIST: 0.9256 
minFDE - VEHICLE: 1.9006 
minFDE - PEDESTRIAN: 0.8893 
minFDE - CYCLIST: 1.7620 
MissRate - VEHICLE: 0.2300 
MissRate - PEDESTRIAN: 0.1222 
MissRate - CYCLIST: 0.2787 
OverlapRate - VEHICLE: 0.0360 
OverlapRate - PEDESTRIAN: 0.0805 
OverlapRate - CYCLIST: 0.0502 
mAP - VEHICLE: 0.2982 
mAP - PEDESTRIAN: 0.3280 
mAP - CYCLIST: 0.2439 
minADE: 0.7853 
minFDE: 1.5173 
MissRate: 0.2103 
mAP: 0.2900 
       Waymo          mAP       minADE       minFDE     MissRate            
      VEHICLE      0.2982,      0.9999,      1.9006,      0.2300,            
   PEDESTRIAN      0.3280,      0.4303,      0.8893,      0.1222,            
      CYCLIST      0.2439,      0.9256,      1.7620,      0.2787,            
          Avg      0.2900,      0.7853,      1.5173,      0.2103,            
2026-08-20 08:11:13,555   INFO  Result is save to /root/wanqinghua/MTR/output/waymo/mtr_voyah_data/mtr_with_qcnet_v2/eval/eval_with_train
2026-08-20 08:11:13,555   INFO  ****************Evaluation done.*****************
epochs:  76%|██████████████████████████████████████████████████████████████████████████████████████████████████████████████████████████████████████▌                                          | 38/50 [2:42:30<51:24, 257.04s/it]
2026-08-20 08:11:15,085   INFO  epoch: 38/50, acc_iter=20483, cur_iter=0/539, batch_size=8, iter_cost=0.98s, time_cost(epoch): 00:00/08:50, time_cost(all): 2:42:32/1:46:08, ade_TYPE_VEHICLE_layer_5=0.848, ade_TYPE_PEDESTRIAN_layer_5=0.229, ade_TYPE_CYCLIST_layer_5=-0.000, loss=196.534, lr=0.0001
2026-08-20 08:11:22,559   INFO  epoch: 38/50, acc_iter=20500, cur_iter=17/539, batch_size=8, iter_cost=0.47s, time_cost(epoch): 00:08/04:05, time_cost(all): 2:42:39/50:31, ade_TYPE_VEHICLE_layer_5=0.702, ade_TYPE_PEDESTRIAN_layer_5=-0.000, ade_TYPE_CYCLIST_layer_5=-0.000, loss=145.241, lr=0.0001
2026-08-20 08:11:45,252   INFO  epoch: 38/50, acc_iter=20550, cur_iter=67/539, batch_size=8, iter_cost=0.46s, time_cost(epoch): 00:31/03:36, time_cost(all): 2:43:02/48:52, ade_TYPE_VEHICLE_layer_5=0.655, ade_TYPE_PEDESTRIAN_layer_5=0.184, ade_TYPE_CYCLIST_layer_5=-0.000, loss=129.283, lr=0.0001
2026-08-20 08:12:07,836   INFO  epoch: 38/50, acc_iter=20600, cur_iter=117/539, batch_size=8, iter_cost=0.46s, time_cost(epoch): 00:53/03:12, time_cost(all): 2:43:25/48:12, ade_TYPE_VEHICLE_layer_5=0.589, ade_TYPE_PEDESTRIAN_layer_5=0.165, ade_TYPE_CYCLIST_layer_5=0.431, loss=45.534, lr=0.0001
2026-08-20 08:12:31,032   INFO  epoch: 38/50, acc_iter=20650, cur_iter=167/539, batch_size=8, iter_cost=0.46s, time_cost(epoch): 01:16/02:50, time_cost(all): 2:43:48/48:05, ade_TYPE_VEHICLE_layer_5=0.707, ade_TYPE_PEDESTRIAN_layer_5=0.177, ade_TYPE_CYCLIST_layer_5=0.797, loss=114.298, lr=0.0001
2026-08-20 08:12:53,468   INFO  epoch: 38/50, acc_iter=20700, cur_iter=217/539, batch_size=8, iter_cost=0.46s, time_cost(epoch): 01:39/02:26, time_cost(all): 2:44:10/47:29, ade_TYPE_VEHICLE_layer_5=0.649, ade_TYPE_PEDESTRIAN_layer_5=0.219, ade_TYPE_CYCLIST_layer_5=0.457, loss=18.872, lr=0.0001
2026-08-20 08:13:16,536   INFO  epoch: 38/50, acc_iter=20750, cur_iter=267/539, batch_size=8, iter_cost=0.46s, time_cost(epoch): 02:02/02:04, time_cost(all): 2:44:33/47:12, ade_TYPE_VEHICLE_layer_5=0.643, ade_TYPE_PEDESTRIAN_layer_5=0.221, ade_TYPE_CYCLIST_layer_5=0.343, loss=37.544, lr=0.0001
2026-08-20 08:13:39,038   INFO  epoch: 38/50, acc_iter=20800, cur_iter=317/539, batch_size=8, iter_cost=0.46s, time_cost(epoch): 02:24/01:41, time_cost(all): 2:44:56/46:43, ade_TYPE_VEHICLE_layer_5=0.672, ade_TYPE_PEDESTRIAN_layer_5=0.389, ade_TYPE_CYCLIST_layer_5=0.383, loss=99.195, lr=0.0001
2026-08-20 08:14:02,690   INFO  epoch: 38/50, acc_iter=20850, cur_iter=367/539, batch_size=8, iter_cost=0.46s, time_cost(epoch): 02:48/01:18, time_cost(all): 2:45:19/46:35, ade_TYPE_VEHICLE_layer_5=0.586, ade_TYPE_PEDESTRIAN_layer_5=0.192, ade_TYPE_CYCLIST_layer_5=0.426, loss=70.838, lr=0.0001
2026-08-20 08:14:25,767   INFO  epoch: 38/50, acc_iter=20900, cur_iter=417/539, batch_size=8, iter_cost=0.46s, time_cost(epoch): 03:11/00:55, time_cost(all): 2:45:42/46:14, ade_TYPE_VEHICLE_layer_5=0.542, ade_TYPE_PEDESTRIAN_layer_5=0.183, ade_TYPE_CYCLIST_layer_5=0.681, loss=57.117, lr=0.0001
2026-08-20 08:14:48,326   INFO  epoch: 38/50, acc_iter=20950, cur_iter=467/539, batch_size=8, iter_cost=0.46s, time_cost(epoch): 03:34/00:32, time_cost(all): 2:46:05/45:46, ade_TYPE_VEHICLE_layer_5=0.537, ade_TYPE_PEDESTRIAN_layer_5=0.342, ade_TYPE_CYCLIST_layer_5=-0.000, loss=119.065, lr=0.0001
2026-08-20 08:15:10,779   INFO  epoch: 38/50, acc_iter=21000, cur_iter=517/539, batch_size=8, iter_cost=0.46s, time_cost(epoch): 03:56/00:10, time_cost(all): 2:46:27/45:19, ade_TYPE_VEHICLE_layer_5=0.651, ade_TYPE_PEDESTRIAN_layer_5=0.102, ade_TYPE_CYCLIST_layer_5=-0.000, loss=73.209, lr=0.0001
2026-08-20 08:15:20,228   INFO  epoch: 38/50, acc_iter=21021, cur_iter=538/539, batch_size=4, iter_cost=0.46s, time_cost(epoch): 04:06/00:00, time_cost(all): 2:46:37/45:07, ade_TYPE_VEHICLE_layer_5=0.776, ade_TYPE_PEDESTRIAN_layer_5=0.235, ade_TYPE_CYCLIST_layer_5=0.274, loss=167.647, lr=0.0001
epochs:  78%|██████████████████████████████████████████████████████████████████████████████████████████████████████████████████████████████████████████                                       | 39/50 [2:46:37<46:33, 253.96s/it]
2026-08-20 08:15:21,885   INFO  epoch: 39/50, acc_iter=21022, cur_iter=0/539, batch_size=8, iter_cost=0.92s, time_cost(epoch): 00:00/08:13, time_cost(all): 2:46:39/1:30:26, ade_TYPE_VEHICLE_layer_5=0.715, ade_TYPE_PEDESTRIAN_layer_5=0.199, ade_TYPE_CYCLIST_layer_5=-0.000, loss=78.810, lr=0.0001
2026-08-20 08:15:34,596   INFO  epoch: 39/50, acc_iter=21050, cur_iter=28/539, batch_size=8, iter_cost=0.47s, time_cost(epoch): 00:13/04:00, time_cost(all): 2:46:51/46:12, ade_TYPE_VEHICLE_layer_5=0.593, ade_TYPE_PEDESTRIAN_layer_5=0.163, ade_TYPE_CYCLIST_layer_5=0.412, loss=46.784, lr=0.0001
2026-08-20 08:15:57,177   INFO  epoch: 39/50, acc_iter=21100, cur_iter=78/539, batch_size=8, iter_cost=0.46s, time_cost(epoch): 00:36/03:31, time_cost(all): 2:47:14/44:41, ade_TYPE_VEHICLE_layer_5=0.759, ade_TYPE_PEDESTRIAN_layer_5=0.177, ade_TYPE_CYCLIST_layer_5=-0.000, loss=137.559, lr=0.0001
2026-08-20 08:16:20,011   INFO  epoch: 39/50, acc_iter=21150, cur_iter=128/539, batch_size=8, iter_cost=0.46s, time_cost(epoch): 00:59/03:08, time_cost(all): 2:47:37/44:15, ade_TYPE_VEHICLE_layer_5=0.695, ade_TYPE_PEDESTRIAN_layer_5=0.329, ade_TYPE_CYCLIST_layer_5=0.645, loss=146.207, lr=0.0001
2026-08-20 08:16:42,787   INFO  epoch: 39/50, acc_iter=21200, cur_iter=178/539, batch_size=8, iter_cost=0.46s, time_cost(epoch): 01:21/02:45, time_cost(all): 2:47:59/43:48, ade_TYPE_VEHICLE_layer_5=0.574, ade_TYPE_PEDESTRIAN_layer_5=0.261, ade_TYPE_CYCLIST_layer_5=0.243, loss=75.955, lr=0.0001
2026-08-20 08:17:05,185   INFO  epoch: 39/50, acc_iter=21250, cur_iter=228/539, batch_size=8, iter_cost=0.46s, time_cost(epoch): 01:44/02:21, time_cost(all): 2:48:22/43:14, ade_TYPE_VEHICLE_layer_5=0.668, ade_TYPE_PEDESTRIAN_layer_5=0.245, ade_TYPE_CYCLIST_layer_5=-0.000, loss=75.316, lr=0.0001
2026-08-20 08:17:27,887   INFO  epoch: 39/50, acc_iter=21300, cur_iter=278/539, batch_size=8, iter_cost=0.45s, time_cost(epoch): 02:06/01:58, time_cost(all): 2:48:45/42:50, ade_TYPE_VEHICLE_layer_5=0.647, ade_TYPE_PEDESTRIAN_layer_5=0.494, ade_TYPE_CYCLIST_layer_5=0.417, loss=106.505, lr=0.0001
2026-08-20 08:17:50,566   INFO  epoch: 39/50, acc_iter=21350, cur_iter=328/539, batch_size=8, iter_cost=0.45s, time_cost(epoch): 02:29/01:35, time_cost(all): 2:49:07/42:26, ade_TYPE_VEHICLE_layer_5=0.661, ade_TYPE_PEDESTRIAN_layer_5=0.232, ade_TYPE_CYCLIST_layer_5=0.586, loss=47.697, lr=0.0001
2026-08-20 08:18:13,497   INFO  epoch: 39/50, acc_iter=21400, cur_iter=378/539, batch_size=8, iter_cost=0.46s, time_cost(epoch): 02:52/01:13, time_cost(all): 2:49:30/42:06, ade_TYPE_VEHICLE_layer_5=0.565, ade_TYPE_PEDESTRIAN_layer_5=0.208, ade_TYPE_CYCLIST_layer_5=-0.000, loss=80.654, lr=0.0001
2026-08-20 08:18:36,511   INFO  epoch: 39/50, acc_iter=21450, cur_iter=428/539, batch_size=8, iter_cost=0.46s, time_cost(epoch): 03:15/00:50, time_cost(all): 2:49:53/41:47, ade_TYPE_VEHICLE_layer_5=0.601, ade_TYPE_PEDESTRIAN_layer_5=0.109, ade_TYPE_CYCLIST_layer_5=0.318, loss=80.716, lr=0.0001
2026-08-20 08:18:59,236   INFO  epoch: 39/50, acc_iter=21500, cur_iter=478/539, batch_size=8, iter_cost=0.46s, time_cost(epoch): 03:38/00:27, time_cost(all): 2:50:16/41:23, ade_TYPE_VEHICLE_layer_5=0.558, ade_TYPE_PEDESTRIAN_layer_5=0.389, ade_TYPE_CYCLIST_layer_5=-0.000, loss=24.540, lr=0.0001
2026-08-20 08:19:22,443   INFO  epoch: 39/50, acc_iter=21550, cur_iter=528/539, batch_size=8, iter_cost=0.46s, time_cost(epoch): 04:01/00:05, time_cost(all): 2:50:39/41:05, ade_TYPE_VEHICLE_layer_5=0.521, ade_TYPE_PEDESTRIAN_layer_5=0.175, ade_TYPE_CYCLIST_layer_5=0.527, loss=13.756, lr=0.0001
2026-08-20 08:19:26,594   INFO  epoch: 39/50, acc_iter=21560, cur_iter=538/539, batch_size=4, iter_cost=0.46s, time_cost(epoch): 04:05/00:00, time_cost(all): 2:50:43/40:56, ade_TYPE_VEHICLE_layer_5=0.615, ade_TYPE_PEDESTRIAN_layer_5=-0.000, ade_TYPE_CYCLIST_layer_5=-0.000, loss=101.510, lr=5e-05
2026-08-20 08:19:28,099   INFO  ==> Eval with EMA weights (epoch 40)
2026-08-20 08:19:28,214   INFO  *************** EPOCH 40 EVALUATION *****************
2026-08-20 08:19:29,046   INFO  eval: epoch=40, batch_iter=0/79, batch_size=8, iter_cost=0.83s, time_cost: 00:00/01:05, 
2026-08-20 08:19:30,040   INFO  eval: epoch=40, batch_iter=10/79, batch_size=8, iter_cost=0.18s, time_cost: 00:01/00:12, 
2026-08-20 08:19:31,080   INFO  eval: epoch=40, batch_iter=20/79, batch_size=8, iter_cost=0.14s, time_cost: 00:02/00:08, 
2026-08-20 08:19:32,107   INFO  eval: epoch=40, batch_iter=30/79, batch_size=8, iter_cost=0.13s, time_cost: 00:03/00:06, 
2026-08-20 08:19:33,152   INFO  eval: epoch=40, batch_iter=40/79, batch_size=8, iter_cost=0.12s, time_cost: 00:04/00:04, 
2026-08-20 08:19:34,167   INFO  eval: epoch=40, batch_iter=50/79, batch_size=8, iter_cost=0.12s, time_cost: 00:05/00:03, 
2026-08-20 08:19:35,188   INFO  eval: epoch=40, batch_iter=60/79, batch_size=8, iter_cost=0.12s, time_cost: 00:06/00:02, 
2026-08-20 08:19:36,161   INFO  eval: epoch=40, batch_iter=70/79, batch_size=8, iter_cost=0.11s, time_cost: 00:07/00:01, 
2026-08-20 08:19:36,857   INFO  eval: epoch=40, batch_iter=78/79, batch_size=1, iter_cost=0.11s, time_cost: 00:08/00:00, 
eval:   0%|                                                                                                                                                                                               | 0/79 [00:08<?, ?it/s]
2026-08-20 08:19:36,985   INFO  Total number of samples before merging from multiple GPUs: 625
2026-08-20 08:19:37,419   INFO  Total number of samples after merging from multiple GPUs (removing duplicate): 5000
2026-08-20 08:19:37,424   INFO  *************** Performance of EPOCH 40 *****************
2026-08-20 08:19:37,424   INFO  Generate label finished(sec_per_example: 0.0018 second).
Total number for evaluation (intput): 5000
Total number for evaluation (after processed): 22520
Total number for evaluation (intput): 5000
Total number for evaluation (after processed): 22520
Total number for evaluation (intput): 5000
Total number for evaluation (after processed): 22520
2026-08-20 08:19:43,847   INFO  
========== Evaluation @ 3s ==========
minADE - VEHICLE: 0.4681 
minADE - PEDESTRIAN: 0.2057 
minADE - CYCLIST: 0.4062 
minFDE - VEHICLE: 0.7979 
minFDE - PEDESTRIAN: 0.3778 
minFDE - CYCLIST: 0.7451 
MissRate - VEHICLE: 0.1868 
MissRate - PEDESTRIAN: 0.0970 
MissRate - CYCLIST: 0.2544 
OverlapRate - VEHICLE: 0.0114 
OverlapRate - PEDESTRIAN: 0.0648 
OverlapRate - CYCLIST: 0.0260 
mAP - VEHICLE: 0.2921 
mAP - PEDESTRIAN: 0.4649 
mAP - CYCLIST: 0.4542 
minADE: 0.3600 
minFDE: 0.6403 
MissRate: 0.1794 
mAP: 0.4037 
       Waymo          mAP       minADE       minFDE     MissRate            
      VEHICLE      0.2921,      0.4681,      0.7979,      0.1868,            
   PEDESTRIAN      0.4649,      0.2057,      0.3778,      0.0970,            
      CYCLIST      0.4542,      0.4062,      0.7451,      0.2544,            
          Avg      0.4037,      0.3600,      0.6403,      0.1794,            
========== Evaluation @ 5s ==========
minADE - VEHICLE: 0.6733 
minADE - PEDESTRIAN: 0.2959 
minADE - CYCLIST: 0.5873 
minFDE - VEHICLE: 1.2289 
minFDE - PEDESTRIAN: 0.5740 
minFDE - CYCLIST: 1.1395 
MissRate - VEHICLE: 0.2052 
MissRate - PEDESTRIAN: 0.1035 
MissRate - CYCLIST: 0.2539 
OverlapRate - VEHICLE: 0.0207 
OverlapRate - PEDESTRIAN: 0.0715 
OverlapRate - CYCLIST: 0.0355 
mAP - VEHICLE: 0.2975 
mAP - PEDESTRIAN: 0.5225 
mAP - CYCLIST: 0.2745 
minADE: 0.5189 
minFDE: 0.9808 
MissRate: 0.1875 
mAP: 0.3648 
       Waymo          mAP       minADE       minFDE     MissRate            
      VEHICLE      0.2975,      0.6733,      1.2289,      0.2052,            
   PEDESTRIAN      0.5225,      0.2959,      0.5740,      0.1035,            
      CYCLIST      0.2745,      0.5873,      1.1395,      0.2539,            
          Avg      0.3648,      0.5189,      0.9808,      0.1875,            
========== Evaluation @ 8s ==========
minADE - VEHICLE: 0.9771 
minADE - PEDESTRIAN: 0.4238 
minADE - CYCLIST: 0.8442 
minFDE - VEHICLE: 1.9202 
minFDE - PEDESTRIAN: 0.8771 
minFDE - CYCLIST: 1.7705 
MissRate - VEHICLE: 0.2308 
MissRate - PEDESTRIAN: 0.1146 
MissRate - CYCLIST: 0.2614 
OverlapRate - VEHICLE: 0.0356 
OverlapRate - PEDESTRIAN: 0.0774 
OverlapRate - CYCLIST: 0.0482 
mAP - VEHICLE: 0.3072 
mAP - PEDESTRIAN: 0.3341 
mAP - CYCLIST: 0.2756 
minADE: 0.7484 
minFDE: 1.5226 
MissRate: 0.2023 
mAP: 0.3056 
       Waymo          mAP       minADE       minFDE     MissRate            
      VEHICLE      0.3072,      0.9771,      1.9202,      0.2308,            
   PEDESTRIAN      0.3341,      0.4238,      0.8771,      0.1146,            
      CYCLIST      0.2756,      0.8442,      1.7705,      0.2614,            
          Avg      0.3056,      0.7484,      1.5226,      0.2023,            
2026-08-20 08:19:43,848   INFO  Result is save to /root/wanqinghua/MTR/output/waymo/mtr_voyah_data/mtr_with_qcnet_v2/eval/eval_with_train
2026-08-20 08:19:43,848   INFO  ****************Evaluation done.*****************
2026-08-20 08:19:44,853   INFO  Save best model to /root/wanqinghua/MTR/output/waymo/mtr_voyah_data/mtr_with_qcnet_v2/ckpt/best_model
2026-08-20 08:19:46,535   INFO  Save EMA best model to /root/wanqinghua/MTR/output/waymo/mtr_voyah_data/mtr_with_qcnet_v2/ckpt/best_model_ema
epochs:  80%|█████████████████████████████████████████████████████████████████████████████████████████████████████████████████████████████████████████████▌                                   | 40/50 [2:51:03<42:56, 257.62s/it]
2026-08-20 08:19:47,894   INFO  epoch: 40/50, acc_iter=21561, cur_iter=0/539, batch_size=8, iter_cost=0.90s, time_cost(epoch): 00:00/08:02, time_cost(all): 2:51:05/1:20:27, ade_TYPE_VEHICLE_layer_5=0.627, ade_TYPE_PEDESTRIAN_layer_5=0.134, ade_TYPE_CYCLIST_layer_5=0.654, loss=97.033, lr=5e-05
2026-08-20 08:20:05,580   INFO  epoch: 40/50, acc_iter=21600, cur_iter=39/539, batch_size=8, iter_cost=0.46s, time_cost(epoch): 00:18/03:52, time_cost(all): 2:51:22/41:25, ade_TYPE_VEHICLE_layer_5=0.648, ade_TYPE_PEDESTRIAN_layer_5=0.229, ade_TYPE_CYCLIST_layer_5=0.659, loss=88.254, lr=5e-05
2026-08-20 08:20:28,408   INFO  epoch: 40/50, acc_iter=21650, cur_iter=89/539, batch_size=8, iter_cost=0.46s, time_cost(epoch): 00:41/03:27, time_cost(all): 2:51:45/40:39, ade_TYPE_VEHICLE_layer_5=0.627, ade_TYPE_PEDESTRIAN_layer_5=0.291, ade_TYPE_CYCLIST_layer_5=-0.000, loss=90.675, lr=5e-05
2026-08-20 08:20:51,122   INFO  epoch: 40/50, acc_iter=21700, cur_iter=139/539, batch_size=8, iter_cost=0.46s, time_cost(epoch): 01:04/03:03, time_cost(all): 2:52:08/40:05, ade_TYPE_VEHICLE_layer_5=0.544, ade_TYPE_PEDESTRIAN_layer_5=0.271, ade_TYPE_CYCLIST_layer_5=-0.000, loss=29.937, lr=5e-05
2026-08-20 08:21:13,946   INFO  epoch: 40/50, acc_iter=21750, cur_iter=189/539, batch_size=8, iter_cost=0.46s, time_cost(epoch): 01:26/02:40, time_cost(all): 2:52:31/39:40, ade_TYPE_VEHICLE_layer_5=0.726, ade_TYPE_PEDESTRIAN_layer_5=0.262, ade_TYPE_CYCLIST_layer_5=-0.000, loss=57.855, lr=5e-05
2026-08-20 08:21:37,146   INFO  epoch: 40/50, acc_iter=21800, cur_iter=239/539, batch_size=8, iter_cost=0.46s, time_cost(epoch): 01:50/02:17, time_cost(all): 2:52:54/39:24, ade_TYPE_VEHICLE_layer_5=0.651, ade_TYPE_PEDESTRIAN_layer_5=0.397, ade_TYPE_CYCLIST_layer_5=0.270, loss=51.777, lr=5e-05
2026-08-20 08:22:00,123   INFO  epoch: 40/50, acc_iter=21850, cur_iter=289/539, batch_size=8, iter_cost=0.46s, time_cost(epoch): 02:13/01:54, time_cost(all): 2:53:17/39:01, ade_TYPE_VEHICLE_layer_5=0.612, ade_TYPE_PEDESTRIAN_layer_5=0.255, ade_TYPE_CYCLIST_layer_5=0.349, loss=95.001, lr=5e-05
2026-08-20 08:22:23,348   INFO  epoch: 40/50, acc_iter=21900, cur_iter=339/539, batch_size=8, iter_cost=0.46s, time_cost(epoch): 02:36/01:31, time_cost(all): 2:53:40/38:42, ade_TYPE_VEHICLE_layer_5=0.481, ade_TYPE_PEDESTRIAN_layer_5=0.115, ade_TYPE_CYCLIST_layer_5=0.191, loss=71.055, lr=5e-05
2026-08-20 08:22:46,104   INFO  epoch: 40/50, acc_iter=21950, cur_iter=389/539, batch_size=8, iter_cost=0.46s, time_cost(epoch): 02:59/01:08, time_cost(all): 2:54:03/38:16, ade_TYPE_VEHICLE_layer_5=0.732, ade_TYPE_PEDESTRIAN_layer_5=0.117, ade_TYPE_CYCLIST_layer_5=0.649, loss=118.624, lr=5e-05
2026-08-20 08:23:08,860   INFO  epoch: 40/50, acc_iter=22000, cur_iter=439/539, batch_size=8, iter_cost=0.46s, time_cost(epoch): 03:21/00:45, time_cost(all): 2:54:26/37:51, ade_TYPE_VEHICLE_layer_5=0.606, ade_TYPE_PEDESTRIAN_layer_5=0.201, ade_TYPE_CYCLIST_layer_5=-0.000, loss=14.337, lr=5e-05
2026-08-20 08:23:31,343   INFO  epoch: 40/50, acc_iter=22050, cur_iter=489/539, batch_size=8, iter_cost=0.46s, time_cost(epoch): 03:44/00:22, time_cost(all): 2:54:48/37:23, ade_TYPE_VEHICLE_layer_5=0.626, ade_TYPE_PEDESTRIAN_layer_5=0.170, ade_TYPE_CYCLIST_layer_5=-0.000, loss=171.736, lr=5e-05
2026-08-20 08:23:53,058   INFO  epoch: 40/50, acc_iter=22099, cur_iter=538/539, batch_size=4, iter_cost=0.46s, time_cost(epoch): 04:06/00:00, time_cost(all): 2:55:10/36:54, ade_TYPE_VEHICLE_layer_5=0.509, ade_TYPE_PEDESTRIAN_layer_5=0.155, ade_TYPE_CYCLIST_layer_5=-0.000, loss=-81.150, lr=5e-05
2026-08-20 08:23:54,562   INFO  ==> Eval with EMA weights (epoch 41)
2026-08-20 08:23:54,675   INFO  *************** EPOCH 41 EVALUATION *****************
2026-08-20 08:23:55,516   INFO  eval: epoch=41, batch_iter=0/79, batch_size=8, iter_cost=0.84s, time_cost: 00:00/01:06, 
2026-08-20 08:23:56,499   INFO  eval: epoch=41, batch_iter=10/79, batch_size=8, iter_cost=0.18s, time_cost: 00:01/00:12, 
2026-08-20 08:23:57,520   INFO  eval: epoch=41, batch_iter=20/79, batch_size=8, iter_cost=0.14s, time_cost: 00:02/00:08, 
2026-08-20 08:23:58,543   INFO  eval: epoch=41, batch_iter=30/79, batch_size=8, iter_cost=0.13s, time_cost: 00:03/00:06, 
2026-08-20 08:23:59,592   INFO  eval: epoch=41, batch_iter=40/79, batch_size=8, iter_cost=0.12s, time_cost: 00:04/00:04, 
2026-08-20 08:24:00,607   INFO  eval: epoch=41, batch_iter=50/79, batch_size=8, iter_cost=0.12s, time_cost: 00:05/00:03, 
2026-08-20 08:24:01,633   INFO  eval: epoch=41, batch_iter=60/79, batch_size=8, iter_cost=0.12s, time_cost: 00:06/00:02, 
2026-08-20 08:24:02,603   INFO  eval: epoch=41, batch_iter=70/79, batch_size=8, iter_cost=0.11s, time_cost: 00:07/00:01, 
2026-08-20 08:24:03,301   INFO  eval: epoch=41, batch_iter=78/79, batch_size=1, iter_cost=0.11s, time_cost: 00:08/00:00, 
eval:   0%|                                                                                                                                                                                               | 0/79 [00:08<?, ?it/s]
2026-08-20 08:24:03,392   INFO  Total number of samples before merging from multiple GPUs: 625
2026-08-20 08:24:03,835   INFO  Total number of samples after merging from multiple GPUs (removing duplicate): 5000
2026-08-20 08:24:03,839   INFO  *************** Performance of EPOCH 41 *****************
2026-08-20 08:24:03,840   INFO  Generate label finished(sec_per_example: 0.0018 second).
Total number for evaluation (intput): 5000
Total number for evaluation (after processed): 22520
Total number for evaluation (intput): 5000
Total number for evaluation (after processed): 22520
Total number for evaluation (intput): 5000
Total number for evaluation (after processed): 22520
2026-08-20 08:24:10,252   INFO  
========== Evaluation @ 3s ==========
minADE - VEHICLE: 0.4083 
minADE - PEDESTRIAN: 0.1970 
minADE - CYCLIST: 0.4283 
minFDE - VEHICLE: 0.7391 
minFDE - PEDESTRIAN: 0.3685 
minFDE - CYCLIST: 0.7717 
MissRate - VEHICLE: 0.1676 
MissRate - PEDESTRIAN: 0.0927 
MissRate - CYCLIST: 0.2632 
OverlapRate - VEHICLE: 0.0085 
OverlapRate - PEDESTRIAN: 0.0653 
OverlapRate - CYCLIST: 0.0275 
mAP - VEHICLE: 0.3114 
mAP - PEDESTRIAN: 0.4638 
mAP - CYCLIST: 0.4181 
minADE: 0.3445 
minFDE: 0.6264 
MissRate: 0.1745 
mAP: 0.3978 
       Waymo          mAP       minADE       minFDE     MissRate            
      VEHICLE      0.3114,      0.4083,      0.7391,      0.1676,            
   PEDESTRIAN      0.4638,      0.1970,      0.3685,      0.0927,            
      CYCLIST      0.4181,      0.4283,      0.7717,      0.2632,            
          Avg      0.3978,      0.3445,      0.6264,      0.1745,            
========== Evaluation @ 5s ==========
minADE - VEHICLE: 0.6076 
minADE - PEDESTRIAN: 0.2862 
minADE - CYCLIST: 0.6088 
minFDE - VEHICLE: 1.1561 
minFDE - PEDESTRIAN: 0.5620 
minFDE - CYCLIST: 1.1587 
MissRate - VEHICLE: 0.1847 
MissRate - PEDESTRIAN: 0.0987 
MissRate - CYCLIST: 0.2582 
OverlapRate - VEHICLE: 0.0168 
OverlapRate - PEDESTRIAN: 0.0704 
OverlapRate - CYCLIST: 0.0384 
mAP - VEHICLE: 0.3209 
mAP - PEDESTRIAN: 0.5313 
mAP - CYCLIST: 0.2636 
minADE: 0.5009 
minFDE: 0.9589 
MissRate: 0.1805 
mAP: 0.3719 
       Waymo          mAP       minADE       minFDE     MissRate            
      VEHICLE      0.3209,      0.6076,      1.1561,      0.1847,            
   PEDESTRIAN      0.5313,      0.2862,      0.5620,      0.0987,            
      CYCLIST      0.2636,      0.6088,      1.1587,      0.2582,            
          Avg      0.3719,      0.5009,      0.9589,      0.1805,            
========== Evaluation @ 8s ==========
minADE - VEHICLE: 0.9021 
minADE - PEDESTRIAN: 0.4127 
minADE - CYCLIST: 0.8562 
minFDE - VEHICLE: 1.8293 
minFDE - PEDESTRIAN: 0.8615 
minFDE - CYCLIST: 1.7164 
MissRate - VEHICLE: 0.2130 
MissRate - PEDESTRIAN: 0.1086 
MissRate - CYCLIST: 0.2668 
OverlapRate - VEHICLE: 0.0310 
OverlapRate - PEDESTRIAN: 0.0776 
OverlapRate - CYCLIST: 0.0526 
mAP - VEHICLE: 0.3341 
mAP - PEDESTRIAN: 0.3425 
mAP - CYCLIST: 0.2673 
minADE: 0.7236 
minFDE: 1.4691 
MissRate: 0.1961 
mAP: 0.3146 
       Waymo          mAP       minADE       minFDE     MissRate            
      VEHICLE      0.3341,      0.9021,      1.8293,      0.2130,            
   PEDESTRIAN      0.3425,      0.4127,      0.8615,      0.1086,            
      CYCLIST      0.2673,      0.8562,      1.7164,      0.2668,            
          Avg      0.3146,      0.7236,      1.4691,      0.1961,            
2026-08-20 08:24:10,253   INFO  Result is save to /root/wanqinghua/MTR/output/waymo/mtr_voyah_data/mtr_with_qcnet_v2/eval/eval_with_train
2026-08-20 08:24:10,253   INFO  ****************Evaluation done.*****************
2026-08-20 08:24:11,299   INFO  Save best model to /root/wanqinghua/MTR/output/waymo/mtr_voyah_data/mtr_with_qcnet_v2/ckpt/best_model
2026-08-20 08:24:12,950   INFO  Save EMA best model to /root/wanqinghua/MTR/output/waymo/mtr_voyah_data/mtr_with_qcnet_v2/ckpt/best_model_ema
epochs:  82%|█████████████████████████████████████████████████████████████████████████████████████████████████████████████████████████████████████████████████▏                               | 41/50 [2:55:30<39:02, 260.26s/it]
2026-08-20 08:24:14,360   INFO  epoch: 41/50, acc_iter=22100, cur_iter=0/539, batch_size=8, iter_cost=0.92s, time_cost(epoch): 00:00/08:13, time_cost(all): 2:55:31/1:14:01, ade_TYPE_VEHICLE_layer_5=0.571, ade_TYPE_PEDESTRIAN_layer_5=0.297, ade_TYPE_CYCLIST_layer_5=0.453, loss=1.359, lr=5e-05
2026-08-20 08:24:37,130   INFO  epoch: 41/50, acc_iter=22150, cur_iter=50/539, batch_size=8, iter_cost=0.46s, time_cost(epoch): 00:23/03:47, time_cost(all): 2:55:54/37:09, ade_TYPE_VEHICLE_layer_5=0.715, ade_TYPE_PEDESTRIAN_layer_5=0.181, ade_TYPE_CYCLIST_layer_5=0.342, loss=107.635, lr=5e-05
2026-08-20 08:25:00,456   INFO  epoch: 41/50, acc_iter=22200, cur_iter=100/539, batch_size=8, iter_cost=0.47s, time_cost(epoch): 00:47/03:24, time_cost(all): 2:56:17/36:51, ade_TYPE_VEHICLE_layer_5=0.639, ade_TYPE_PEDESTRIAN_layer_5=0.206, ade_TYPE_CYCLIST_layer_5=-0.000, loss=28.347, lr=5e-05
2026-08-20 08:25:22,991   INFO  epoch: 41/50, acc_iter=22250, cur_iter=150/539, batch_size=8, iter_cost=0.46s, time_cost(epoch): 01:09/02:59, time_cost(all): 2:56:40/36:05, ade_TYPE_VEHICLE_layer_5=0.716, ade_TYPE_PEDESTRIAN_layer_5=0.157, ade_TYPE_CYCLIST_layer_5=-0.000, loss=93.431, lr=5e-05
2026-08-20 08:25:45,412   INFO  epoch: 41/50, acc_iter=22300, cur_iter=200/539, batch_size=8, iter_cost=0.46s, time_cost(epoch): 01:31/02:35, time_cost(all): 2:57:02/35:28, ade_TYPE_VEHICLE_layer_5=0.816, ade_TYPE_PEDESTRIAN_layer_5=-0.000, ade_TYPE_CYCLIST_layer_5=0.342, loss=178.358, lr=5e-05
2026-08-20 08:26:08,091   INFO  epoch: 41/50, acc_iter=22350, cur_iter=250/539, batch_size=8, iter_cost=0.46s, time_cost(epoch): 01:54/02:12, time_cost(all): 2:57:25/35:01, ade_TYPE_VEHICLE_layer_5=0.709, ade_TYPE_PEDESTRIAN_layer_5=0.473, ade_TYPE_CYCLIST_layer_5=0.412, loss=162.727, lr=5e-05
2026-08-20 08:26:30,749   INFO  epoch: 41/50, acc_iter=22400, cur_iter=300/539, batch_size=8, iter_cost=0.46s, time_cost(epoch): 02:17/01:49, time_cost(all): 2:57:47/34:35, ade_TYPE_VEHICLE_layer_5=0.566, ade_TYPE_PEDESTRIAN_layer_5=0.252, ade_TYPE_CYCLIST_layer_5=0.392, loss=58.760, lr=5e-05
2026-08-20 08:26:53,699   INFO  epoch: 41/50, acc_iter=22450, cur_iter=350/539, batch_size=8, iter_cost=0.46s, time_cost(epoch): 02:40/01:26, time_cost(all): 2:58:10/34:15, ade_TYPE_VEHICLE_layer_5=0.624, ade_TYPE_PEDESTRIAN_layer_5=0.198, ade_TYPE_CYCLIST_layer_5=1.049, loss=87.412, lr=5e-05
2026-08-20 08:27:15,997   INFO  epoch: 41/50, acc_iter=22500, cur_iter=400/539, batch_size=8, iter_cost=0.46s, time_cost(epoch): 03:02/01:03, time_cost(all): 2:58:33/33:46, ade_TYPE_VEHICLE_layer_5=0.636, ade_TYPE_PEDESTRIAN_layer_5=0.098, ade_TYPE_CYCLIST_layer_5=0.645, loss=98.571, lr=5e-05
2026-08-20 08:27:38,571   INFO  epoch: 41/50, acc_iter=22550, cur_iter=450/539, batch_size=8, iter_cost=0.45s, time_cost(epoch): 03:25/00:40, time_cost(all): 2:58:55/33:21, ade_TYPE_VEHICLE_layer_5=0.650, ade_TYPE_PEDESTRIAN_layer_5=0.299, ade_TYPE_CYCLIST_layer_5=0.453, loss=-0.776, lr=5e-05
2026-08-20 08:28:01,952   INFO  epoch: 41/50, acc_iter=22600, cur_iter=500/539, batch_size=8, iter_cost=0.46s, time_cost(epoch): 03:48/00:17, time_cost(all): 2:59:19/33:04, ade_TYPE_VEHICLE_layer_5=0.524, ade_TYPE_PEDESTRIAN_layer_5=0.327, ade_TYPE_CYCLIST_layer_5=0.498, loss=37.662, lr=5e-05
2026-08-20 08:28:18,871   INFO  epoch: 41/50, acc_iter=22638, cur_iter=538/539, batch_size=4, iter_cost=0.46s, time_cost(epoch): 04:05/00:00, time_cost(all): 2:59:36/32:43, ade_TYPE_VEHICLE_layer_5=0.551, ade_TYPE_PEDESTRIAN_layer_5=0.225, ade_TYPE_CYCLIST_layer_5=-0.000, loss=8.501, lr=5e-05
2026-08-20 08:28:20,398   INFO  ==> Eval with EMA weights (epoch 42)
2026-08-20 08:28:20,508   INFO  *************** EPOCH 42 EVALUATION *****************
2026-08-20 08:28:21,377   INFO  eval: epoch=42, batch_iter=0/79, batch_size=8, iter_cost=0.87s, time_cost: 00:00/01:08, 
2026-08-20 08:28:22,437   INFO  eval: epoch=42, batch_iter=10/79, batch_size=8, iter_cost=0.19s, time_cost: 00:01/00:13, 
2026-08-20 08:28:23,478   INFO  eval: epoch=42, batch_iter=20/79, batch_size=8, iter_cost=0.15s, time_cost: 00:02/00:08, 
2026-08-20 08:28:24,512   INFO  eval: epoch=42, batch_iter=30/79, batch_size=8, iter_cost=0.13s, time_cost: 00:04/00:06, 
2026-08-20 08:28:25,570   INFO  eval: epoch=42, batch_iter=40/79, batch_size=8, iter_cost=0.13s, time_cost: 00:05/00:04, 
2026-08-20 08:28:26,596   INFO  eval: epoch=42, batch_iter=50/79, batch_size=8, iter_cost=0.12s, time_cost: 00:06/00:03, 
2026-08-20 08:28:27,630   INFO  eval: epoch=42, batch_iter=60/79, batch_size=8, iter_cost=0.12s, time_cost: 00:07/00:02, 
2026-08-20 08:28:28,602   INFO  eval: epoch=42, batch_iter=70/79, batch_size=8, iter_cost=0.12s, time_cost: 00:08/00:01, 
2026-08-20 08:28:29,300   INFO  eval: epoch=42, batch_iter=78/79, batch_size=1, iter_cost=0.11s, time_cost: 00:08/00:00, 
eval:   0%|                                                                                                                                                                                               | 0/79 [00:08<?, ?it/s]
2026-08-20 08:28:29,384   INFO  Total number of samples before merging from multiple GPUs: 625
2026-08-20 08:28:29,821   INFO  Total number of samples after merging from multiple GPUs (removing duplicate): 5000
2026-08-20 08:28:29,825   INFO  *************** Performance of EPOCH 42 *****************
2026-08-20 08:28:29,826   INFO  Generate label finished(sec_per_example: 0.0019 second).
Total number for evaluation (intput): 5000
Total number for evaluation (after processed): 22520
Total number for evaluation (intput): 5000
Total number for evaluation (after processed): 22520
Total number for evaluation (intput): 5000
Total number for evaluation (after processed): 22520
2026-08-20 08:28:36,279   INFO  
========== Evaluation @ 3s ==========
minADE - VEHICLE: 0.4352 
minADE - PEDESTRIAN: 0.1975 
minADE - CYCLIST: 0.4177 
minFDE - VEHICLE: 0.7583 
minFDE - PEDESTRIAN: 0.3682 
minFDE - CYCLIST: 0.7371 
MissRate - VEHICLE: 0.1718 
MissRate - PEDESTRIAN: 0.0922 
MissRate - CYCLIST: 0.2573 
OverlapRate - VEHICLE: 0.0095 
OverlapRate - PEDESTRIAN: 0.0636 
OverlapRate - CYCLIST: 0.0260 
mAP - VEHICLE: 0.3005 
mAP - PEDESTRIAN: 0.4626 
mAP - CYCLIST: 0.4010 
minADE: 0.3501 
minFDE: 0.6212 
MissRate: 0.1738 
mAP: 0.3880 
       Waymo          mAP       minADE       minFDE     MissRate            
      VEHICLE      0.3005,      0.4352,      0.7583,      0.1718,            
   PEDESTRIAN      0.4626,      0.1975,      0.3682,      0.0922,            
      CYCLIST      0.4010,      0.4177,      0.7371,      0.2573,            
          Avg      0.3880,      0.3501,      0.6212,      0.1738,            
========== Evaluation @ 5s ==========
minADE - VEHICLE: 0.6333 
minADE - PEDESTRIAN: 0.2860 
minADE - CYCLIST: 0.5928 
minFDE - VEHICLE: 1.1729 
minFDE - PEDESTRIAN: 0.5607 
minFDE - CYCLIST: 1.1254 
MissRate - VEHICLE: 0.1892 
MissRate - PEDESTRIAN: 0.1027 
MissRate - CYCLIST: 0.2457 
OverlapRate - VEHICLE: 0.0186 
OverlapRate - PEDESTRIAN: 0.0710 
OverlapRate - CYCLIST: 0.0362 
mAP - VEHICLE: 0.3137 
mAP - PEDESTRIAN: 0.5238 
mAP - CYCLIST: 0.2598 
minADE: 0.5040 
minFDE: 0.9530 
MissRate: 0.1792 
mAP: 0.3658 
       Waymo          mAP       minADE       minFDE     MissRate            
      VEHICLE      0.3137,      0.6333,      1.1729,      0.1892,            
   PEDESTRIAN      0.5238,      0.2860,      0.5607,      0.1027,            
      CYCLIST      0.2598,      0.5928,      1.1254,      0.2457,            
          Avg      0.3658,      0.5040,      0.9530,      0.1792,            
========== Evaluation @ 8s ==========
minADE - VEHICLE: 0.9274 
minADE - PEDESTRIAN: 0.4115 
minADE - CYCLIST: 0.8409 
minFDE - VEHICLE: 1.8478 
minFDE - PEDESTRIAN: 0.8594 
minFDE - CYCLIST: 1.6912 
MissRate - VEHICLE: 0.2154 
MissRate - PEDESTRIAN: 0.1140 
MissRate - CYCLIST: 0.2516 
OverlapRate - VEHICLE: 0.0334 
OverlapRate - PEDESTRIAN: 0.0781 
OverlapRate - CYCLIST: 0.0478 
mAP - VEHICLE: 0.3240 
mAP - PEDESTRIAN: 0.3245 
mAP - CYCLIST: 0.2445 
minADE: 0.7266 
minFDE: 1.4661 
MissRate: 0.1937 
mAP: 0.2976 
       Waymo          mAP       minADE       minFDE     MissRate            
      VEHICLE      0.3240,      0.9274,      1.8478,      0.2154,            
   PEDESTRIAN      0.3245,      0.4115,      0.8594,      0.1140,            
      CYCLIST      0.2445,      0.8409,      1.6912,      0.2516,            
          Avg      0.2976,      0.7266,      1.4661,      0.1937,            
2026-08-20 08:28:36,280   INFO  Result is save to /root/wanqinghua/MTR/output/waymo/mtr_voyah_data/mtr_with_qcnet_v2/eval/eval_with_train
2026-08-20 08:28:36,280   INFO  ****************Evaluation done.*****************
epochs:  84%|████████████████████████████████████████████████████████████████████████████████████████████████████████████████████████████████████████████████████▋                            | 42/50 [2:59:53<34:49, 261.20s/it]
2026-08-20 08:28:37,711   INFO  epoch: 42/50, acc_iter=22639, cur_iter=0/539, batch_size=8, iter_cost=0.89s, time_cost(epoch): 00:00/07:59, time_cost(all): 2:59:54/1:03:53, ade_TYPE_VEHICLE_layer_5=0.701, ade_TYPE_PEDESTRIAN_layer_5=0.227, ade_TYPE_CYCLIST_layer_5=-0.000, loss=130.685, lr=5e-05
2026-08-20 08:28:42,534   INFO  epoch: 42/50, acc_iter=22650, cur_iter=11/539, batch_size=8, iter_cost=0.48s, time_cost(epoch): 00:05/04:11, time_cost(all): 2:59:59/34:07, ade_TYPE_VEHICLE_layer_5=0.625, ade_TYPE_PEDESTRIAN_layer_5=0.207, ade_TYPE_CYCLIST_layer_5=0.408, loss=49.733, lr=5e-05
2026-08-20 08:29:05,790   INFO  epoch: 42/50, acc_iter=22700, cur_iter=61/539, batch_size=8, iter_cost=0.47s, time_cost(epoch): 00:28/03:43, time_cost(all): 3:00:22/33:06, ade_TYPE_VEHICLE_layer_5=0.515, ade_TYPE_PEDESTRIAN_layer_5=0.222, ade_TYPE_CYCLIST_layer_5=0.884, loss=5.452, lr=5e-05
2026-08-20 08:29:28,715   INFO  epoch: 42/50, acc_iter=22750, cur_iter=111/539, batch_size=8, iter_cost=0.46s, time_cost(epoch): 00:51/03:18, time_cost(all): 3:00:45/32:26, ade_TYPE_VEHICLE_layer_5=0.633, ade_TYPE_PEDESTRIAN_layer_5=0.216, ade_TYPE_CYCLIST_layer_5=-0.000, loss=133.637, lr=5e-05
2026-08-20 08:29:51,764   INFO  epoch: 42/50, acc_iter=22800, cur_iter=161/539, batch_size=8, iter_cost=0.46s, time_cost(epoch): 01:14/02:54, time_cost(all): 3:01:08/32:00, ade_TYPE_VEHICLE_layer_5=0.633, ade_TYPE_PEDESTRIAN_layer_5=0.252, ade_TYPE_CYCLIST_layer_5=0.645, loss=109.544, lr=5e-05
2026-08-20 08:30:14,592   INFO  epoch: 42/50, acc_iter=22850, cur_iter=211/539, batch_size=8, iter_cost=0.46s, time_cost(epoch): 01:37/02:31, time_cost(all): 3:01:31/31:31, ade_TYPE_VEHICLE_layer_5=0.673, ade_TYPE_PEDESTRIAN_layer_5=0.119, ade_TYPE_CYCLIST_layer_5=-0.000, loss=118.269, lr=5e-05
2026-08-20 08:30:37,880   INFO  epoch: 42/50, acc_iter=22900, cur_iter=261/539, batch_size=8, iter_cost=0.46s, time_cost(epoch): 02:01/02:08, time_cost(all): 3:01:55/31:11, ade_TYPE_VEHICLE_layer_5=0.782, ade_TYPE_PEDESTRIAN_layer_5=0.150, ade_TYPE_CYCLIST_layer_5=0.216, loss=45.204, lr=5e-05
2026-08-20 08:31:00,562   INFO  epoch: 42/50, acc_iter=22950, cur_iter=311/539, batch_size=8, iter_cost=0.46s, time_cost(epoch): 02:23/01:45, time_cost(all): 3:02:17/30:43, ade_TYPE_VEHICLE_layer_5=0.591, ade_TYPE_PEDESTRIAN_layer_5=0.163, ade_TYPE_CYCLIST_layer_5=0.778, loss=95.295, lr=5e-05
2026-08-20 08:31:23,732   INFO  epoch: 42/50, acc_iter=23000, cur_iter=361/539, batch_size=8, iter_cost=0.46s, time_cost(epoch): 02:46/01:22, time_cost(all): 3:02:40/30:21, ade_TYPE_VEHICLE_layer_5=0.584, ade_TYPE_PEDESTRIAN_layer_5=0.204, ade_TYPE_CYCLIST_layer_5=0.351, loss=-8.309, lr=5e-05
2026-08-20 08:31:45,939   INFO  epoch: 42/50, acc_iter=23050, cur_iter=411/539, batch_size=8, iter_cost=0.46s, time_cost(epoch): 03:09/00:58, time_cost(all): 3:03:03/29:50, ade_TYPE_VEHICLE_layer_5=0.646, ade_TYPE_PEDESTRIAN_layer_5=0.282, ade_TYPE_CYCLIST_layer_5=-0.000, loss=42.670, lr=5e-05
2026-08-20 08:32:08,658   INFO  epoch: 42/50, acc_iter=23100, cur_iter=461/539, batch_size=8, iter_cost=0.46s, time_cost(epoch): 03:31/00:35, time_cost(all): 3:03:25/29:25, ade_TYPE_VEHICLE_layer_5=0.667, ade_TYPE_PEDESTRIAN_layer_5=0.844, ade_TYPE_CYCLIST_layer_5=-0.000, loss=103.818, lr=5e-05
2026-08-20 08:32:31,595   INFO  epoch: 42/50, acc_iter=23150, cur_iter=511/539, batch_size=8, iter_cost=0.46s, time_cost(epoch): 03:54/00:12, time_cost(all): 3:03:48/29:02, ade_TYPE_VEHICLE_layer_5=0.542, ade_TYPE_PEDESTRIAN_layer_5=0.138, ade_TYPE_CYCLIST_layer_5=0.304, loss=-11.737, lr=5e-05
2026-08-20 08:32:43,071   INFO  epoch: 42/50, acc_iter=23177, cur_iter=538/539, batch_size=4, iter_cost=0.46s, time_cost(epoch): 04:06/00:00, time_cost(all): 3:04:00/28:44, ade_TYPE_VEHICLE_layer_5=0.554, ade_TYPE_PEDESTRIAN_layer_5=-0.000, ade_TYPE_CYCLIST_layer_5=0.460, loss=21.260, lr=5e-05
2026-08-20 08:32:44,576   INFO  ==> Eval with EMA weights (epoch 43)
2026-08-20 08:32:44,696   INFO  *************** EPOCH 43 EVALUATION *****************
2026-08-20 08:32:45,557   INFO  eval: epoch=43, batch_iter=0/79, batch_size=8, iter_cost=0.86s, time_cost: 00:00/01:07, 
2026-08-20 08:32:46,559   INFO  eval: epoch=43, batch_iter=10/79, batch_size=8, iter_cost=0.19s, time_cost: 00:01/00:12, 
2026-08-20 08:32:47,580   INFO  eval: epoch=43, batch_iter=20/79, batch_size=8, iter_cost=0.14s, time_cost: 00:02/00:08, 
2026-08-20 08:32:48,601   INFO  eval: epoch=43, batch_iter=30/79, batch_size=8, iter_cost=0.13s, time_cost: 00:03/00:06, 
2026-08-20 08:32:49,652   INFO  eval: epoch=43, batch_iter=40/79, batch_size=8, iter_cost=0.12s, time_cost: 00:04/00:04, 
2026-08-20 08:32:50,668   INFO  eval: epoch=43, batch_iter=50/79, batch_size=8, iter_cost=0.12s, time_cost: 00:05/00:03, 
2026-08-20 08:32:51,694   INFO  eval: epoch=43, batch_iter=60/79, batch_size=8, iter_cost=0.12s, time_cost: 00:06/00:02, 
2026-08-20 08:32:52,669   INFO  eval: epoch=43, batch_iter=70/79, batch_size=8, iter_cost=0.11s, time_cost: 00:07/00:01, 
2026-08-20 08:32:53,365   INFO  eval: epoch=43, batch_iter=78/79, batch_size=1, iter_cost=0.11s, time_cost: 00:08/00:00, 
eval:   0%|                                                                                                                                                                                               | 0/79 [00:08<?, ?it/s]
2026-08-20 08:32:53,460   INFO  Total number of samples before merging from multiple GPUs: 625
2026-08-20 08:32:54,091   INFO  Total number of samples after merging from multiple GPUs (removing duplicate): 5000
2026-08-20 08:32:54,095   INFO  *************** Performance of EPOCH 43 *****************
2026-08-20 08:32:54,095   INFO  Generate label finished(sec_per_example: 0.0019 second).
Total number for evaluation (intput): 5000
Total number for evaluation (after processed): 22520
Total number for evaluation (intput): 5000
Total number for evaluation (after processed): 22520
Total number for evaluation (intput): 5000
Total number for evaluation (after processed): 22520
2026-08-20 08:33:00,691   INFO  
========== Evaluation @ 3s ==========
minADE - VEHICLE: 0.3962 
minADE - PEDESTRIAN: 0.1954 
minADE - CYCLIST: 0.4026 
minFDE - VEHICLE: 0.7289 
minFDE - PEDESTRIAN: 0.3639 
minFDE - CYCLIST: 0.7343 
MissRate - VEHICLE: 0.1602 
MissRate - PEDESTRIAN: 0.0888 
MissRate - CYCLIST: 0.2485 
OverlapRate - VEHICLE: 0.0082 
OverlapRate - PEDESTRIAN: 0.0653 
OverlapRate - CYCLIST: 0.0232 
mAP - VEHICLE: 0.3203 
mAP - PEDESTRIAN: 0.4872 
mAP - CYCLIST: 0.4297 
minADE: 0.3314 
minFDE: 0.6090 
MissRate: 0.1659 
mAP: 0.4124 
       Waymo          mAP       minADE       minFDE     MissRate            
      VEHICLE      0.3203,      0.3962,      0.7289,      0.1602,            
   PEDESTRIAN      0.4872,      0.1954,      0.3639,      0.0888,            
      CYCLIST      0.4297,      0.4026,      0.7343,      0.2485,            
          Avg      0.4124,      0.3314,      0.6090,      0.1659,            
========== Evaluation @ 5s ==========
minADE - VEHICLE: 0.5965 
minADE - PEDESTRIAN: 0.2858 
minADE - CYCLIST: 0.5806 
minFDE - VEHICLE: 1.1560 
minFDE - PEDESTRIAN: 0.5617 
minFDE - CYCLIST: 1.1287 
MissRate - VEHICLE: 0.1818 
MissRate - PEDESTRIAN: 0.1009 
MissRate - CYCLIST: 0.2569 
OverlapRate - VEHICLE: 0.0160 
OverlapRate - PEDESTRIAN: 0.0738 
OverlapRate - CYCLIST: 0.0376 
mAP - VEHICLE: 0.3248 
mAP - PEDESTRIAN: 0.5167 
mAP - CYCLIST: 0.2774 
minADE: 0.4876 
minFDE: 0.9488 
MissRate: 0.1799 
mAP: 0.3730 
       Waymo          mAP       minADE       minFDE     MissRate            
      VEHICLE      0.3248,      0.5965,      1.1560,      0.1818,            
   PEDESTRIAN      0.5167,      0.2858,      0.5617,      0.1009,            
      CYCLIST      0.2774,      0.5806,      1.1287,      0.2569,            
          Avg      0.3730,      0.4876,      0.9488,      0.1799,            
========== Evaluation @ 8s ==========
minADE - VEHICLE: 0.8938 
minADE - PEDESTRIAN: 0.4144 
minADE - CYCLIST: 0.8318 
minFDE - VEHICLE: 1.8465 
minFDE - PEDESTRIAN: 0.8647 
minFDE - CYCLIST: 1.7066 
MissRate - VEHICLE: 0.2112 
MissRate - PEDESTRIAN: 0.1119 
MissRate - CYCLIST: 0.2671 
OverlapRate - VEHICLE: 0.0293 
OverlapRate - PEDESTRIAN: 0.0818 
OverlapRate - CYCLIST: 0.0526 
mAP - VEHICLE: 0.3328 
mAP - PEDESTRIAN: 0.3375 
mAP - CYCLIST: 0.2679 
minADE: 0.7133 
minFDE: 1.4726 
MissRate: 0.1967 
mAP: 0.3127 
       Waymo          mAP       minADE       minFDE     MissRate            
      VEHICLE      0.3328,      0.8938,      1.8465,      0.2112,            
   PEDESTRIAN      0.3375,      0.4144,      0.8647,      0.1119,            
      CYCLIST      0.2679,      0.8318,      1.7066,      0.2671,            
          Avg      0.3127,      0.7133,      1.4726,      0.1967,            
2026-08-20 08:33:00,692   INFO  Result is save to /root/wanqinghua/MTR/output/waymo/mtr_voyah_data/mtr_with_qcnet_v2/eval/eval_with_train
2026-08-20 08:33:00,693   INFO  ****************Evaluation done.*****************
epochs:  86%|████████████████████████████████████████████████████████████████████████████████████████████████████████████████████████████████████████████████████████▏                        | 43/50 [3:04:17<30:35, 262.17s/it]
2026-08-20 08:33:02,151   INFO  epoch: 43/50, acc_iter=23178, cur_iter=0/539, batch_size=8, iter_cost=0.91s, time_cost(epoch): 00:00/08:09, time_cost(all): 3:04:19/57:07, ade_TYPE_VEHICLE_layer_5=0.560, ade_TYPE_PEDESTRIAN_layer_5=0.223, ade_TYPE_CYCLIST_layer_5=-0.000, loss=28.662, lr=5e-05
2026-08-20 08:33:12,166   INFO  epoch: 43/50, acc_iter=23200, cur_iter=22/539, batch_size=8, iter_cost=0.47s, time_cost(epoch): 00:10/04:05, time_cost(all): 3:04:29/29:41, ade_TYPE_VEHICLE_layer_5=0.635, ade_TYPE_PEDESTRIAN_layer_5=0.252, ade_TYPE_CYCLIST_layer_5=0.156, loss=-20.166, lr=5e-05
2026-08-20 08:33:35,037   INFO  epoch: 43/50, acc_iter=23250, cur_iter=72/539, batch_size=8, iter_cost=0.46s, time_cost(epoch): 00:33/03:36, time_cost(all): 3:04:52/28:33, ade_TYPE_VEHICLE_layer_5=0.528, ade_TYPE_PEDESTRIAN_layer_5=0.128, ade_TYPE_CYCLIST_layer_5=-0.000, loss=51.035, lr=5e-05
2026-08-20 08:33:57,446   INFO  epoch: 43/50, acc_iter=23300, cur_iter=122/539, batch_size=8, iter_cost=0.46s, time_cost(epoch): 00:56/03:10, time_cost(all): 3:05:14/27:48, ade_TYPE_VEHICLE_layer_5=0.474, ade_TYPE_PEDESTRIAN_layer_5=0.268, ade_TYPE_CYCLIST_layer_5=0.413, loss=14.892, lr=5e-05
2026-08-20 08:34:19,638   INFO  epoch: 43/50, acc_iter=23350, cur_iter=172/539, batch_size=8, iter_cost=0.45s, time_cost(epoch): 01:18/02:46, time_cost(all): 3:05:36/27:11, ade_TYPE_VEHICLE_layer_5=0.720, ade_TYPE_PEDESTRIAN_layer_5=0.199, ade_TYPE_CYCLIST_layer_5=0.469, loss=31.673, lr=5e-05
2026-08-20 08:34:42,272   INFO  epoch: 43/50, acc_iter=23400, cur_iter=222/539, batch_size=8, iter_cost=0.45s, time_cost(epoch): 01:41/02:23, time_cost(all): 3:05:59/26:48, ade_TYPE_VEHICLE_layer_5=0.655, ade_TYPE_PEDESTRIAN_layer_5=0.109, ade_TYPE_CYCLIST_layer_5=0.355, loss=56.144, lr=5e-05
2026-08-20 08:35:05,328   INFO  epoch: 43/50, acc_iter=23450, cur_iter=272/539, batch_size=8, iter_cost=0.45s, time_cost(epoch): 02:04/02:01, time_cost(all): 3:06:22/26:31, ade_TYPE_VEHICLE_layer_5=0.596, ade_TYPE_PEDESTRIAN_layer_5=0.270, ade_TYPE_CYCLIST_layer_5=0.509, loss=33.312, lr=5e-05
2026-08-20 08:35:27,892   INFO  epoch: 43/50, acc_iter=23500, cur_iter=322/539, batch_size=8, iter_cost=0.45s, time_cost(epoch): 02:26/01:38, time_cost(all): 3:06:45/26:06, ade_TYPE_VEHICLE_layer_5=0.681, ade_TYPE_PEDESTRIAN_layer_5=0.242, ade_TYPE_CYCLIST_layer_5=-0.000, loss=75.692, lr=5e-05
2026-08-20 08:35:50,716   INFO  epoch: 43/50, acc_iter=23550, cur_iter=372/539, batch_size=8, iter_cost=0.45s, time_cost(epoch): 02:49/01:15, time_cost(all): 3:07:07/25:45, ade_TYPE_VEHICLE_layer_5=0.590, ade_TYPE_PEDESTRIAN_layer_5=0.126, ade_TYPE_CYCLIST_layer_5=0.290, loss=24.968, lr=5e-05
2026-08-20 08:36:13,614   INFO  epoch: 43/50, acc_iter=23600, cur_iter=422/539, batch_size=8, iter_cost=0.45s, time_cost(epoch): 03:12/00:53, time_cost(all): 3:07:30/25:23, ade_TYPE_VEHICLE_layer_5=0.566, ade_TYPE_PEDESTRIAN_layer_5=0.146, ade_TYPE_CYCLIST_layer_5=-0.000, loss=83.764, lr=5e-05
2026-08-20 08:36:36,709   INFO  epoch: 43/50, acc_iter=23650, cur_iter=472/539, batch_size=8, iter_cost=0.46s, time_cost(epoch): 03:35/00:30, time_cost(all): 3:07:53/25:03, ade_TYPE_VEHICLE_layer_5=0.927, ade_TYPE_PEDESTRIAN_layer_5=0.256, ade_TYPE_CYCLIST_layer_5=-0.000, loss=112.700, lr=5e-05
2026-08-20 08:36:59,314   INFO  epoch: 43/50, acc_iter=23700, cur_iter=522/539, batch_size=8, iter_cost=0.46s, time_cost(epoch): 03:58/00:07, time_cost(all): 3:08:16/24:39, ade_TYPE_VEHICLE_layer_5=0.614, ade_TYPE_PEDESTRIAN_layer_5=0.142, ade_TYPE_CYCLIST_layer_5=1.009, loss=-37.039, lr=5e-05
2026-08-20 08:37:06,192   INFO  epoch: 43/50, acc_iter=23716, cur_iter=538/539, batch_size=4, iter_cost=0.45s, time_cost(epoch): 04:04/00:00, time_cost(all): 3:08:23/24:30, ade_TYPE_VEHICLE_layer_5=0.883, ade_TYPE_PEDESTRIAN_layer_5=0.228, ade_TYPE_CYCLIST_layer_5=-0.000, loss=52.333, lr=2.5e-05
2026-08-20 08:37:07,703   INFO  ==> Eval with EMA weights (epoch 44)
2026-08-20 08:37:07,813   INFO  *************** EPOCH 44 EVALUATION *****************
2026-08-20 08:37:08,683   INFO  eval: epoch=44, batch_iter=0/79, batch_size=8, iter_cost=0.87s, time_cost: 00:00/01:08, 
2026-08-20 08:37:09,668   INFO  eval: epoch=44, batch_iter=10/79, batch_size=8, iter_cost=0.19s, time_cost: 00:01/00:12, 
2026-08-20 08:37:10,685   INFO  eval: epoch=44, batch_iter=20/79, batch_size=8, iter_cost=0.14s, time_cost: 00:02/00:08, 
2026-08-20 08:37:11,704   INFO  eval: epoch=44, batch_iter=30/79, batch_size=8, iter_cost=0.13s, time_cost: 00:03/00:06, 
2026-08-20 08:37:12,750   INFO  eval: epoch=44, batch_iter=40/79, batch_size=8, iter_cost=0.12s, time_cost: 00:04/00:04, 
2026-08-20 08:37:13,765   INFO  eval: epoch=44, batch_iter=50/79, batch_size=8, iter_cost=0.12s, time_cost: 00:05/00:03, 
2026-08-20 08:37:14,790   INFO  eval: epoch=44, batch_iter=60/79, batch_size=8, iter_cost=0.12s, time_cost: 00:06/00:02, 
2026-08-20 08:37:15,763   INFO  eval: epoch=44, batch_iter=70/79, batch_size=8, iter_cost=0.11s, time_cost: 00:07/00:01, 
2026-08-20 08:37:16,457   INFO  eval: epoch=44, batch_iter=78/79, batch_size=1, iter_cost=0.11s, time_cost: 00:08/00:00, 
eval:   0%|                                                                                                                                                                                               | 0/79 [00:08<?, ?it/s]
2026-08-20 08:37:16,547   INFO  Total number of samples before merging from multiple GPUs: 625
2026-08-20 08:37:17,040   INFO  Total number of samples after merging from multiple GPUs (removing duplicate): 5000
2026-08-20 08:37:17,045   INFO  *************** Performance of EPOCH 44 *****************
2026-08-20 08:37:17,045   INFO  Generate label finished(sec_per_example: 0.0018 second).
Total number for evaluation (intput): 5000
Total number for evaluation (after processed): 22520
Total number for evaluation (intput): 5000
Total number for evaluation (after processed): 22520
Total number for evaluation (intput): 5000
Total number for evaluation (after processed): 22520
2026-08-20 08:37:23,548   INFO  
========== Evaluation @ 3s ==========
minADE - VEHICLE: 0.4317 
minADE - PEDESTRIAN: 0.2040 
minADE - CYCLIST: 0.4032 
minFDE - VEHICLE: 0.7389 
minFDE - PEDESTRIAN: 0.3809 
minFDE - CYCLIST: 0.7337 
MissRate - VEHICLE: 0.1680 
MissRate - PEDESTRIAN: 0.0901 
MissRate - CYCLIST: 0.2471 
OverlapRate - VEHICLE: 0.0091 
OverlapRate - PEDESTRIAN: 0.0653 
OverlapRate - CYCLIST: 0.0260 
mAP - VEHICLE: 0.2965 
mAP - PEDESTRIAN: 0.5058 
mAP - CYCLIST: 0.4134 
minADE: 0.3463 
minFDE: 0.6178 
MissRate: 0.1684 
mAP: 0.4052 
       Waymo          mAP       minADE       minFDE     MissRate            
      VEHICLE      0.2965,      0.4317,      0.7389,      0.1680,            
   PEDESTRIAN      0.5058,      0.2040,      0.3809,      0.0901,            
      CYCLIST      0.4134,      0.4032,      0.7337,      0.2471,            
          Avg      0.4052,      0.3463,      0.6178,      0.1684,            
========== Evaluation @ 5s ==========
minADE - VEHICLE: 0.6309 
minADE - PEDESTRIAN: 0.2977 
minADE - CYCLIST: 0.5824 
minFDE - VEHICLE: 1.1555 
minFDE - PEDESTRIAN: 0.5841 
minFDE - CYCLIST: 1.1240 
MissRate - VEHICLE: 0.1869 
MissRate - PEDESTRIAN: 0.1005 
MissRate - CYCLIST: 0.2502 
OverlapRate - VEHICLE: 0.0176 
OverlapRate - PEDESTRIAN: 0.0732 
OverlapRate - CYCLIST: 0.0347 
mAP - VEHICLE: 0.3093 
mAP - PEDESTRIAN: 0.5453 
mAP - CYCLIST: 0.2421 
minADE: 0.5037 
minFDE: 0.9545 
MissRate: 0.1792 
mAP: 0.3656 
       Waymo          mAP       minADE       minFDE     MissRate            
      VEHICLE      0.3093,      0.6309,      1.1555,      0.1869,            
   PEDESTRIAN      0.5453,      0.2977,      0.5841,      0.1005,            
      CYCLIST      0.2421,      0.5824,      1.1240,      0.2502,            
          Avg      0.3656,      0.5037,      0.9545,      0.1792,            
========== Evaluation @ 8s ==========
minADE - VEHICLE: 0.9259 
minADE - PEDESTRIAN: 0.4247 
minADE - CYCLIST: 0.8330 
minFDE - VEHICLE: 1.8421 
minFDE - PEDESTRIAN: 0.8841 
minFDE - CYCLIST: 1.7008 
MissRate - VEHICLE: 0.2140 
MissRate - PEDESTRIAN: 0.1133 
MissRate - CYCLIST: 0.2546 
OverlapRate - VEHICLE: 0.0316 
OverlapRate - PEDESTRIAN: 0.0811 
OverlapRate - CYCLIST: 0.0478 
mAP - VEHICLE: 0.3234 
mAP - PEDESTRIAN: 0.3564 
mAP - CYCLIST: 0.2503 
minADE: 0.7279 
minFDE: 1.4757 
MissRate: 0.1940 
mAP: 0.3100 
       Waymo          mAP       minADE       minFDE     MissRate            
      VEHICLE      0.3234,      0.9259,      1.8421,      0.2140,            
   PEDESTRIAN      0.3564,      0.4247,      0.8841,      0.1133,            
      CYCLIST      0.2503,      0.8330,      1.7008,      0.2546,            
          Avg      0.3100,      0.7279,      1.4757,      0.1940,            
2026-08-20 08:37:23,549   INFO  Result is save to /root/wanqinghua/MTR/output/waymo/mtr_voyah_data/mtr_with_qcnet_v2/eval/eval_with_train
2026-08-20 08:37:23,549   INFO  ****************Evaluation done.*****************
epochs:  88%|███████████████████████████████████████████████████████████████████████████████████████████████████████████████████████████████████████████████████████████▊                     | 44/50 [3:08:40<26:14, 262.37s/it]
2026-08-20 08:37:25,146   INFO  epoch: 44/50, acc_iter=23717, cur_iter=0/539, batch_size=8, iter_cost=1.06s, time_cost(epoch): 00:01/09:31, time_cost(all): 3:08:42/57:11, ade_TYPE_VEHICLE_layer_5=0.728, ade_TYPE_PEDESTRIAN_layer_5=0.217, ade_TYPE_CYCLIST_layer_5=0.495, loss=75.570, lr=2.5e-05
2026-08-20 08:37:40,597   INFO  epoch: 44/50, acc_iter=23750, cur_iter=33/539, batch_size=8, iter_cost=0.49s, time_cost(epoch): 00:16/04:05, time_cost(all): 3:08:57/25:54, ade_TYPE_VEHICLE_layer_5=0.671, ade_TYPE_PEDESTRIAN_layer_5=0.490, ade_TYPE_CYCLIST_layer_5=0.307, loss=136.412, lr=2.5e-05
2026-08-20 08:38:04,149   INFO  epoch: 44/50, acc_iter=23800, cur_iter=83/539, batch_size=8, iter_cost=0.48s, time_cost(epoch): 00:40/03:37, time_cost(all): 3:09:21/25:02, ade_TYPE_VEHICLE_layer_5=0.622, ade_TYPE_PEDESTRIAN_layer_5=-0.000, ade_TYPE_CYCLIST_layer_5=0.250, loss=138.092, lr=2.5e-05
2026-08-20 08:38:27,579   INFO  epoch: 44/50, acc_iter=23850, cur_iter=133/539, batch_size=8, iter_cost=0.47s, time_cost(epoch): 01:03/03:12, time_cost(all): 3:09:44/24:29, ade_TYPE_VEHICLE_layer_5=0.548, ade_TYPE_PEDESTRIAN_layer_5=-0.000, ade_TYPE_CYCLIST_layer_5=0.512, loss=81.480, lr=2.5e-05
2026-08-20 08:38:50,751   INFO  epoch: 44/50, acc_iter=23900, cur_iter=183/539, batch_size=8, iter_cost=0.47s, time_cost(epoch): 01:26/02:47, time_cost(all): 3:10:07/23:57, ade_TYPE_VEHICLE_layer_5=0.594, ade_TYPE_PEDESTRIAN_layer_5=0.373, ade_TYPE_CYCLIST_layer_5=-0.000, loss=100.247, lr=2.5e-05
2026-08-20 08:39:13,620   INFO  epoch: 44/50, acc_iter=23950, cur_iter=233/539, batch_size=8, iter_cost=0.47s, time_cost(epoch): 01:49/02:23, time_cost(all): 3:10:30/23:24, ade_TYPE_VEHICLE_layer_5=0.573, ade_TYPE_PEDESTRIAN_layer_5=0.201, ade_TYPE_CYCLIST_layer_5=-0.000, loss=94.351, lr=2.5e-05
2026-08-20 08:39:37,557   INFO  epoch: 44/50, acc_iter=24000, cur_iter=283/539, batch_size=8, iter_cost=0.47s, time_cost(epoch): 02:13/02:00, time_cost(all): 3:10:54/23:06, ade_TYPE_VEHICLE_layer_5=0.552, ade_TYPE_PEDESTRIAN_layer_5=-0.000, ade_TYPE_CYCLIST_layer_5=-0.000, loss=94.726, lr=2.5e-05
2026-08-20 08:39:59,684   INFO  epoch: 44/50, acc_iter=24050, cur_iter=333/539, batch_size=8, iter_cost=0.47s, time_cost(epoch): 02:35/01:35, time_cost(all): 3:11:16/22:31, ade_TYPE_VEHICLE_layer_5=0.768, ade_TYPE_PEDESTRIAN_layer_5=0.070, ade_TYPE_CYCLIST_layer_5=-0.000, loss=89.162, lr=2.5e-05
2026-08-20 08:40:22,420   INFO  epoch: 44/50, acc_iter=24100, cur_iter=383/539, batch_size=8, iter_cost=0.46s, time_cost(epoch): 02:58/01:12, time_cost(all): 3:11:39/22:04, ade_TYPE_VEHICLE_layer_5=0.523, ade_TYPE_PEDESTRIAN_layer_5=0.136, ade_TYPE_CYCLIST_layer_5=0.603, loss=-35.233, lr=2.5e-05
2026-08-20 08:40:44,803   INFO  epoch: 44/50, acc_iter=24150, cur_iter=433/539, batch_size=8, iter_cost=0.46s, time_cost(epoch): 03:20/00:49, time_cost(all): 3:12:02/21:35, ade_TYPE_VEHICLE_layer_5=0.595, ade_TYPE_PEDESTRIAN_layer_5=0.264, ade_TYPE_CYCLIST_layer_5=-0.000, loss=7.644, lr=2.5e-05
2026-08-20 08:41:07,995   INFO  epoch: 44/50, acc_iter=24200, cur_iter=483/539, batch_size=8, iter_cost=0.46s, time_cost(epoch): 03:43/00:25, time_cost(all): 3:12:25/21:12, ade_TYPE_VEHICLE_layer_5=0.685, ade_TYPE_PEDESTRIAN_layer_5=0.212, ade_TYPE_CYCLIST_layer_5=0.435, loss=99.222, lr=2.5e-05
2026-08-20 08:41:30,291   INFO  epoch: 44/50, acc_iter=24250, cur_iter=533/539, batch_size=8, iter_cost=0.46s, time_cost(epoch): 04:06/00:02, time_cost(all): 3:12:47/20:45, ade_TYPE_VEHICLE_layer_5=0.653, ade_TYPE_PEDESTRIAN_layer_5=-0.000, ade_TYPE_CYCLIST_layer_5=0.374, loss=119.483, lr=2.5e-05
2026-08-20 08:41:32,286   INFO  epoch: 44/50, acc_iter=24255, cur_iter=538/539, batch_size=4, iter_cost=0.46s, time_cost(epoch): 04:08/00:00, time_cost(all): 3:12:49/20:41, ade_TYPE_VEHICLE_layer_5=0.569, ade_TYPE_PEDESTRIAN_layer_5=0.164, ade_TYPE_CYCLIST_layer_5=-0.000, loss=7.593, lr=2.5e-05
2026-08-20 08:41:33,828   INFO  ==> Eval with EMA weights (epoch 45)
2026-08-20 08:41:33,939   INFO  *************** EPOCH 45 EVALUATION *****************
2026-08-20 08:41:34,837   INFO  eval: epoch=45, batch_iter=0/79, batch_size=8, iter_cost=0.90s, time_cost: 00:00/01:10, 
2026-08-20 08:41:35,823   INFO  eval: epoch=45, batch_iter=10/79, batch_size=8, iter_cost=0.19s, time_cost: 00:01/00:12, 
2026-08-20 08:41:36,843   INFO  eval: epoch=45, batch_iter=20/79, batch_size=8, iter_cost=0.15s, time_cost: 00:02/00:08, 
2026-08-20 08:41:37,876   INFO  eval: epoch=45, batch_iter=30/79, batch_size=8, iter_cost=0.13s, time_cost: 00:03/00:06, 
2026-08-20 08:41:38,933   INFO  eval: epoch=45, batch_iter=40/79, batch_size=8, iter_cost=0.12s, time_cost: 00:04/00:04, 
2026-08-20 08:41:39,951   INFO  eval: epoch=45, batch_iter=50/79, batch_size=8, iter_cost=0.12s, time_cost: 00:06/00:03, 
2026-08-20 08:41:40,975   INFO  eval: epoch=45, batch_iter=60/79, batch_size=8, iter_cost=0.12s, time_cost: 00:07/00:02, 
2026-08-20 08:41:41,941   INFO  eval: epoch=45, batch_iter=70/79, batch_size=8, iter_cost=0.11s, time_cost: 00:07/00:01, 
2026-08-20 08:41:42,636   INFO  eval: epoch=45, batch_iter=78/79, batch_size=1, iter_cost=0.11s, time_cost: 00:08/00:00, 
eval:   0%|                                                                                                                                                                                               | 0/79 [00:08<?, ?it/s]
2026-08-20 08:41:42,726   INFO  Total number of samples before merging from multiple GPUs: 625
2026-08-20 08:41:43,343   INFO  Total number of samples after merging from multiple GPUs (removing duplicate): 5000
2026-08-20 08:41:43,347   INFO  *************** Performance of EPOCH 45 *****************
2026-08-20 08:41:43,348   INFO  Generate label finished(sec_per_example: 0.0019 second).
Total number for evaluation (intput): 5000
Total number for evaluation (after processed): 22520
Total number for evaluation (intput): 5000
Total number for evaluation (after processed): 22520
Total number for evaluation (intput): 5000
Total number for evaluation (after processed): 22520
2026-08-20 08:41:49,811   INFO  
========== Evaluation @ 3s ==========
minADE - VEHICLE: 0.3904 
minADE - PEDESTRIAN: 0.1962 
minADE - CYCLIST: 0.4148 
minFDE - VEHICLE: 0.7189 
minFDE - PEDESTRIAN: 0.3683 
minFDE - CYCLIST: 0.7628 
MissRate - VEHICLE: 0.1608 
MissRate - PEDESTRIAN: 0.0905 
MissRate - CYCLIST: 0.2573 
OverlapRate - VEHICLE: 0.0089 
OverlapRate - PEDESTRIAN: 0.0670 
OverlapRate - CYCLIST: 0.0246 
mAP - VEHICLE: 0.3344 
mAP - PEDESTRIAN: 0.5242 
mAP - CYCLIST: 0.4317 
minADE: 0.3338 
minFDE: 0.6166 
MissRate: 0.1695 
mAP: 0.4301 
       Waymo          mAP       minADE       minFDE     MissRate            
      VEHICLE      0.3344,      0.3904,      0.7189,      0.1608,            
   PEDESTRIAN      0.5242,      0.1962,      0.3683,      0.0905,            
      CYCLIST      0.4317,      0.4148,      0.7628,      0.2573,            
          Avg      0.4301,      0.3338,      0.6166,      0.1695,            
========== Evaluation @ 5s ==========
minADE - VEHICLE: 0.5889 
minADE - PEDESTRIAN: 0.2869 
minADE - CYCLIST: 0.5963 
minFDE - VEHICLE: 1.1402 
minFDE - PEDESTRIAN: 0.5631 
minFDE - CYCLIST: 1.1599 
MissRate - VEHICLE: 0.1820 
MissRate - PEDESTRIAN: 0.1011 
MissRate - CYCLIST: 0.2590 
OverlapRate - VEHICLE: 0.0173 
OverlapRate - PEDESTRIAN: 0.0734 
OverlapRate - CYCLIST: 0.0355 
mAP - VEHICLE: 0.3377 
mAP - PEDESTRIAN: 0.5375 
mAP - CYCLIST: 0.2403 
minADE: 0.4907 
minFDE: 0.9544 
MissRate: 0.1807 
mAP: 0.3718 
       Waymo          mAP       minADE       minFDE     MissRate            
      VEHICLE      0.3377,      0.5889,      1.1402,      0.1820,            
   PEDESTRIAN      0.5375,      0.2869,      0.5631,      0.1011,            
      CYCLIST      0.2403,      0.5963,      1.1599,      0.2590,            
          Avg      0.3718,      0.4907,      0.9544,      0.1807,            
========== Evaluation @ 8s ==========
minADE - VEHICLE: 0.8820 
minADE - PEDESTRIAN: 0.4136 
minADE - CYCLIST: 0.8512 
minFDE - VEHICLE: 1.8072 
minFDE - PEDESTRIAN: 0.8604 
minFDE - CYCLIST: 1.7382 
MissRate - VEHICLE: 0.2086 
MissRate - PEDESTRIAN: 0.1117 
MissRate - CYCLIST: 0.2642 
OverlapRate - VEHICLE: 0.0309 
OverlapRate - PEDESTRIAN: 0.0806 
OverlapRate - CYCLIST: 0.0497 
mAP - VEHICLE: 0.3463 
mAP - PEDESTRIAN: 0.3493 
mAP - CYCLIST: 0.2850 
minADE: 0.7156 
minFDE: 1.4686 
MissRate: 0.1948 
mAP: 0.3269 
       Waymo          mAP       minADE       minFDE     MissRate            
      VEHICLE      0.3463,      0.8820,      1.8072,      0.2086,            
   PEDESTRIAN      0.3493,      0.4136,      0.8604,      0.1117,            
      CYCLIST      0.2850,      0.8512,      1.7382,      0.2642,            
          Avg      0.3269,      0.7156,      1.4686,      0.1948,            
2026-08-20 08:41:49,812   INFO  Result is save to /root/wanqinghua/MTR/output/waymo/mtr_voyah_data/mtr_with_qcnet_v2/eval/eval_with_train
2026-08-20 08:41:49,812   INFO  ****************Evaluation done.*****************
2026-08-20 08:41:50,822   INFO  Save best model to /root/wanqinghua/MTR/output/waymo/mtr_voyah_data/mtr_with_qcnet_v2/ckpt/best_model
2026-08-20 08:41:52,503   INFO  Save EMA best model to /root/wanqinghua/MTR/output/waymo/mtr_voyah_data/mtr_with_qcnet_v2/ckpt/best_model_ema
epochs:  90%|███████████████████████████████████████████████████████████████████████████████████████████████████████████████████████████████████████████████████████████████▎                 | 45/50 [3:13:09<22:01, 264.32s/it]
2026-08-20 08:41:53,847   INFO  epoch: 45/50, acc_iter=24256, cur_iter=0/539, batch_size=8, iter_cost=0.86s, time_cost(epoch): 00:00/07:43, time_cost(all): 3:13:11/38:38, ade_TYPE_VEHICLE_layer_5=0.671, ade_TYPE_PEDESTRIAN_layer_5=0.123, ade_TYPE_CYCLIST_layer_5=-0.000, loss=51.724, lr=2.5e-05
2026-08-20 08:42:13,651   INFO  epoch: 45/50, acc_iter=24300, cur_iter=44/539, batch_size=8, iter_cost=0.46s, time_cost(epoch): 00:20/03:47, time_cost(all): 3:13:30/20:17, ade_TYPE_VEHICLE_layer_5=0.536, ade_TYPE_PEDESTRIAN_layer_5=0.327, ade_TYPE_CYCLIST_layer_5=0.543, loss=56.638, lr=2.5e-05
2026-08-20 08:42:35,984   INFO  epoch: 45/50, acc_iter=24350, cur_iter=94/539, batch_size=8, iter_cost=0.45s, time_cost(epoch): 00:42/03:21, time_cost(all): 3:13:53/19:37, ade_TYPE_VEHICLE_layer_5=0.577, ade_TYPE_PEDESTRIAN_layer_5=0.154, ade_TYPE_CYCLIST_layer_5=-0.000, loss=38.247, lr=2.5e-05
2026-08-20 08:42:58,639   INFO  epoch: 45/50, acc_iter=24400, cur_iter=144/539, batch_size=8, iter_cost=0.45s, time_cost(epoch): 01:05/02:58, time_cost(all): 3:14:15/19:15, ade_TYPE_VEHICLE_layer_5=0.534, ade_TYPE_PEDESTRIAN_layer_5=0.352, ade_TYPE_CYCLIST_layer_5=0.364, loss=10.843, lr=2.5e-05
2026-08-20 08:43:21,452   INFO  epoch: 45/50, acc_iter=24450, cur_iter=194/539, batch_size=8, iter_cost=0.45s, time_cost(epoch): 01:28/02:36, time_cost(all): 3:14:38/18:54, ade_TYPE_VEHICLE_layer_5=0.546, ade_TYPE_PEDESTRIAN_layer_5=0.188, ade_TYPE_CYCLIST_layer_5=0.690, loss=35.791, lr=2.5e-05
2026-08-20 08:43:44,881   INFO  epoch: 45/50, acc_iter=24500, cur_iter=244/539, batch_size=8, iter_cost=0.46s, time_cost(epoch): 01:51/02:14, time_cost(all): 3:15:02/18:39, ade_TYPE_VEHICLE_layer_5=0.594, ade_TYPE_PEDESTRIAN_layer_5=0.159, ade_TYPE_CYCLIST_layer_5=0.244, loss=43.095, lr=2.5e-05
2026-08-20 08:44:07,303   INFO  epoch: 45/50, acc_iter=24550, cur_iter=294/539, batch_size=8, iter_cost=0.46s, time_cost(epoch): 02:14/01:51, time_cost(all): 3:15:24/18:13, ade_TYPE_VEHICLE_layer_5=0.539, ade_TYPE_PEDESTRIAN_layer_5=0.354, ade_TYPE_CYCLIST_layer_5=0.418, loss=86.054, lr=2.5e-05
2026-08-20 08:44:30,485   INFO  epoch: 45/50, acc_iter=24600, cur_iter=344/539, batch_size=8, iter_cost=0.46s, time_cost(epoch): 02:37/01:29, time_cost(all): 3:15:47/17:53, ade_TYPE_VEHICLE_layer_5=0.633, ade_TYPE_PEDESTRIAN_layer_5=0.223, ade_TYPE_CYCLIST_layer_5=0.536, loss=108.894, lr=2.5e-05
2026-08-20 08:44:53,176   INFO  epoch: 45/50, acc_iter=24650, cur_iter=394/539, batch_size=8, iter_cost=0.46s, time_cost(epoch): 03:00/01:06, time_cost(all): 3:16:10/17:29, ade_TYPE_VEHICLE_layer_5=0.596, ade_TYPE_PEDESTRIAN_layer_5=0.212, ade_TYPE_CYCLIST_layer_5=0.333, loss=25.953, lr=2.5e-05
2026-08-20 08:45:15,735   INFO  epoch: 45/50, acc_iter=24700, cur_iter=444/539, batch_size=8, iter_cost=0.46s, time_cost(epoch): 03:22/00:43, time_cost(all): 3:16:32/17:05, ade_TYPE_VEHICLE_layer_5=0.551, ade_TYPE_PEDESTRIAN_layer_5=0.295, ade_TYPE_CYCLIST_layer_5=0.782, loss=46.829, lr=2.5e-05
2026-08-20 08:45:39,049   INFO  epoch: 45/50, acc_iter=24750, cur_iter=494/539, batch_size=8, iter_cost=0.46s, time_cost(epoch): 03:46/00:20, time_cost(all): 3:16:56/16:45, ade_TYPE_VEHICLE_layer_5=0.628, ade_TYPE_PEDESTRIAN_layer_5=0.260, ade_TYPE_CYCLIST_layer_5=-0.000, loss=-22.393, lr=2.5e-05
2026-08-20 08:45:58,297   INFO  epoch: 45/50, acc_iter=24794, cur_iter=538/539, batch_size=4, iter_cost=0.46s, time_cost(epoch): 04:05/00:00, time_cost(all): 3:17:15/16:21, ade_TYPE_VEHICLE_layer_5=0.702, ade_TYPE_PEDESTRIAN_layer_5=0.266, ade_TYPE_CYCLIST_layer_5=1.110, loss=1.579, lr=2.5e-05
2026-08-20 08:45:59,820   INFO  ==> Eval with EMA weights (epoch 46)
2026-08-20 08:45:59,944   INFO  *************** EPOCH 46 EVALUATION *****************
2026-08-20 08:46:00,822   INFO  eval: epoch=46, batch_iter=0/79, batch_size=8, iter_cost=0.88s, time_cost: 00:00/01:09, 
2026-08-20 08:46:01,812   INFO  eval: epoch=46, batch_iter=10/79, batch_size=8, iter_cost=0.19s, time_cost: 00:01/00:12, 
2026-08-20 08:46:02,838   INFO  eval: epoch=46, batch_iter=20/79, batch_size=8, iter_cost=0.14s, time_cost: 00:02/00:08, 
2026-08-20 08:46:03,875   INFO  eval: epoch=46, batch_iter=30/79, batch_size=8, iter_cost=0.13s, time_cost: 00:03/00:06, 
2026-08-20 08:46:04,940   INFO  eval: epoch=46, batch_iter=40/79, batch_size=8, iter_cost=0.12s, time_cost: 00:04/00:04, 
2026-08-20 08:46:05,967   INFO  eval: epoch=46, batch_iter=50/79, batch_size=8, iter_cost=0.12s, time_cost: 00:06/00:03, 
2026-08-20 08:46:06,999   INFO  eval: epoch=46, batch_iter=60/79, batch_size=8, iter_cost=0.12s, time_cost: 00:07/00:02, 
2026-08-20 08:46:07,972   INFO  eval: epoch=46, batch_iter=70/79, batch_size=8, iter_cost=0.11s, time_cost: 00:08/00:01, 
2026-08-20 08:46:08,676   INFO  eval: epoch=46, batch_iter=78/79, batch_size=1, iter_cost=0.11s, time_cost: 00:08/00:00, 
eval:   0%|                                                                                                                                                                                               | 0/79 [00:08<?, ?it/s]
2026-08-20 08:46:08,762   INFO  Total number of samples before merging from multiple GPUs: 625
2026-08-20 08:46:09,368   INFO  Total number of samples after merging from multiple GPUs (removing duplicate): 5000
2026-08-20 08:46:09,372   INFO  *************** Performance of EPOCH 46 *****************
2026-08-20 08:46:09,372   INFO  Generate label finished(sec_per_example: 0.0019 second).
Total number for evaluation (intput): 5000
Total number for evaluation (after processed): 22520
Total number for evaluation (intput): 5000
Total number for evaluation (after processed): 22520
Total number for evaluation (intput): 5000
Total number for evaluation (after processed): 22520
2026-08-20 08:46:15,841   INFO  
========== Evaluation @ 3s ==========
minADE - VEHICLE: 0.3887 
minADE - PEDESTRIAN: 0.1974 
minADE - CYCLIST: 0.4095 
minFDE - VEHICLE: 0.7188 
minFDE - PEDESTRIAN: 0.3688 
minFDE - CYCLIST: 0.7491 
MissRate - VEHICLE: 0.1574 
MissRate - PEDESTRIAN: 0.1018 
MissRate - CYCLIST: 0.2573 
OverlapRate - VEHICLE: 0.0086 
OverlapRate - PEDESTRIAN: 0.0670 
OverlapRate - CYCLIST: 0.0217 
mAP - VEHICLE: 0.3357 
mAP - PEDESTRIAN: 0.4557 
mAP - CYCLIST: 0.4294 
minADE: 0.3319 
minFDE: 0.6123 
MissRate: 0.1722 
mAP: 0.4070 
       Waymo          mAP       minADE       minFDE     MissRate            
      VEHICLE      0.3357,      0.3887,      0.7188,      0.1574,            
   PEDESTRIAN      0.4557,      0.1974,      0.3688,      0.1018,            
      CYCLIST      0.4294,      0.4095,      0.7491,      0.2573,            
          Avg      0.4070,      0.3319,      0.6123,      0.1722,            
========== Evaluation @ 5s ==========
minADE - VEHICLE: 0.5882 
minADE - PEDESTRIAN: 0.2882 
minADE - CYCLIST: 0.5898 
minFDE - VEHICLE: 1.1446 
minFDE - PEDESTRIAN: 0.5666 
minFDE - CYCLIST: 1.1413 
MissRate - VEHICLE: 0.1794 
MissRate - PEDESTRIAN: 0.1065 
MissRate - CYCLIST: 0.2627 
OverlapRate - VEHICLE: 0.0165 
OverlapRate - PEDESTRIAN: 0.0738 
OverlapRate - CYCLIST: 0.0311 
mAP - VEHICLE: 0.3386 
mAP - PEDESTRIAN: 0.5323 
mAP - CYCLIST: 0.3059 
minADE: 0.4887 
minFDE: 0.9509 
MissRate: 0.1829 
mAP: 0.3922 
       Waymo          mAP       minADE       minFDE     MissRate            
      VEHICLE      0.3386,      0.5882,      1.1446,      0.1794,            
   PEDESTRIAN      0.5323,      0.2882,      0.5666,      0.1065,            
      CYCLIST      0.3059,      0.5898,      1.1413,      0.2627,            
          Avg      0.3922,      0.4887,      0.9509,      0.1829,            
========== Evaluation @ 8s ==========
minADE - VEHICLE: 0.8825 
minADE - PEDESTRIAN: 0.4169 
minADE - CYCLIST: 0.8403 
minFDE - VEHICLE: 1.8174 
minFDE - PEDESTRIAN: 0.8705 
minFDE - CYCLIST: 1.6985 
MissRate - VEHICLE: 0.2081 
MissRate - PEDESTRIAN: 0.1157 
MissRate - CYCLIST: 0.2685 
OverlapRate - VEHICLE: 0.0299 
OverlapRate - PEDESTRIAN: 0.0799 
OverlapRate - CYCLIST: 0.0434 
mAP - VEHICLE: 0.3458 
mAP - PEDESTRIAN: 0.3526 
mAP - CYCLIST: 0.2822 
minADE: 0.7132 
minFDE: 1.4621 
MissRate: 0.1974 
mAP: 0.3269 
       Waymo          mAP       minADE       minFDE     MissRate            
      VEHICLE      0.3458,      0.8825,      1.8174,      0.2081,            
   PEDESTRIAN      0.3526,      0.4169,      0.8705,      0.1157,            
      CYCLIST      0.2822,      0.8403,      1.6985,      0.2685,            
          Avg      0.3269,      0.7132,      1.4621,      0.1974,            
2026-08-20 08:46:15,842   INFO  Result is save to /root/wanqinghua/MTR/output/waymo/mtr_voyah_data/mtr_with_qcnet_v2/eval/eval_with_train
2026-08-20 08:46:15,842   INFO  ****************Evaluation done.*****************
epochs:  92%|██████████████████████████████████████████████████████████████████████████████████████████████████████████████████████████████████████████████████████████████████▊              | 46/50 [3:17:33<17:36, 264.05s/it]
2026-08-20 08:46:17,339   INFO  epoch: 46/50, acc_iter=24795, cur_iter=0/539, batch_size=8, iter_cost=0.95s, time_cost(epoch): 00:00/08:31, time_cost(all): 3:17:34/34:04, ade_TYPE_VEHICLE_layer_5=0.543, ade_TYPE_PEDESTRIAN_layer_5=0.190, ade_TYPE_CYCLIST_layer_5=0.561, loss=10.354, lr=2.5e-05
2026-08-20 08:46:19,848   INFO  epoch: 46/50, acc_iter=24800, cur_iter=5/539, batch_size=8, iter_cost=0.58s, time_cost(epoch): 00:03/05:07, time_cost(all): 3:17:37/20:39, ade_TYPE_VEHICLE_layer_5=0.487, ade_TYPE_PEDESTRIAN_layer_5=0.221, ade_TYPE_CYCLIST_layer_5=-0.000, loss=-24.914, lr=2.5e-05
2026-08-20 08:46:43,198   INFO  epoch: 46/50, acc_iter=24850, cur_iter=55/539, batch_size=8, iter_cost=0.48s, time_cost(epoch): 00:26/03:51, time_cost(all): 3:18:00/16:45, ade_TYPE_VEHICLE_layer_5=0.580, ade_TYPE_PEDESTRIAN_layer_5=0.252, ade_TYPE_CYCLIST_layer_5=-0.000, loss=19.681, lr=2.5e-05
2026-08-20 08:47:06,092   INFO  epoch: 46/50, acc_iter=24900, cur_iter=105/539, batch_size=8, iter_cost=0.47s, time_cost(epoch): 00:49/03:23, time_cost(all): 3:18:23/16:01, ade_TYPE_VEHICLE_layer_5=0.833, ade_TYPE_PEDESTRIAN_layer_5=0.155, ade_TYPE_CYCLIST_layer_5=0.434, loss=270.111, lr=2.5e-05
2026-08-20 08:47:28,973   INFO  epoch: 46/50, acc_iter=24950, cur_iter=155/539, batch_size=8, iter_cost=0.47s, time_cost(epoch): 01:12/02:58, time_cost(all): 3:18:46/15:31, ade_TYPE_VEHICLE_layer_5=0.701, ade_TYPE_PEDESTRIAN_layer_5=0.146, ade_TYPE_CYCLIST_layer_5=-0.000, loss=69.168, lr=2.5e-05
2026-08-20 08:47:52,153   INFO  epoch: 46/50, acc_iter=25000, cur_iter=205/539, batch_size=8, iter_cost=0.46s, time_cost(epoch): 01:35/02:35, time_cost(all): 3:19:09/15:06, ade_TYPE_VEHICLE_layer_5=0.594, ade_TYPE_PEDESTRIAN_layer_5=0.215, ade_TYPE_CYCLIST_layer_5=-0.000, loss=66.442, lr=2.5e-05
2026-08-20 08:48:14,666   INFO  epoch: 46/50, acc_iter=25050, cur_iter=255/539, batch_size=8, iter_cost=0.46s, time_cost(epoch): 01:58/02:11, time_cost(all): 3:19:31/14:38, ade_TYPE_VEHICLE_layer_5=0.624, ade_TYPE_PEDESTRIAN_layer_5=0.130, ade_TYPE_CYCLIST_layer_5=0.290, loss=125.334, lr=2.5e-05
2026-08-20 08:48:37,304   INFO  epoch: 46/50, acc_iter=25100, cur_iter=305/539, batch_size=8, iter_cost=0.46s, time_cost(epoch): 02:20/01:47, time_cost(all): 3:19:54/14:12, ade_TYPE_VEHICLE_layer_5=0.621, ade_TYPE_PEDESTRIAN_layer_5=0.366, ade_TYPE_CYCLIST_layer_5=-0.000, loss=45.295, lr=2.5e-05
2026-08-20 08:49:00,374   INFO  epoch: 46/50, acc_iter=25150, cur_iter=355/539, batch_size=8, iter_cost=0.46s, time_cost(epoch): 02:43/01:24, time_cost(all): 3:20:17/13:49, ade_TYPE_VEHICLE_layer_5=0.561, ade_TYPE_PEDESTRIAN_layer_5=-0.000, ade_TYPE_CYCLIST_layer_5=0.368, loss=140.690, lr=2.5e-05
2026-08-20 08:49:22,639   INFO  epoch: 46/50, acc_iter=25200, cur_iter=405/539, batch_size=8, iter_cost=0.46s, time_cost(epoch): 03:06/01:01, time_cost(all): 3:20:39/13:23, ade_TYPE_VEHICLE_layer_5=0.672, ade_TYPE_PEDESTRIAN_layer_5=0.239, ade_TYPE_CYCLIST_layer_5=0.526, loss=77.130, lr=2.5e-05
2026-08-20 08:49:45,485   INFO  epoch: 46/50, acc_iter=25250, cur_iter=455/539, batch_size=8, iter_cost=0.46s, time_cost(epoch): 03:29/00:38, time_cost(all): 3:21:02/12:59, ade_TYPE_VEHICLE_layer_5=0.477, ade_TYPE_PEDESTRIAN_layer_5=0.253, ade_TYPE_CYCLIST_layer_5=0.310, loss=10.212, lr=2.5e-05
2026-08-20 08:50:08,047   INFO  epoch: 46/50, acc_iter=25300, cur_iter=505/539, batch_size=8, iter_cost=0.46s, time_cost(epoch): 03:51/00:15, time_cost(all): 3:21:25/12:35, ade_TYPE_VEHICLE_layer_5=0.613, ade_TYPE_PEDESTRIAN_layer_5=0.202, ade_TYPE_CYCLIST_layer_5=0.392, loss=48.813, lr=2.5e-05
2026-08-20 08:50:22,470   INFO  epoch: 46/50, acc_iter=25333, cur_iter=538/539, batch_size=4, iter_cost=0.46s, time_cost(epoch): 04:06/00:00, time_cost(all): 3:21:39/12:18, ade_TYPE_VEHICLE_layer_5=0.576, ade_TYPE_PEDESTRIAN_layer_5=0.202, ade_TYPE_CYCLIST_layer_5=-0.000, loss=-23.656, lr=1.25e-05
2026-08-20 08:50:24,394   INFO  ==> Eval with EMA weights (epoch 47)
2026-08-20 08:50:24,507   INFO  *************** EPOCH 47 EVALUATION *****************
2026-08-20 08:50:25,337   INFO  eval: epoch=47, batch_iter=0/79, batch_size=8, iter_cost=0.83s, time_cost: 00:00/01:05, 
2026-08-20 08:50:26,344   INFO  eval: epoch=47, batch_iter=10/79, batch_size=8, iter_cost=0.18s, time_cost: 00:01/00:12, 
2026-08-20 08:50:27,377   INFO  eval: epoch=47, batch_iter=20/79, batch_size=8, iter_cost=0.14s, time_cost: 00:02/00:08, 
2026-08-20 08:50:28,402   INFO  eval: epoch=47, batch_iter=30/79, batch_size=8, iter_cost=0.13s, time_cost: 00:03/00:06, 
2026-08-20 08:50:29,453   INFO  eval: epoch=47, batch_iter=40/79, batch_size=8, iter_cost=0.12s, time_cost: 00:04/00:04, 
2026-08-20 08:50:30,479   INFO  eval: epoch=47, batch_iter=50/79, batch_size=8, iter_cost=0.12s, time_cost: 00:05/00:03, 
2026-08-20 08:50:31,502   INFO  eval: epoch=47, batch_iter=60/79, batch_size=8, iter_cost=0.12s, time_cost: 00:06/00:02, 
2026-08-20 08:50:32,469   INFO  eval: epoch=47, batch_iter=70/79, batch_size=8, iter_cost=0.11s, time_cost: 00:07/00:01, 
2026-08-20 08:50:33,167   INFO  eval: epoch=47, batch_iter=78/79, batch_size=1, iter_cost=0.11s, time_cost: 00:08/00:00, 
eval:   0%|                                                                                                                                                                                               | 0/79 [00:08<?, ?it/s]
2026-08-20 08:50:33,256   INFO  Total number of samples before merging from multiple GPUs: 625
2026-08-20 08:50:33,700   INFO  Total number of samples after merging from multiple GPUs (removing duplicate): 5000
2026-08-20 08:50:33,704   INFO  *************** Performance of EPOCH 47 *****************
2026-08-20 08:50:33,704   INFO  Generate label finished(sec_per_example: 0.0018 second).
Total number for evaluation (intput): 5000
Total number for evaluation (after processed): 22520
Total number for evaluation (intput): 5000
Total number for evaluation (after processed): 22520
Total number for evaluation (intput): 5000
Total number for evaluation (after processed): 22520
2026-08-20 08:50:39,921   INFO  
========== Evaluation @ 3s ==========
minADE - VEHICLE: 0.3992 
minADE - PEDESTRIAN: 0.1948 
minADE - CYCLIST: 0.3986 
minFDE - VEHICLE: 0.7367 
minFDE - PEDESTRIAN: 0.3638 
minFDE - CYCLIST: 0.7305 
MissRate - VEHICLE: 0.1648 
MissRate - PEDESTRIAN: 0.0914 
MissRate - CYCLIST: 0.2427 
OverlapRate - VEHICLE: 0.0088 
OverlapRate - PEDESTRIAN: 0.0640 
OverlapRate - CYCLIST: 0.0246 
mAP - VEHICLE: 0.3178 
mAP - PEDESTRIAN: 0.4875 
mAP - CYCLIST: 0.4286 
minADE: 0.3309 
minFDE: 0.6103 
MissRate: 0.1663 
mAP: 0.4113 
       Waymo          mAP       minADE       minFDE     MissRate            
      VEHICLE      0.3178,      0.3992,      0.7367,      0.1648,            
   PEDESTRIAN      0.4875,      0.1948,      0.3638,      0.0914,            
      CYCLIST      0.4286,      0.3986,      0.7305,      0.2427,            
          Avg      0.4113,      0.3309,      0.6103,      0.1663,            
========== Evaluation @ 5s ==========
minADE - VEHICLE: 0.6008 
minADE - PEDESTRIAN: 0.2846 
minADE - CYCLIST: 0.5777 
minFDE - VEHICLE: 1.1607 
minFDE - PEDESTRIAN: 0.5576 
minFDE - CYCLIST: 1.1278 
MissRate - VEHICLE: 0.1851 
MissRate - PEDESTRIAN: 0.0958 
MissRate - CYCLIST: 0.2488 
OverlapRate - VEHICLE: 0.0174 
OverlapRate - PEDESTRIAN: 0.0695 
OverlapRate - CYCLIST: 0.0347 
mAP - VEHICLE: 0.3210 
mAP - PEDESTRIAN: 0.5337 
mAP - CYCLIST: 0.2752 
minADE: 0.4877 
minFDE: 0.9487 
MissRate: 0.1766 
mAP: 0.3766 
       Waymo          mAP       minADE       minFDE     MissRate            
      VEHICLE      0.3210,      0.6008,      1.1607,      0.1851,            
   PEDESTRIAN      0.5337,      0.2846,      0.5576,      0.0958,            
      CYCLIST      0.2752,      0.5777,      1.1278,      0.2488,            
          Avg      0.3766,      0.4877,      0.9487,      0.1766,            
========== Evaluation @ 8s ==========
minADE - VEHICLE: 0.8985 
minADE - PEDESTRIAN: 0.4108 
minADE - CYCLIST: 0.8291 
minFDE - VEHICLE: 1.8345 
minFDE - PEDESTRIAN: 0.8595 
minFDE - CYCLIST: 1.6946 
MissRate - VEHICLE: 0.2124 
MissRate - PEDESTRIAN: 0.1058 
MissRate - CYCLIST: 0.2580 
OverlapRate - VEHICLE: 0.0320 
OverlapRate - PEDESTRIAN: 0.0762 
OverlapRate - CYCLIST: 0.0482 
mAP - VEHICLE: 0.3347 
mAP - PEDESTRIAN: 0.3581 
mAP - CYCLIST: 0.2687 
minADE: 0.7128 
minFDE: 1.4629 
MissRate: 0.1920 
mAP: 0.3205 
       Waymo          mAP       minADE       minFDE     MissRate            
      VEHICLE      0.3347,      0.8985,      1.8345,      0.2124,            
   PEDESTRIAN      0.3581,      0.4108,      0.8595,      0.1058,            
      CYCLIST      0.2687,      0.8291,      1.6946,      0.2580,            
          Avg      0.3205,      0.7128,      1.4629,      0.1920,            
2026-08-20 08:50:39,922   INFO  Result is save to /root/wanqinghua/MTR/output/waymo/mtr_voyah_data/mtr_with_qcnet_v2/eval/eval_with_train
2026-08-20 08:50:39,922   INFO  ****************Evaluation done.*****************
epochs:  94%|██████████████████████████████████████████████████████████████████████████████████████████████████████████████████████████████████████████████████████████████████████▍          | 47/50 [3:21:57<13:12, 264.06s/it]
2026-08-20 08:50:41,427   INFO  epoch: 47/50, acc_iter=25334, cur_iter=0/539, batch_size=8, iter_cost=0.98s, time_cost(epoch): 00:00/08:46, time_cost(all): 3:21:58/26:18, ade_TYPE_VEHICLE_layer_5=0.667, ade_TYPE_PEDESTRIAN_layer_5=0.175, ade_TYPE_CYCLIST_layer_5=-0.000, loss=124.022, lr=1.25e-05
2026-08-20 08:50:48,610   INFO  epoch: 47/50, acc_iter=25350, cur_iter=16/539, batch_size=8, iter_cost=0.48s, time_cost(epoch): 00:08/04:11, time_cost(all): 3:22:05/12:48, ade_TYPE_VEHICLE_layer_5=0.493, ade_TYPE_PEDESTRIAN_layer_5=0.262, ade_TYPE_CYCLIST_layer_5=-0.000, loss=-54.777, lr=1.25e-05
2026-08-20 08:51:12,010   INFO  epoch: 47/50, acc_iter=25400, cur_iter=66/539, batch_size=8, iter_cost=0.47s, time_cost(epoch): 00:31/03:42, time_cost(all): 3:22:29/12:10, ade_TYPE_VEHICLE_layer_5=0.667, ade_TYPE_PEDESTRIAN_layer_5=0.334, ade_TYPE_CYCLIST_layer_5=0.438, loss=157.740, lr=1.25e-05
2026-08-20 08:51:34,705   INFO  epoch: 47/50, acc_iter=25450, cur_iter=116/539, batch_size=8, iter_cost=0.46s, time_cost(epoch): 00:54/03:16, time_cost(all): 3:22:51/11:36, ade_TYPE_VEHICLE_layer_5=0.503, ade_TYPE_PEDESTRIAN_layer_5=0.249, ade_TYPE_CYCLIST_layer_5=-0.000, loss=-17.009, lr=1.25e-05
2026-08-20 08:51:57,978   INFO  epoch: 47/50, acc_iter=25500, cur_iter=166/539, batch_size=8, iter_cost=0.46s, time_cost(epoch): 01:17/02:53, time_cost(all): 3:23:15/11:13, ade_TYPE_VEHICLE_layer_5=0.592, ade_TYPE_PEDESTRIAN_layer_5=0.213, ade_TYPE_CYCLIST_layer_5=-0.000, loss=40.715, lr=1.25e-05
2026-08-20 08:52:20,497   INFO  epoch: 47/50, acc_iter=25550, cur_iter=216/539, batch_size=8, iter_cost=0.46s, time_cost(epoch): 01:40/02:28, time_cost(all): 3:23:37/10:45, ade_TYPE_VEHICLE_layer_5=0.637, ade_TYPE_PEDESTRIAN_layer_5=0.146, ade_TYPE_CYCLIST_layer_5=-0.000, loss=56.217, lr=1.25e-05
2026-08-20 08:52:43,648   INFO  epoch: 47/50, acc_iter=25600, cur_iter=266/539, batch_size=8, iter_cost=0.46s, time_cost(epoch): 02:03/02:05, time_cost(all): 3:24:00/10:23, ade_TYPE_VEHICLE_layer_5=0.618, ade_TYPE_PEDESTRIAN_layer_5=0.215, ade_TYPE_CYCLIST_layer_5=-0.000, loss=58.652, lr=1.25e-05
2026-08-20 08:53:06,883   INFO  epoch: 47/50, acc_iter=25650, cur_iter=316/539, batch_size=8, iter_cost=0.46s, time_cost(epoch): 02:26/01:43, time_cost(all): 3:24:24/10:00, ade_TYPE_VEHICLE_layer_5=0.490, ade_TYPE_PEDESTRIAN_layer_5=0.082, ade_TYPE_CYCLIST_layer_5=0.299, loss=-12.745, lr=1.25e-05
2026-08-20 08:53:29,780   INFO  epoch: 47/50, acc_iter=25700, cur_iter=366/539, batch_size=8, iter_cost=0.46s, time_cost(epoch): 02:49/01:19, time_cost(all): 3:24:46/09:37, ade_TYPE_VEHICLE_layer_5=0.588, ade_TYPE_PEDESTRIAN_layer_5=0.159, ade_TYPE_CYCLIST_layer_5=-0.000, loss=43.425, lr=1.25e-05
2026-08-20 08:53:53,461   INFO  epoch: 47/50, acc_iter=25750, cur_iter=416/539, batch_size=8, iter_cost=0.46s, time_cost(epoch): 03:13/00:56, time_cost(all): 3:25:10/09:15, ade_TYPE_VEHICLE_layer_5=0.529, ade_TYPE_PEDESTRIAN_layer_5=0.080, ade_TYPE_CYCLIST_layer_5=0.473, loss=74.241, lr=1.25e-05
2026-08-20 08:54:16,300   INFO  epoch: 47/50, acc_iter=25800, cur_iter=466/539, batch_size=8, iter_cost=0.46s, time_cost(epoch): 03:35/00:33, time_cost(all): 3:25:33/08:51, ade_TYPE_VEHICLE_layer_5=0.562, ade_TYPE_PEDESTRIAN_layer_5=0.144, ade_TYPE_CYCLIST_layer_5=0.558, loss=45.333, lr=1.25e-05
2026-08-20 08:54:39,580   INFO  epoch: 47/50, acc_iter=25850, cur_iter=516/539, batch_size=8, iter_cost=0.46s, time_cost(epoch): 03:59/00:10, time_cost(all): 3:25:56/08:29, ade_TYPE_VEHICLE_layer_5=0.620, ade_TYPE_PEDESTRIAN_layer_5=0.352, ade_TYPE_CYCLIST_layer_5=-0.000, loss=93.252, lr=1.25e-05
2026-08-20 08:54:49,116   INFO  epoch: 47/50, acc_iter=25872, cur_iter=538/539, batch_size=4, iter_cost=0.46s, time_cost(epoch): 04:08/00:00, time_cost(all): 3:26:06/08:17, ade_TYPE_VEHICLE_layer_5=0.567, ade_TYPE_PEDESTRIAN_layer_5=0.207, ade_TYPE_CYCLIST_layer_5=-0.000, loss=-31.607, lr=1.25e-05
2026-08-20 08:54:50,611   INFO  ==> Eval with EMA weights (epoch 48)
2026-08-20 08:54:50,810   INFO  *************** EPOCH 48 EVALUATION *****************
2026-08-20 08:54:51,662   INFO  eval: epoch=48, batch_iter=0/79, batch_size=8, iter_cost=0.85s, time_cost: 00:00/01:07, 
2026-08-20 08:54:52,676   INFO  eval: epoch=48, batch_iter=10/79, batch_size=8, iter_cost=0.19s, time_cost: 00:01/00:12, 
2026-08-20 08:54:53,697   INFO  eval: epoch=48, batch_iter=20/79, batch_size=8, iter_cost=0.14s, time_cost: 00:02/00:08, 
2026-08-20 08:54:54,751   INFO  eval: epoch=48, batch_iter=30/79, batch_size=8, iter_cost=0.13s, time_cost: 00:03/00:06, 
2026-08-20 08:54:55,806   INFO  eval: epoch=48, batch_iter=40/79, batch_size=8, iter_cost=0.12s, time_cost: 00:04/00:04, 
2026-08-20 08:54:56,823   INFO  eval: epoch=48, batch_iter=50/79, batch_size=8, iter_cost=0.12s, time_cost: 00:06/00:03, 
2026-08-20 08:54:57,853   INFO  eval: epoch=48, batch_iter=60/79, batch_size=8, iter_cost=0.12s, time_cost: 00:07/00:02, 
2026-08-20 08:54:58,824   INFO  eval: epoch=48, batch_iter=70/79, batch_size=8, iter_cost=0.11s, time_cost: 00:08/00:01, 
2026-08-20 08:54:59,519   INFO  eval: epoch=48, batch_iter=78/79, batch_size=1, iter_cost=0.11s, time_cost: 00:08/00:00, 
eval:   0%|                                                                                                                                                                                               | 0/79 [00:08<?, ?it/s]
2026-08-20 08:54:59,606   INFO  Total number of samples before merging from multiple GPUs: 625
2026-08-20 08:55:00,065   INFO  Total number of samples after merging from multiple GPUs (removing duplicate): 5000
2026-08-20 08:55:00,069   INFO  *************** Performance of EPOCH 48 *****************
2026-08-20 08:55:00,069   INFO  Generate label finished(sec_per_example: 0.0019 second).
Total number for evaluation (intput): 5000
Total number for evaluation (after processed): 22520
Total number for evaluation (intput): 5000
Total number for evaluation (after processed): 22520
Total number for evaluation (intput): 5000
Total number for evaluation (after processed): 22520
2026-08-20 08:55:06,256   INFO  
========== Evaluation @ 3s ==========
minADE - VEHICLE: 0.3918 
minADE - PEDESTRIAN: 0.1962 
minADE - CYCLIST: 0.4011 
minFDE - VEHICLE: 0.7231 
minFDE - PEDESTRIAN: 0.3666 
minFDE - CYCLIST: 0.7289 
MissRate - VEHICLE: 0.1604 
MissRate - PEDESTRIAN: 0.0883 
MissRate - CYCLIST: 0.2442 
OverlapRate - VEHICLE: 0.0086 
OverlapRate - PEDESTRIAN: 0.0644 
OverlapRate - CYCLIST: 0.0246 
mAP - VEHICLE: 0.3274 
mAP - PEDESTRIAN: 0.5088 
mAP - CYCLIST: 0.4417 
minADE: 0.3297 
minFDE: 0.6062 
MissRate: 0.1643 
mAP: 0.4260 
       Waymo          mAP       minADE       minFDE     MissRate            
      VEHICLE      0.3274,      0.3918,      0.7231,      0.1604,            
   PEDESTRIAN      0.5088,      0.1962,      0.3666,      0.0883,            
      CYCLIST      0.4417,      0.4011,      0.7289,      0.2442,            
          Avg      0.4260,      0.3297,      0.6062,      0.1643,            
========== Evaluation @ 5s ==========
minADE - VEHICLE: 0.5903 
minADE - PEDESTRIAN: 0.2869 
minADE - CYCLIST: 0.5752 
minFDE - VEHICLE: 1.1451 
minFDE - PEDESTRIAN: 0.5637 
minFDE - CYCLIST: 1.1168 
MissRate - VEHICLE: 0.1813 
MissRate - PEDESTRIAN: 0.0950 
MissRate - CYCLIST: 0.2443 
OverlapRate - VEHICLE: 0.0167 
OverlapRate - PEDESTRIAN: 0.0717 
OverlapRate - CYCLIST: 0.0384 
mAP - VEHICLE: 0.3372 
mAP - PEDESTRIAN: 0.5513 
mAP - CYCLIST: 0.2693 
minADE: 0.4841 
minFDE: 0.9418 
MissRate: 0.1735 
mAP: 0.3859 
       Waymo          mAP       minADE       minFDE     MissRate            
      VEHICLE      0.3372,      0.5903,      1.1451,      0.1813,            
   PEDESTRIAN      0.5513,      0.2869,      0.5637,      0.0950,            
      CYCLIST      0.2693,      0.5752,      1.1168,      0.2443,            
          Avg      0.3859,      0.4841,      0.9418,      0.1735,            
========== Evaluation @ 8s ==========
minADE - VEHICLE: 0.8826 
minADE - PEDESTRIAN: 0.4134 
minADE - CYCLIST: 0.8249 
minFDE - VEHICLE: 1.8127 
minFDE - PEDESTRIAN: 0.8606 
minFDE - CYCLIST: 1.6796 
MissRate - VEHICLE: 0.2088 
MissRate - PEDESTRIAN: 0.1081 
MissRate - CYCLIST: 0.2519 
OverlapRate - VEHICLE: 0.0300 
OverlapRate - PEDESTRIAN: 0.0791 
OverlapRate - CYCLIST: 0.0521 
mAP - VEHICLE: 0.3481 
mAP - PEDESTRIAN: 0.3660 
mAP - CYCLIST: 0.2940 
minADE: 0.7069 
minFDE: 1.4510 
MissRate: 0.1896 
mAP: 0.3360 
       Waymo          mAP       minADE       minFDE     MissRate            
      VEHICLE      0.3481,      0.8826,      1.8127,      0.2088,            
   PEDESTRIAN      0.3660,      0.4134,      0.8606,      0.1081,            
      CYCLIST      0.2940,      0.8249,      1.6796,      0.2519,            
          Avg      0.3360,      0.7069,      1.4510,      0.1896,            
2026-08-20 08:55:06,257   INFO  Result is save to /root/wanqinghua/MTR/output/waymo/mtr_voyah_data/mtr_with_qcnet_v2/eval/eval_with_train
2026-08-20 08:55:06,258   INFO  ****************Evaluation done.*****************
2026-08-20 08:55:07,313   INFO  Save best model to /root/wanqinghua/MTR/output/waymo/mtr_voyah_data/mtr_with_qcnet_v2/ckpt/best_model
2026-08-20 08:55:08,946   INFO  Save EMA best model to /root/wanqinghua/MTR/output/waymo/mtr_voyah_data/mtr_with_qcnet_v2/ckpt/best_model_ema
epochs:  96%|█████████████████████████████████████████████████████████████████████████████████████████████████████████████████████████████████████████████████████████████████████████▉       | 48/50 [3:26:26<08:51, 265.53s/it]
2026-08-20 08:55:10,472   INFO  epoch: 48/50, acc_iter=25873, cur_iter=0/539, batch_size=8, iter_cost=1.03s, time_cost(epoch): 00:01/09:15, time_cost(all): 3:26:27/18:30, ade_TYPE_VEHICLE_layer_5=0.556, ade_TYPE_PEDESTRIAN_layer_5=0.252, ade_TYPE_CYCLIST_layer_5=0.709, loss=47.463, lr=1.25e-05
2026-08-20 08:55:22,641   INFO  epoch: 48/50, acc_iter=25900, cur_iter=27/539, batch_size=8, iter_cost=0.47s, time_cost(epoch): 00:13/04:01, time_cost(all): 3:26:39/08:15, ade_TYPE_VEHICLE_layer_5=0.538, ade_TYPE_PEDESTRIAN_layer_5=-0.000, ade_TYPE_CYCLIST_layer_5=0.360, loss=36.160, lr=1.25e-05
2026-08-20 08:55:46,213   INFO  epoch: 48/50, acc_iter=25950, cur_iter=77/539, batch_size=8, iter_cost=0.47s, time_cost(epoch): 00:36/03:37, time_cost(all): 3:27:03/07:51, ade_TYPE_VEHICLE_layer_5=0.595, ade_TYPE_PEDESTRIAN_layer_5=0.152, ade_TYPE_CYCLIST_layer_5=0.519, loss=72.348, lr=1.25e-05
2026-08-20 08:56:08,843   INFO  epoch: 48/50, acc_iter=26000, cur_iter=127/539, batch_size=8, iter_cost=0.46s, time_cost(epoch): 00:59/03:11, time_cost(all): 3:27:26/07:21, ade_TYPE_VEHICLE_layer_5=0.502, ade_TYPE_PEDESTRIAN_layer_5=0.172, ade_TYPE_CYCLIST_layer_5=0.329, loss=30.635, lr=1.25e-05
2026-08-20 08:56:31,590   INFO  epoch: 48/50, acc_iter=26050, cur_iter=177/539, batch_size=8, iter_cost=0.46s, time_cost(epoch): 01:22/02:47, time_cost(all): 3:27:48/06:55, ade_TYPE_VEHICLE_layer_5=0.593, ade_TYPE_PEDESTRIAN_layer_5=0.157, ade_TYPE_CYCLIST_layer_5=-0.000, loss=112.412, lr=1.25e-05
2026-08-20 08:56:54,107   INFO  epoch: 48/50, acc_iter=26100, cur_iter=227/539, batch_size=8, iter_cost=0.46s, time_cost(epoch): 01:44/02:23, time_cost(all): 3:28:11/06:30, ade_TYPE_VEHICLE_layer_5=0.675, ade_TYPE_PEDESTRIAN_layer_5=0.403, ade_TYPE_CYCLIST_layer_5=-0.000, loss=56.418, lr=1.25e-05
2026-08-20 08:57:16,530   INFO  epoch: 48/50, acc_iter=26150, cur_iter=277/539, batch_size=8, iter_cost=0.46s, time_cost(epoch): 02:07/01:59, time_cost(all): 3:28:33/06:06, ade_TYPE_VEHICLE_layer_5=0.581, ade_TYPE_PEDESTRIAN_layer_5=0.154, ade_TYPE_CYCLIST_layer_5=0.338, loss=44.343, lr=1.25e-05
2026-08-20 08:57:39,235   INFO  epoch: 48/50, acc_iter=26200, cur_iter=327/539, batch_size=8, iter_cost=0.46s, time_cost(epoch): 02:29/01:36, time_cost(all): 3:28:56/05:42, ade_TYPE_VEHICLE_layer_5=0.591, ade_TYPE_PEDESTRIAN_layer_5=0.110, ade_TYPE_CYCLIST_layer_5=0.409, loss=-8.499, lr=1.25e-05
2026-08-20 08:58:01,986   INFO  epoch: 48/50, acc_iter=26250, cur_iter=377/539, batch_size=8, iter_cost=0.46s, time_cost(epoch): 02:52/01:13, time_cost(all): 3:29:19/05:19, ade_TYPE_VEHICLE_layer_5=0.539, ade_TYPE_PEDESTRIAN_layer_5=0.247, ade_TYPE_CYCLIST_layer_5=0.370, loss=-25.983, lr=1.25e-05
2026-08-20 08:58:24,887   INFO  epoch: 48/50, acc_iter=26300, cur_iter=427/539, batch_size=8, iter_cost=0.46s, time_cost(epoch): 03:15/00:51, time_cost(all): 3:29:42/04:57, ade_TYPE_VEHICLE_layer_5=0.522, ade_TYPE_PEDESTRIAN_layer_5=0.180, ade_TYPE_CYCLIST_layer_5=0.364, loss=46.594, lr=1.25e-05
2026-08-20 08:58:47,726   INFO  epoch: 48/50, acc_iter=26350, cur_iter=477/539, batch_size=8, iter_cost=0.46s, time_cost(epoch): 03:38/00:28, time_cost(all): 3:30:04/04:34, ade_TYPE_VEHICLE_layer_5=0.604, ade_TYPE_PEDESTRIAN_layer_5=0.255, ade_TYPE_CYCLIST_layer_5=-0.000, loss=51.434, lr=1.25e-05
2026-08-20 08:59:10,359   INFO  epoch: 48/50, acc_iter=26400, cur_iter=527/539, batch_size=8, iter_cost=0.46s, time_cost(epoch): 04:00/00:05, time_cost(all): 3:30:27/04:11, ade_TYPE_VEHICLE_layer_5=0.636, ade_TYPE_PEDESTRIAN_layer_5=0.177, ade_TYPE_CYCLIST_layer_5=-0.000, loss=45.782, lr=1.25e-05
2026-08-20 08:59:14,978   INFO  epoch: 48/50, acc_iter=26411, cur_iter=538/539, batch_size=4, iter_cost=0.46s, time_cost(epoch): 04:05/00:00, time_cost(all): 3:30:32/04:05, ade_TYPE_VEHICLE_layer_5=0.694, ade_TYPE_PEDESTRIAN_layer_5=0.132, ade_TYPE_CYCLIST_layer_5=-0.000, loss=86.970, lr=6.25e-06
2026-08-20 08:59:16,500   INFO  ==> Eval with EMA weights (epoch 49)
2026-08-20 08:59:16,620   INFO  *************** EPOCH 49 EVALUATION *****************
2026-08-20 08:59:17,463   INFO  eval: epoch=49, batch_iter=0/79, batch_size=8, iter_cost=0.84s, time_cost: 00:00/01:06, 
2026-08-20 08:59:18,492   INFO  eval: epoch=49, batch_iter=10/79, batch_size=8, iter_cost=0.19s, time_cost: 00:01/00:12, 
2026-08-20 08:59:19,523   INFO  eval: epoch=49, batch_iter=20/79, batch_size=8, iter_cost=0.15s, time_cost: 00:02/00:08, 
2026-08-20 08:59:20,552   INFO  eval: epoch=49, batch_iter=30/79, batch_size=8, iter_cost=0.13s, time_cost: 00:03/00:06, 
2026-08-20 08:59:21,606   INFO  eval: epoch=49, batch_iter=40/79, batch_size=8, iter_cost=0.12s, time_cost: 00:04/00:04, 
2026-08-20 08:59:22,624   INFO  eval: epoch=49, batch_iter=50/79, batch_size=8, iter_cost=0.12s, time_cost: 00:06/00:03, 
2026-08-20 08:59:23,658   INFO  eval: epoch=49, batch_iter=60/79, batch_size=8, iter_cost=0.12s, time_cost: 00:07/00:02, 
2026-08-20 08:59:24,628   INFO  eval: epoch=49, batch_iter=70/79, batch_size=8, iter_cost=0.11s, time_cost: 00:08/00:01, 
2026-08-20 08:59:25,327   INFO  eval: epoch=49, batch_iter=78/79, batch_size=1, iter_cost=0.11s, time_cost: 00:08/00:00, 
eval:   0%|                                                                                                                                                                                               | 0/79 [00:08<?, ?it/s]
2026-08-20 08:59:25,412   INFO  Total number of samples before merging from multiple GPUs: 625
2026-08-20 08:59:26,013   INFO  Total number of samples after merging from multiple GPUs (removing duplicate): 5000
2026-08-20 08:59:26,017   INFO  *************** Performance of EPOCH 49 *****************
2026-08-20 08:59:26,018   INFO  Generate label finished(sec_per_example: 0.0019 second).
Total number for evaluation (intput): 5000
Total number for evaluation (after processed): 22520
Total number for evaluation (intput): 5000
Total number for evaluation (after processed): 22520
Total number for evaluation (intput): 5000
Total number for evaluation (after processed): 22520
2026-08-20 08:59:32,287   INFO  
========== Evaluation @ 3s ==========
minADE - VEHICLE: 0.3918 
minADE - PEDESTRIAN: 0.1996 
minADE - CYCLIST: 0.4130 
minFDE - VEHICLE: 0.7243 
minFDE - PEDESTRIAN: 0.3743 
minFDE - CYCLIST: 0.7541 
MissRate - VEHICLE: 0.1588 
MissRate - PEDESTRIAN: 0.0901 
MissRate - CYCLIST: 0.2573 
OverlapRate - VEHICLE: 0.0090 
OverlapRate - PEDESTRIAN: 0.0666 
OverlapRate - CYCLIST: 0.0246 
mAP - VEHICLE: 0.3408 
mAP - PEDESTRIAN: 0.4895 
mAP - CYCLIST: 0.4258 
minADE: 0.3348 
minFDE: 0.6176 
MissRate: 0.1687 
mAP: 0.4187 
       Waymo          mAP       minADE       minFDE     MissRate            
      VEHICLE      0.3408,      0.3918,      0.7243,      0.1588,            
   PEDESTRIAN      0.4895,      0.1996,      0.3743,      0.0901,            
      CYCLIST      0.4258,      0.4130,      0.7541,      0.2573,            
          Avg      0.4187,      0.3348,      0.6176,      0.1687,            
========== Evaluation @ 5s ==========
minADE - VEHICLE: 0.5905 
minADE - PEDESTRIAN: 0.2911 
minADE - CYCLIST: 0.5938 
minFDE - VEHICLE: 1.1462 
minFDE - PEDESTRIAN: 0.5720 
minFDE - CYCLIST: 1.1501 
MissRate - VEHICLE: 0.1809 
MissRate - PEDESTRIAN: 0.0967 
MissRate - CYCLIST: 0.2575 
OverlapRate - VEHICLE: 0.0171 
OverlapRate - PEDESTRIAN: 0.0738 
OverlapRate - CYCLIST: 0.0369 
mAP - VEHICLE: 0.3456 
mAP - PEDESTRIAN: 0.5373 
mAP - CYCLIST: 0.2810 
minADE: 0.4918 
minFDE: 0.9561 
MissRate: 0.1784 
mAP: 0.3880 
       Waymo          mAP       minADE       minFDE     MissRate            
      VEHICLE      0.3456,      0.5905,      1.1462,      0.1809,            
   PEDESTRIAN      0.5373,      0.2911,      0.5720,      0.0967,            
      CYCLIST      0.2810,      0.5938,      1.1501,      0.2575,            
          Avg      0.3880,      0.4918,      0.9561,      0.1784,            
========== Evaluation @ 8s ==========
minADE - VEHICLE: 0.8824 
minADE - PEDESTRIAN: 0.4192 
minADE - CYCLIST: 0.8458 
minFDE - VEHICLE: 1.8092 
minFDE - PEDESTRIAN: 0.8728 
minFDE - CYCLIST: 1.7143 
MissRate - VEHICLE: 0.2075 
MissRate - PEDESTRIAN: 0.1069 
MissRate - CYCLIST: 0.2663 
OverlapRate - VEHICLE: 0.0304 
OverlapRate - PEDESTRIAN: 0.0809 
OverlapRate - CYCLIST: 0.0478 
mAP - VEHICLE: 0.3529 
mAP - PEDESTRIAN: 0.3525 
mAP - CYCLIST: 0.2799 
minADE: 0.7158 
minFDE: 1.4654 
MissRate: 0.1936 
mAP: 0.3284 
       Waymo          mAP       minADE       minFDE     MissRate            
      VEHICLE      0.3529,      0.8824,      1.8092,      0.2075,            
   PEDESTRIAN      0.3525,      0.4192,      0.8728,      0.1069,            
      CYCLIST      0.2799,      0.8458,      1.7143,      0.2663,            
          Avg      0.3284,      0.7158,      1.4654,      0.1936,            
2026-08-20 08:59:32,288   INFO  Result is save to /root/wanqinghua/MTR/output/waymo/mtr_voyah_data/mtr_with_qcnet_v2/eval/eval_with_train
2026-08-20 08:59:32,288   INFO  ****************Evaluation done.*****************
epochs:  98%|█████████████████████████████████████████████████████████████████████████████████████████████████████████████████████████████████████████████████████████████████████████████▍   | 49/50 [3:30:49<04:24, 264.89s/it]
2026-08-20 08:59:33,723   INFO  epoch: 49/50, acc_iter=26412, cur_iter=0/539, batch_size=8, iter_cost=0.89s, time_cost(epoch): 00:00/08:01, time_cost(all): 3:30:50/08:01, ade_TYPE_VEHICLE_layer_5=0.572, ade_TYPE_PEDESTRIAN_layer_5=-0.000, ade_TYPE_CYCLIST_layer_5=0.491, loss=65.123, lr=6.25e-06
2026-08-20 08:59:51,251   INFO  epoch: 49/50, acc_iter=26450, cur_iter=38/539, batch_size=8, iter_cost=0.47s, time_cost(epoch): 00:18/03:56, time_cost(all): 3:31:08/03:56, ade_TYPE_VEHICLE_layer_5=0.542, ade_TYPE_PEDESTRIAN_layer_5=0.141, ade_TYPE_CYCLIST_layer_5=0.342, loss=-0.963, lr=6.25e-06
2026-08-20 09:00:14,054   INFO  epoch: 49/50, acc_iter=26500, cur_iter=88/539, batch_size=8, iter_cost=0.46s, time_cost(epoch): 00:41/03:28, time_cost(all): 3:31:31/03:28, ade_TYPE_VEHICLE_layer_5=0.532, ade_TYPE_PEDESTRIAN_layer_5=0.252, ade_TYPE_CYCLIST_layer_5=-0.000, loss=46.888, lr=6.25e-06
2026-08-20 09:00:36,773   INFO  epoch: 49/50, acc_iter=26550, cur_iter=138/539, batch_size=8, iter_cost=0.46s, time_cost(epoch): 01:03/03:04, time_cost(all): 3:31:53/03:04, ade_TYPE_VEHICLE_layer_5=0.459, ade_TYPE_PEDESTRIAN_layer_5=0.148, ade_TYPE_CYCLIST_layer_5=0.396, loss=20.972, lr=6.25e-06
2026-08-20 09:00:59,750   INFO  epoch: 49/50, acc_iter=26600, cur_iter=188/539, batch_size=8, iter_cost=0.46s, time_cost(epoch): 01:26/02:41, time_cost(all): 3:32:16/02:41, ade_TYPE_VEHICLE_layer_5=0.558, ade_TYPE_PEDESTRIAN_layer_5=0.155, ade_TYPE_CYCLIST_layer_5=0.383, loss=-5.662, lr=6.25e-06
2026-08-20 09:01:22,976   INFO  epoch: 49/50, acc_iter=26650, cur_iter=238/539, batch_size=8, iter_cost=0.46s, time_cost(epoch): 01:50/02:18, time_cost(all): 3:32:40/02:18, ade_TYPE_VEHICLE_layer_5=0.578, ade_TYPE_PEDESTRIAN_layer_5=0.216, ade_TYPE_CYCLIST_layer_5=0.374, loss=-37.908, lr=6.25e-06
2026-08-20 09:01:45,722   INFO  epoch: 49/50, acc_iter=26700, cur_iter=288/539, batch_size=8, iter_cost=0.46s, time_cost(epoch): 02:12/01:55, time_cost(all): 3:33:02/01:55, ade_TYPE_VEHICLE_layer_5=0.500, ade_TYPE_PEDESTRIAN_layer_5=0.214, ade_TYPE_CYCLIST_layer_5=-0.000, loss=19.482, lr=6.25e-06
2026-08-20 09:02:08,077   INFO  epoch: 49/50, acc_iter=26750, cur_iter=338/539, batch_size=8, iter_cost=0.46s, time_cost(epoch): 02:35/01:32, time_cost(all): 3:33:25/01:32, ade_TYPE_VEHICLE_layer_5=0.640, ade_TYPE_PEDESTRIAN_layer_5=0.206, ade_TYPE_CYCLIST_layer_5=-0.000, loss=96.219, lr=6.25e-06
2026-08-20 09:02:31,174   INFO  epoch: 49/50, acc_iter=26800, cur_iter=388/539, batch_size=8, iter_cost=0.46s, time_cost(epoch): 02:58/01:09, time_cost(all): 3:33:48/01:09, ade_TYPE_VEHICLE_layer_5=0.535, ade_TYPE_PEDESTRIAN_layer_5=0.136, ade_TYPE_CYCLIST_layer_5=0.395, loss=34.666, lr=6.25e-06
2026-08-20 09:02:54,459   INFO  epoch: 49/50, acc_iter=26850, cur_iter=438/539, batch_size=8, iter_cost=0.46s, time_cost(epoch): 03:21/00:46, time_cost(all): 3:34:11/00:46, ade_TYPE_VEHICLE_layer_5=0.827, ade_TYPE_PEDESTRIAN_layer_5=0.174, ade_TYPE_CYCLIST_layer_5=-0.000, loss=142.071, lr=6.25e-06
2026-08-20 09:03:17,310   INFO  epoch: 49/50, acc_iter=26900, cur_iter=488/539, batch_size=8, iter_cost=0.46s, time_cost(epoch): 03:44/00:23, time_cost(all): 3:34:34/00:23, ade_TYPE_VEHICLE_layer_5=0.721, ade_TYPE_PEDESTRIAN_layer_5=0.196, ade_TYPE_CYCLIST_layer_5=0.350, loss=124.656, lr=6.25e-06
2026-08-20 09:03:39,851   INFO  epoch: 49/50, acc_iter=26950, cur_iter=538/539, batch_size=4, iter_cost=0.46s, time_cost(epoch): 04:07/00:00, time_cost(all): 3:34:57/00:00, ade_TYPE_VEHICLE_layer_5=0.654, ade_TYPE_PEDESTRIAN_layer_5=0.201, ade_TYPE_CYCLIST_layer_5=-0.000, loss=93.367, lr=6.25e-06
train:   0%|                                                                                                                                                                                             | 0/539 [04:07<?, ?it/s]
2026-08-20 09:03:41,394   INFO  ==> Eval with EMA weights (epoch 50)
2026-08-20 09:03:41,511   INFO  *************** EPOCH 50 EVALUATION *****************
2026-08-20 09:03:42,388   INFO  eval: epoch=50, batch_iter=0/79, batch_size=8, iter_cost=0.87s, time_cost: 00:00/01:09, 
2026-08-20 09:03:43,374   INFO  eval: epoch=50, batch_iter=10/79, batch_size=8, iter_cost=0.19s, time_cost: 00:01/00:12, 
2026-08-20 09:03:44,385   INFO  eval: epoch=50, batch_iter=20/79, batch_size=8, iter_cost=0.14s, time_cost: 00:02/00:08, 
2026-08-20 09:03:45,412   INFO  eval: epoch=50, batch_iter=30/79, batch_size=8, iter_cost=0.13s, time_cost: 00:03/00:06, 
2026-08-20 09:03:46,473   INFO  eval: epoch=50, batch_iter=40/79, batch_size=8, iter_cost=0.12s, time_cost: 00:04/00:04, 
2026-08-20 09:03:47,484   INFO  eval: epoch=50, batch_iter=50/79, batch_size=8, iter_cost=0.12s, time_cost: 00:05/00:03, 
2026-08-20 09:03:48,509   INFO  eval: epoch=50, batch_iter=60/79, batch_size=8, iter_cost=0.12s, time_cost: 00:06/00:02, 
2026-08-20 09:03:49,482   INFO  eval: epoch=50, batch_iter=70/79, batch_size=8, iter_cost=0.11s, time_cost: 00:07/00:01, 
2026-08-20 09:03:50,177   INFO  eval: epoch=50, batch_iter=78/79, batch_size=1, iter_cost=0.11s, time_cost: 00:08/00:00, 
eval:   0%|                                                                                                                                                                                               | 0/79 [00:08<?, ?it/s]
2026-08-20 09:03:50,260   INFO  Total number of samples before merging from multiple GPUs: 625
2026-08-20 09:03:50,754   INFO  Total number of samples after merging from multiple GPUs (removing duplicate): 5000
2026-08-20 09:03:50,758   INFO  *************** Performance of EPOCH 50 *****************
2026-08-20 09:03:50,758   INFO  Generate label finished(sec_per_example: 0.0018 second).
Total number for evaluation (intput): 5000
Total number for evaluation (after processed): 22520
Total number for evaluation (intput): 5000
Total number for evaluation (after processed): 22520
Total number for evaluation (intput): 5000
Total number for evaluation (after processed): 22520
2026-08-20 09:03:56,909   INFO  
========== Evaluation @ 3s ==========
minADE - VEHICLE: 0.3947 
minADE - PEDESTRIAN: 0.1981 
minADE - CYCLIST: 0.4087 
minFDE - VEHICLE: 0.7293 
minFDE - PEDESTRIAN: 0.3706 
minFDE - CYCLIST: 0.7482 
MissRate - VEHICLE: 0.1600 
MissRate - PEDESTRIAN: 0.0922 
MissRate - CYCLIST: 0.2398 
OverlapRate - VEHICLE: 0.0083 
OverlapRate - PEDESTRIAN: 0.0657 
OverlapRate - CYCLIST: 0.0246 
mAP - VEHICLE: 0.3384 
mAP - PEDESTRIAN: 0.5302 
mAP - CYCLIST: 0.4355 
minADE: 0.3338 
minFDE: 0.6160 
MissRate: 0.1640 
mAP: 0.4347 
       Waymo          mAP       minADE       minFDE     MissRate            
      VEHICLE      0.3384,      0.3947,      0.7293,      0.1600,            
   PEDESTRIAN      0.5302,      0.1981,      0.3706,      0.0922,            
      CYCLIST      0.4355,      0.4087,      0.7482,      0.2398,            
          Avg      0.4347,      0.3338,      0.6160,      0.1640,            
========== Evaluation @ 5s ==========
minADE - VEHICLE: 0.5937 
minADE - PEDESTRIAN: 0.2893 
minADE - CYCLIST: 0.5859 
minFDE - VEHICLE: 1.1534 
minFDE - PEDESTRIAN: 0.5695 
minFDE - CYCLIST: 1.1342 
MissRate - VEHICLE: 0.1821 
MissRate - PEDESTRIAN: 0.1004 
MissRate - CYCLIST: 0.2495 
OverlapRate - VEHICLE: 0.0159 
OverlapRate - PEDESTRIAN: 0.0725 
OverlapRate - CYCLIST: 0.0362 
mAP - VEHICLE: 0.3429 
mAP - PEDESTRIAN: 0.5460 
mAP - CYCLIST: 0.2936 
minADE: 0.4896 
minFDE: 0.9524 
MissRate: 0.1774 
mAP: 0.3941 
       Waymo          mAP       minADE       minFDE     MissRate            
      VEHICLE      0.3429,      0.5937,      1.1534,      0.1821,            
   PEDESTRIAN      0.5460,      0.2893,      0.5695,      0.1004,            
      CYCLIST      0.2936,      0.5859,      1.1342,      0.2495,            
          Avg      0.3941,      0.4896,      0.9524,      0.1774,            
========== Evaluation @ 8s ==========
minADE - VEHICLE: 0.8868 
minADE - PEDESTRIAN: 0.4177 
minADE - CYCLIST: 0.8349 
minFDE - VEHICLE: 1.8178 
minFDE - PEDESTRIAN: 0.8681 
minFDE - CYCLIST: 1.6997 
MissRate - VEHICLE: 0.2081 
MissRate - PEDESTRIAN: 0.1114 
MissRate - CYCLIST: 0.2535 
OverlapRate - VEHICLE: 0.0289 
OverlapRate - PEDESTRIAN: 0.0795 
OverlapRate - CYCLIST: 0.0478 
mAP - VEHICLE: 0.3525 
mAP - PEDESTRIAN: 0.3542 
mAP - CYCLIST: 0.2861 
minADE: 0.7131 
minFDE: 1.4619 
MissRate: 0.1910 
mAP: 0.3309 
       Waymo          mAP       minADE       minFDE     MissRate            
      VEHICLE      0.3525,      0.8868,      1.8178,      0.2081,            
   PEDESTRIAN      0.3542,      0.4177,      0.8681,      0.1114,            
      CYCLIST      0.2861,      0.8349,      1.6997,      0.2535,            
          Avg      0.3309,      0.7131,      1.4619,      0.1910,            
2026-08-20 09:03:56,910   INFO  Result is save to /root/wanqinghua/MTR/output/waymo/mtr_voyah_data/mtr_with_qcnet_v2/eval/eval_with_train
2026-08-20 09:03:56,910   INFO  ****************Evaluation done.*****************
epochs: 100%|█████████████████████████████████████████████████████████████████████████████████████████████████████████████████████████████████████████████████████████████████████████████████| 50/50 [3:35:14<00:00, 258.28s/it]
2026-08-20 09:03:56,982   INFO  **********************End training waymo/mtr_voyah_data(mtr_with_qcnet_v2)**********************
2026-08-20 09:03:56,982   INFO  **********************Start evaluation waymo/mtr_voyah_data(mtr_with_qcnet_v2)**********************
2026-08-20 09:03:56,983   INFO  Start to load infos from /root/wanqinghua/MTR/../data/processed_scenarios_val_infos.pkl
2026-08-20 09:03:57,312   INFO  Total scenes before filters: 5000
2026-08-20 09:03:57,381   INFO  Total scenes after filter_info_by_object_type: 5000
2026-08-20 09:03:57,381   INFO  Total scenes after filters: 5000
swanlab: You have already initialized a run, the init function will be ignored
2026-08-20 09:03:57,386   INFO  ==> Loading parameters from checkpoint /root/wanqinghua/MTR/output/waymo/mtr_voyah_data/mtr_with_qcnet_v2/ckpt/checkpoint_epoch_50.pth to CPU
2026-08-20 09:03:57,653   INFO  ==> Checkpoint trained from version: none
2026-08-20 09:03:57,653   INFO  The number of disk ckpt keys: 842
2026-08-20 09:03:57,716   INFO  Missing keys: []
2026-08-20 09:03:57,716   INFO  The number of missing keys: 0
2026-08-20 09:03:57,716   INFO  The number of unexpected keys: 0
2026-08-20 09:03:57,716   INFO  ==> Done (total keys 842)
2026-08-20 09:03:57,720   INFO  *************** LOAD MODEL (epoch=50, iter=26950) for EVALUATION *****************
2026-08-20 09:03:57,729   INFO  *************** EPOCH 50 EVALUATION *****************
eval:   0%|                                                                                                                                                                                               | 0/79 [00:00<?, ?it/s]2026-08-20 09:03:58,609   INFO  eval: epoch=50, batch_iter=0/79, batch_size=8, iter_cost=0.86s, time_cost: 00:00/01:07, 
2026-08-20 09:04:03,497   INFO  eval: epoch=50, batch_iter=50/79, batch_size=8, iter_cost=0.11s, time_cost: 00:05/00:03, 
2026-08-20 09:04:06,068   INFO  eval: epoch=50, batch_iter=78/79, batch_size=1, iter_cost=0.11s, time_cost: 00:08/00:00, 
eval:   0%|                                                                                                                                                                                               | 0/79 [00:08<?, ?it/s]
2026-08-20 09:04:06,159   INFO  Total number of samples before merging from multiple GPUs: 625
2026-08-20 09:04:06,579   INFO  Total number of samples after merging from multiple GPUs (removing duplicate): 5000
2026-08-20 09:04:06,582   INFO  *************** Performance of EPOCH 50 *****************
2026-08-20 09:04:06,583   INFO  Generate label finished(sec_per_example: 0.0018 second).
Total number for evaluation (intput): 5000
Total number for evaluation (after processed): 22520
Total number for evaluation (intput): 5000
Total number for evaluation (after processed): 22520
Total number for evaluation (intput): 5000
Total number for evaluation (after processed): 22520
2026-08-20 09:04:12,488   INFO  
========== Evaluation @ 3s ==========
minADE - VEHICLE: 0.3921 
minADE - PEDESTRIAN: 0.1989 
minADE - CYCLIST: 0.4118 
minFDE - VEHICLE: 0.7268 
minFDE - PEDESTRIAN: 0.3717 
minFDE - CYCLIST: 0.7552 
MissRate - VEHICLE: 0.1603 
MissRate - PEDESTRIAN: 0.0944 
MissRate - CYCLIST: 0.2442 
OverlapRate - VEHICLE: 0.0092 
OverlapRate - PEDESTRIAN: 0.0657 
OverlapRate - CYCLIST: 0.0232 
mAP - VEHICLE: 0.3370 
mAP - PEDESTRIAN: 0.5372 
mAP - CYCLIST: 0.4443 
minADE: 0.3342 
minFDE: 0.6179 
MissRate: 0.1663 
mAP: 0.4395 
       Waymo          mAP       minADE       minFDE     MissRate            
      VEHICLE      0.3370,      0.3921,      0.7268,      0.1603,            
   PEDESTRIAN      0.5372,      0.1989,      0.3717,      0.0944,            
      CYCLIST      0.4443,      0.4118,      0.7552,      0.2442,            
          Avg      0.4395,      0.3342,      0.6179,      0.1663,            
========== Evaluation @ 5s ==========
minADE - VEHICLE: 0.5919 
minADE - PEDESTRIAN: 0.2902 
minADE - CYCLIST: 0.5929 
minFDE - VEHICLE: 1.1522 
minFDE - PEDESTRIAN: 0.5706 
minFDE - CYCLIST: 1.1517 
MissRate - VEHICLE: 0.1816 
MissRate - PEDESTRIAN: 0.1015 
MissRate - CYCLIST: 0.2524 
OverlapRate - VEHICLE: 0.0170 
OverlapRate - PEDESTRIAN: 0.0730 
OverlapRate - CYCLIST: 0.0355 
mAP - VEHICLE: 0.3421 
mAP - PEDESTRIAN: 0.5467 
mAP - CYCLIST: 0.3071 
minADE: 0.4917 
minFDE: 0.9582 
MissRate: 0.1785 
mAP: 0.3986 
       Waymo          mAP       minADE       minFDE     MissRate            
      VEHICLE      0.3421,      0.5919,      1.1522,      0.1816,            
   PEDESTRIAN      0.5467,      0.2902,      0.5706,      0.1015,            
      CYCLIST      0.3071,      0.5929,      1.1517,      0.2524,            
          Avg      0.3986,      0.4917,      0.9582,      0.1785,            
========== Evaluation @ 8s ==========
minADE - VEHICLE: 0.8859 
minADE - PEDESTRIAN: 0.4178 
minADE - CYCLIST: 0.8445 
minFDE - VEHICLE: 1.8186 
minFDE - PEDESTRIAN: 0.8694 
minFDE - CYCLIST: 1.7189 
MissRate - VEHICLE: 0.2080 
MissRate - PEDESTRIAN: 0.1123 
MissRate - CYCLIST: 0.2586 
OverlapRate - VEHICLE: 0.0303 
OverlapRate - PEDESTRIAN: 0.0799 
OverlapRate - CYCLIST: 0.0478 
mAP - VEHICLE: 0.3507 
mAP - PEDESTRIAN: 0.3554 
mAP - CYCLIST: 0.2823 
minADE: 0.7161 
minFDE: 1.4690 
MissRate: 0.1930 
mAP: 0.3294 
       Waymo          mAP       minADE       minFDE     MissRate            
      VEHICLE      0.3507,      0.8859,      1.8186,      0.2080,            
   PEDESTRIAN      0.3554,      0.4178,      0.8694,      0.1123,            
      CYCLIST      0.2823,      0.8445,      1.7189,      0.2586,            
          Avg      0.3294,      0.7161,      1.4690,      0.1930,            
2026-08-20 09:04:12,490   INFO  Result is save to /root/wanqinghua/MTR/output/waymo/mtr_voyah_data/mtr_with_qcnet_v2/eval/eval_with_train/epoch_50
2026-08-20 09:04:12,490   INFO  ****************Evaluation done.*****************
2026-08-20 09:04:12,543   INFO  Epoch 50 has been evaluated
2026-08-20 09:04:12,544   INFO  All checkpoints have been evaluated. Exiting repeat_eval_ckpt.
swanlab: 🏠 View project at https://swanlab.cn/@alva_wan/MTR
swanlab: 🚀 View run at https://swanlab.cn/@alva_wan/MTR/runs/qonmvsyf8w6oz1de7ubgt
